{
  "sites": [
     {
      "key": "drpy_js_豆瓣",
      "name": "接口已停止使用,进Q群【711431066】获取接口",
      "type": 3,
      "api": "https://jihulab.com/yydfys/yydf/-/raw/main/yydf/lib/drpy2.min.js",
      "ext": "https://jihulab.com/yydfys/yydf/-/raw/main/yydf/lib/douban.js"
    },
    {
      "key": "push_agent",
      "name": "📽推送",
      "type": 3,
      "api": "csp_PushAgent",
      "playerType": 1,
      "searchable": 1,
      "quickSearch": 1,
      "filterable": 0,
      "jar": "http://tv.nxog.top/m/jar.php?id=ou;md5;d437c6e042174f181efd9649a1a33f48",
      "ext": "http://127.0.0.1:9978/file/tvbox/tok.txt"
    }
  ],
  "lives": [
        {
          "name": "直播",
          "type": 0,
          "playerType": 1,
          "url": "https://panshangui.cc/f/nx53h2/%E6%98%A5%E7%9B%88%E5%A4%A9%E4%B8%8Bds.json",
          //"url": "clan://XYQTVBox/live.txt",
          //"epg": "http://epg.51zmt.top:8000/api/diyp/?ch={name}&date={date}",
          "epg": "https://epg.112114.xyz/?ch={name}&date={date}",     
          //"logo": "http://epg.51zmt.top:8000/api/diyp/logo/{name}.png"
          "logo": "https://epg.112114.xyz/logo/{name}.png"
        },
        {
            "group": "redirect",
            "channels": [
                {
                    "name": "live",
                    "epg": "https://epg.112114.xyz/?ch={name}&date={date}",
                    //"urls": ["proxy://do=live&type=txt&ext=aHR0cDovLzl4aTRvLnRrL09uZUNsaWNrUnVuL2xpdmUudHh0"]
                    //"urls": ["proxy://do=live&type=txt&ext=https://agit.ai/Yoursmile7/TVBox/raw/branch/master/live.txt"]
                    //"urls": ["proxy://do=live&type=txt&ext=http://dlq.gmqd.com/upload/20220921115985878587.txt"]
                    "urls": ["proxy://do=live&type=txt&ext=http://home.jundie.top:81/ray/tvlive.txt"]
                }
            ]
        }
    ],
  "parses": [
    {
      "name": "解析聚合",
      "type": 3,
      "url": "Demo"
    },
    {
      "name": "Web聚合",
      "type": 3,
      "url": "Web"
    },
    {
      "name": "Json轮询",
      "type": 2,
      "url": "Sequence"
    },
    {
      "name": "Json并发",
      "type": 2,
      "url": "Parallel"
    },
    {
      "name": "json一",
      "type": 1,
      "url": "https://vip.mosangkeji.com:443/api/?key=q7mSY5L8ssbm1J3Eai&url="
    },
    {
      "name": "json二",
      "type": 1,
      "url": "https://api.tyun77.cn/api.php/provide/parseDicturl?url="
    },
    {
      "name": "解析一",
      "type": 1,
      "url": "https://jx.777jiexi.com/player/?url="
    },
    {
      "name": "解析二",
      "type": 1,
      "url": "https://jx.xmflv.com/?url="
    },
    {
      "name": "解析三",
      "type": 1,
      "url": "https://jx.bozrc.com:4433/player/?url="
    },
    {
      "name": "解析四",
      "type": 1,
      "url": "https://jx.777jiexi.com/player/?url="
    },
    {
      "name": "解析五",
      "type": 1,
      "url": "https://jx.777jiexi.com/player/?url=",
      "ext": {
        "flag": [
          "qq",
          "腾讯",
          "qiyi",
          "爱奇艺",
          "奇艺",
          "youku",
          "优酷",
          "sohu",
          "搜狐",
          "letv",
          "乐视",
          "mgtv",
          "芒果",
          "CL4K",
          "renrenmi",
          "ltnb",
          "bilibili",
          "1905",
          "xigua",
          "nongmin",
          "CL4K",
          "xfyun",
          "ffm3u8",
          "lzm3u8",
          "netease",
          "pgyer",
          "TD",
          "qzone",
          "FY",
          "ppayun",
          "Feiyun",
          "zhibo"
        ],
        "header": {
          "User-Agent": "Dalvik/2.1.0 (Linux; U; Android 10; PDHM00 Build/QKQ1.191222.002)"
        }
      }
    }
  ],
  "rules": [
    {
      "host": "*",
      "rule": [
        "default.365yg.com"
      ]
    },
    {
      "host": "dyxs20.com",
      "rule": [
        ".m3u8"
      ]
    },
    {
      "host": "www.agemys.cc",
      "rule": [
        "cdn-tos",
        "obj/tos-cn"
      ]
    },
    {
      "host": "www.sharenice.net",
      "rule": [
        "http.*?/play.{0,3}\\?[^url]{2,8}=.*"
      ]
    },
    {
      "host": "www.sharenice.net",
      "rule": [
        "qianpailive.com",
        "vid="
      ]
    },
    {
      "host": "*",
      "rule": [
        "douyin.com/aweme",
        "video_id="
      ]
    },
    {
      "host": "*",
      "rule": [
        "huoshan.com",
        "/item/video/"
      ]
    },
    {
      "host": "*",
      "rule": [
        "http((?!http).){12,}?\\.(m3u8|mp4|flv|avi|mkv|rm|wmv|mpg|m4a)\\?.*"
      ]
    },
    {
      "host": "*",
      "rule": [
        "http((?!http).){12,}\\.(m3u8|mp4|flv|avi|mkv|rm|wmv|mpg|m4a)"
      ]
    }
  ],
  "flags": [
    "youku",
    "优酷",
    "优 酷",
    "优酷视频",
    "qq",
    "腾讯",
    "腾 讯",
    "腾讯视频",
    "iqiyi",
    "qiyi",
    "奇艺",
    "爱奇艺",
    "爱 奇 艺",
    "m1905",
    "xigua",
    "letv",
    "leshi",
    "乐视",
    "乐 视",
    "sohu",
    "搜狐",
    "搜 狐",
    "搜狐视频",
    "tudou",
    "pptv",
    "mgtv",
    "芒果",
    "imgo",
    "芒果TV",
    "芒 果 T V",
    "bilibili",
    "哔 哩",
    "哔 哩 哔 哩",
    "FY",
    "fy",
    "FeiYun",
    "feiyun",
    "飞云"
  ],
  "ijk": [
    {
      "group": "软解码",
      "options": [
        {
          "category": 4,
          "name": "opensles",
          "value": "0"
        },
        {
          "category": 4,
          "name": "overlay-format",
          "value": "842225234"
        },
        {
          "category": 4,
          "name": "framedrop",
          "value": "1"
        },
        {
          "category": 4,
          "name": "soundtouch",
          "value": "1"
        },
        {
          "category": 4,
          "name": "start-on-prepared",
          "value": "1"
        },
        {
          "category": 1,
          "name": "http-detect-range-support",
          "value": "0"
        },
        {
          "category": 1,
          "name": "fflags",
          "value": "fastseek"
        },
        {
          "category": 2,
          "name": "skip_loop_filter",
          "value": "48"
        },
        {
          "category": 4,
          "name": "reconnect",
          "value": "1"
        },
        {
          "category": 4,
          "name": "max-buffer-size",
          "value": "5242880"
        },
        {
          "category": 4,
          "name": "enable-accurate-seek",
          "value": "0"
        },
        {
          "category": 4,
          "name": "mediacodec",
          "value": "0"
        },
        {
          "category": 4,
          "name": "mediacodec-auto-rotate",
          "value": "0"
        },
        {
          "category": 4,
          "name": "mediacodec-handle-resolution-change",
          "value": "0"
        },
        {
          "category": 4,
          "name": "mediacodec-hevc",
          "value": "0"
        },
        {
          "category": 1,
          "name": "dns_cache_timeout",
          "value": "600000000"
        }
      ]
    },
    {
      "group": "硬解码",
      "options": [
        {
          "category": 4,
          "name": "opensles",
          "value": "0"
        },
        {
          "category": 4,
          "name": "overlay-format",
          "value": "842225234"
        },
        {
          "category": 4,
          "name": "framedrop",
          "value": "1"
        },
        {
          "category": 4,
          "name": "soundtouch",
          "value": "1"
        },
        {
          "category": 4,
          "name": "start-on-prepared",
          "value": "1"
        },
        {
          "category": 1,
          "name": "http-detect-range-support",
          "value": "0"
        },
        {
          "category": 1,
          "name": "fflags",
          "value": "fastseek"
        },
        {
          "category": 2,
          "name": "skip_loop_filter",
          "value": "48"
        },
        {
          "category": 4,
          "name": "reconnect",
          "value": "1"
        },
        {
          "category": 4,
          "name": "max-buffer-size",
          "value": "5242880"
        },
        {
          "category": 4,
          "name": "enable-accurate-seek",
          "value": "0"
        },
        {
          "category": 4,
          "name": "mediacodec",
          "value": "1"
        },
        {
          "category": 4,
          "name": "mediacodec-auto-rotate",
          "value": "1"
        },
        {
          "category": 4,
          "name": "mediacodec-handle-resolution-change",
          "value": "1"
        },
        {
          "category": 4,
          "name": "mediacodec-hevc",
          "value": "1"
        },
        {
          "category": 1,
          "name": "dns_cache_timeout",
          "value": "600000000"
        }
      ]
    }
  ],
  "ads": [
    "wan.51img1.com",
    "iqiyi.hbuioo.com",
    "vip.ffzyad.com",
    "http://itvba.xyz/tv/jar/fty1020.jar"
  ],
  "wallpaper": "http://饭太硬.top/深色壁纸/api.php",
  "warningText": "大吉大利",
  "spider": "https://files.zohopublic.com.cn/public/workdrive-public/download/uyv0t678c488189af47bb91dc108484d17431;md5;364c0f012e73a8801a69900fc25ae9c1"
}