{
"spider":"http://530.my3v.work/tvbox/微风辅线/lib/Aoki.jar;md5;c253e1930a210fa5141e5418f1f90949",

	"lives": [{"name": "live", "type": 0, "url": "http://530.my3v.work/tvbox/微风辅线/lib/青木.txt", "epg": "http://epg.112114.eu.org/?ch={name}&date={date}", "logo": "https://epg.112114.xyz/bingimg/logo/{name}.png" }],


"wallpaper":"http://饭太硬.top/深色壁纸/api.php",

"sites":[

    {
      "key": "py_cctv",
      "name": "🦢┃青木整理┃综合",
      "type": 3,
      "api": "py_cctv",
      "searchable": 0,
      "quickSearch": 0,
      "filterable": 0,
      "ext": "http://530.my3v.work/tvbox/微风辅线/lib/py_cctv.py"
    },
    {"key": "直播转点播","name": "点播","type": 3,"api": "http://530.my3v.work/tvbox/微风辅线/lib/apiv67zbzdb.js","searchable": 1,"quickSearch": 0,"filterable": 0,"ext": "http://530.my3v.work/tvbox/微风辅线/lib/直播.txt"},
    {
      "key": "好趣网",
      "name": "频道",
      "type": 3,
      "api": "http://530.my3v.work/tvbox/微风辅线/lib/apiv91drpy2.min.js",
      "ext": "http://530.my3v.work/tvbox/微风辅线/lib/好趣网.js"
    },
    {
      "key": "吾爱经典",
      "name": "音乐 ",
      "type": 3,
      "api": "csp_Bili",
      "searchable": 0,
      "quickSearch": 0,
      "filterable": 1,
      "ext": "http://530.my3v.work/tvbox/微风辅线/lib/吾爱经典.json"
    },
    {
      "key": "腾讯资源",
      "name": "️腾讯",
      "type": 1,
      "api": "http://playersll.gaoxin155.com.cn/api.php/provide/vod/from/qq/?at/xml/",
      "categories": [
        "国产剧",
        "韩国剧",
        "香港剧",
        "台湾剧",
        "欧美剧",
        "动作片",
        "科幻片",
        "战争片",
        "奇幻片",
        "喜剧片",
        "爱情片",
        "恐怖片",
        "犯罪片",
        "悬疑片",
        "惊悚片",
        "剧情片",
        "冒险片",
        "记录片",
        "综艺",
        "动漫"
      ]
    },
    {
      "key": "优酷资源",
      "name": "️优酷",
      "type": 1,
      "api": "http://playersll.gaoxin155.com.cn/api.php/provide/vod/from/youku/?at/xml/",
      "categories": [
        "国产剧",
        "韩国剧",
        "香港剧",
        "台湾剧",
        "欧美剧",
        "动作片",
        "科幻片",
        "战争片",
        "奇幻片",
        "喜剧片",
        "爱情片",
        "恐怖片",
        "犯罪片",
        "悬疑片",
        "惊悚片",
        "剧情片",
        "冒险片",
        "记录片",
        "综艺",
        "动漫"
      ]
    },
    {
      "key": "爱奇艺资源",
      "name": "️爱奇艺",
      "type": 1,
      "api": "http://playersll.gaoxin155.com.cn/api.php/provide/vod/from/qiyi/?at/xml/",
      "categories": [
        "国产剧",
        "韩国剧",
        "香港剧",
        "台湾剧",
        "欧美剧",
        "动作片",
        "科幻片",
        "战争片",
        "奇幻片",
        "喜剧片",
        "爱情片",
        "恐怖片",
        "犯罪片",
        "悬疑片",
        "惊悚片",
        "剧情片",
        "冒险片",
        "记录片",
        "综艺",
        "动漫"
      ]
    },
   {
      "key": "csp_xml_新浪",
      "name": "新浪",
      "type": 1,
      "api": "https://api.xinlangapi.com/xinlangapi.php/provide//vod/",
      "searchable": 1,
      "quickSearch": 1,
      "filterable": 1,
      "playurl": "json:http://jx.84jia.com/m3u8ts.php?url=",
      "categories": [
        "动作片",
        "大陆剧",
        "喜剧片",
        "科幻片",
        "恐怖片",
        "爱情片",
        "剧情片",
        "战争片",
        "纪录片",
        "动漫电影",
        "欧美剧",
        "港澳剧",
        "韩剧",
        "台湾剧",
        "日剧",
        "海外剧",
        "泰剧",
        "体育",
        "国产动漫",
        "日韩动漫",
        "欧美动漫",
        "港台动漫",
        "海外动漫",
        "大陆综艺",
        "港台综艺",
        "日韩综艺",
        "欧美综艺"
      ]
    },
    {
      "key": "csp_xml_百度",
      "name": "百度",
      "type": 1,
      "api": "https://api.apibdzy.com/api.php/provide/vod/?ac=list",
      "searchable": 1,
      "quickSearch": 1,
      "filterable": 1,
      "playurl": "json:http://jx.84jia.com/m3u8ts.php?url=",
      "categories": [
        "动作片",
        "喜剧片",
        "科幻片",
        "恐怖片",
        "爱情片",
        "剧情片",
        "战争片",
        "纪录片",
        "动画电影",
        "大陆剧",
        "欧美剧",
        "犯罪片",
        "港澳剧",
        "韩剧",
        "泰剧",
        "台湾剧",
        "日剧",
        "海外剧",
        "其他片",
        "悬疑片",
        "奇幻片",
        "动画片",
        "体育赛事",
        "国产动漫",
        "日韩动漫",
        "欧美动漫",
        "港台动漫",
        "海外动漫",
        "大陆综艺",
        "港台综艺",
        "日韩综艺",
        "欧美综艺"
      ]
    },
    {
      "key": "搜狐资源",
      "name": "️搜狐",
      "type": 1,
      "api": "http://playersll.gaoxin155.com.cn/api.php/provide/vod/from/sohu/?at/xml/",
      "categories": [
        "国产剧",
        "韩国剧",
        "香港剧",
        "台湾剧",
        "欧美剧",
        "动作片",
        "科幻片",
        "战争片",
        "奇幻片",
        "喜剧片",
        "爱情片",
        "恐怖片",
        "犯罪片",
        "悬疑片",
        "惊悚片",
        "剧情片",
        "冒险片",
        "记录片",
        "综艺",
        "动漫"
      ]
    },

    {
      "key": "芒果资源",
      "name": "️芒果",
      "type": 1,
      "api": "http://playersll.gaoxin155.com.cn/api.php/provide/vod/from/mgtv/?at/xml/",
      "categories": [
        "国产剧",
        "韩国剧",
        "香港剧",
        "台湾剧",
        "欧美剧",
        "动作片",
        "科幻片",
        "战争片",
        "奇幻片",
        "喜剧片",
        "爱情片",
        "恐怖片",
        "犯罪片",
        "悬疑片",
        "惊悚片",
        "剧情片",
        "冒险片",
        "记录片",
        "综艺",
        "动漫"
      ]
    },
    {
      "key": "360_spider",
      "name": "360",
      "type": 3,
      "api": "csp_SP360",
      "filterable": 1,
      "quickSearch": 1,
      "searchable": 1
    },
 
    {
      "key": "新浪资源",
      "name": "新浪A",
      "type": 1,
      "api": "http://api.xinlangapi.com/xinlangapi.php/provide/vod/",
      "playUrl": "",
      "categories": [
        "大陆剧",
        "动作片",
        "动漫",
        "综艺"
      ]
    },
    {
      "key": "百度资源",
      "name": "百度A",
      "type": 1,
      "api": "https://api.apibdzy.com/api.php/provide/vod/",
      "categories": [
        "大陆剧",
        "战争片",
        "动作片",
        "喜剧片"
      ]
    },
    {
      "key": "sohu",
      "name": "搜狐A",
      "type": 1,
      "api": "https://tvbox-1-g5221611.deta.app/vod/sohu",
      "searchable": 1,
      "quickSearch": 1,
      "playUrl": "parse:超级7"
    },
    {
      "key": "996",
      "name": "996",
      "type": 3,
      "filterable": 1,
      "api": "csp_XBPQ",
      "ext": {
       "分类url": "https://www.cs1369.com/show/id/index.php/vod/show/area/{area}/id/{cateId}/page/{catePg}/year/{year}.html",
       "分类": "电影$1#电视剧$2#动漫$3#爽文短剧$4#动作片$6#喜剧片$7#爱情片$8#科幻片$9#恐怖片$10#剧情片$11#战争片$12#动画片$13#纪录片$14",
       "筛选": "1"}
    },
    {
      "key": "天天开心自营",
      "name": "开心",
      "type": 1,
      "api": "http://www.ttkx.site/api.php/provide/vod/",
      "playerType": 2,
      "searchable": 1,
      "quickSearch": 1,
      "filterable": 1,
      "categories": [
        "动作片",
        "战争片",
        "国产剧",
        "港台剧",
        "日韩剧",
        "欧美剧",
        "国产动漫",
        "日韩动漫",
        "港台动漫",
        "动画片",
        "短剧",
        "国产综艺",
        "喜剧片",
        "爱情片",
        "科幻片",
        "恐怖片",
        "剧情片",
        "灾难片",
        "悬疑片",
        "犯罪片",
        "奇幻片",
        "纪录片"
        ]
    },
    {
      "key": "索尼资源",
      "name": "索尼",
      "type": 1,
      "api": "https://suoniapi.com/api.php/provide/vod/from/snm3u8/",
      "searchable": 1,
      "quickSearch": 1,
      "filterable": 1,
      "playurl": "json:http://jx.84jia.com/m3u8ts.php?url=",
      "categories": [
        "动作片",
        "国产剧",
        "喜剧片",
        "爱情片",
        "科幻片",
        "恐怖片",
        "剧情片",
        "战争片",
        "欧美剧",
        "韩剧",
        "日剧",
        "港剧",
        "台剧",
        "泰剧",
        "海外剧",
        "纪录片",
        "大陆综艺",
        "日韩综艺",
        "港台综艺",
        "欧美综艺",
        "国产动漫",
        "日韩动漫",
        "欧美动漫",
        "动画片",
        "港台动漫",
        "海外动漫",
        "演唱会",
        "体育赛事",
        "篮球",
        "足球",
        "斯诺克"
      ]
    },
   {
      "key": "高清资源网",
      "name": "高清",
      "type": 1,
      "api": "https://api.1080zyku.com/inc/apijson.php",
      "searchable": 1,
      "quickSearch": 1,
      "filterable": 1,
      "playurl": "json:http://jx.84jia.com/m3u8ts.php?url=",
      "categories": [
        "动作片",
        "国产剧",
        "喜剧片",
        "爱情片",
        "科幻片",
        "恐怖片",
        "剧情片",
        "战争片",
        "记录片",
        "欧美剧",
        "日本剧",
        "泰国剧",
        "韩国剧",
        "台湾剧",
        "香港剧",
        "大陆综艺",
        "港台综艺",
        "日韩综艺",
        "欧美综艺",
        "国产动漫",
        "日韩动漫",
        "欧美动漫"
      ]
    },
   {
      "key": "cjzy_暴风资源",
      "name": "暴风",
      "type": 1,
      "api": "https://bfzyapi.com/api.php/provide/vod/?ac=list",
      "searchable": 1,
      "quickSearch": 1,
      "filterable": 1,
      "playurl": "json:http://jx.84jia.com/m3u8ts.php?url=",
      "categories": [
        "动作片",
        "国产剧",
        "科幻片",
        "喜剧片",
        "战争片",
        "国产动漫",
        "大陆综艺",
        "港台综艺",
        "香港剧",
        "台湾剧",
        "日本剧",
        "欧美剧",
        "泰国剧",
        "日本动漫",
        "日本综艺",
        "综艺频道"
      ]
    },
   {
      "key": "49zy",
      "name": "四九",
      "type": 1,
      "api": "https://49zyw.com/api.php/provide/vod/?ac=list",
      "searchable": 1,
      "quickSearch": 1,
      "filterable": 1,
      "changeable": 1,
      "categories": [
        "国产剧",
        "纪录片",
        "欧美剧",
        "香港剧",
        "动作片",
        "爱情片",
        "科幻片",
        "恐怖片",
        "剧情片",
        "战争片",
        "喜剧片",
        "动画片",
        "犯罪片",
        "韩国剧",
        "动漫",
        "电影",
        "大陆综艺",
        "港台综艺",
        "日韩综艺",
        "欧美综艺",
        "台湾剧",
        "国产动漫",
        "日本动漫",
        "欧美动漫",
        "泰国剧",
        "日剧",
        "电影解说",
        "奇幻片",
        "灾难片",
        "悬疑片",
        "其他片",
        "体育赛事",
        "海外剧"
      ]
    },
    {
      "key": "天空资源",
      "name": "天空",
      "type": 1,
      "api": "https://api.tiankongapi.com/api.php/provide/vod/",
      "playUrl": "",
      "categories": [
        "国产剧",
        "剧情片",
        "大陆综艺",
        "动作片"
      ]
    },
    {
      "key": "量子资源",
      "name": "量子",
      "type": 1,
      "api": "http://cj.lziapi.com/api.php/provide/vod/",
      "filterable": 0,
      "categories": [
        "国产剧",
        "国产动漫",
        "泰国剧",
        "台湾剧",
        "香港剧",
        "欧美剧",
        "韩国剧",
        "日本剧",
        "动漫",
        "体育",
        "剧情片",
        "动作片",
        "爱情片",
        "喜剧片"
      ]
    },
    {
      "key": "csp_非凡资源",
      "name": "非凡",
      "type": 1,
      "api": "http://cj.ffzyapi.com/api.php/provide/vod/",
      "categories": [
        "动作片",
        "喜剧片",
        "科幻片",
        "恐怖片",
        "爱情片",
        "剧情片",
        "战争片",
        "记录片",
        "国产剧",
        "欧美剧",
        "香港剧",
        "韩国剧",
        "台湾剧",
        "日本剧",
        "海外剧",
        "泰国剧",
        "国产动漫",
        "日韩动漫",
        "欧美动漫",
        "港台动漫",
        "海外动漫",
        "大陆综艺",
        "港台综艺",
        "日韩综艺",
        "欧美综艺"
      ]
    },

        {
      "key": "快车资源",
      "name": "快车",
      "type": 1,
      "api": "https://caiji.kczyapi.com/api.php/provide/vod/",
      "searchable": 1,
      "quickSearch": 1,
      "categories": [
        "国产剧",
        "战争片",
        "动作片",
        "香港剧"
      ]
    },
    {
      "key": "酷影",
      "name": "酷影",
      "type": 3,
      "api": "csp_AppYsV2",
      "searchable": 1,
      "quickSearch": 1,
      "filterable": 1,
      "ext": "https://www.gsjtlxy.top/xgapp.php/v3/"
    },
    {
      "key": "卧龙资源",
      "name": "卧龙",
      "type": 1,
      "api": "https://collect.wolongzyw.com/api.php/provide/vod/",
      "searchable": 1,
      "quickSearch": 1,
      "categories": [
        "国产剧",
        "香港剧",
        "恐怖片",
        "动作片"
      ]
    },
    {
      "key": "光速资源",
      "name": "光速",
      "type": 1,
      "api": "https://api.guangsuapi.com/api.php/provide/vod/",
      "searchable": 1,
      "quickSearch": 1,
      "categories": [
        "大陆剧",
        "港澳剧",
        "综艺",
        "动漫"
      ]
    },
    {
      "key": "闪电资源",
      "name": "闪电",
      "type": 1,
      "api": "http://sdzyapi.com/api.php/provide/vod/",
      "searchable": 1,
      "quickSearch": 1
    },
    {
      "key": "csp_xml_享看",
      "name": "享看",
      "type": 1,
      "searchable": 1,
      "quickSearch": 1,
      "filterable": 1,
      "api": "https://xkanzy10.com/api.php/provide/vod"
    },
        {
      "key": "app_轻简",
      "name": "轻简",
      "type": 1,
      "api": "http://1.ahailove.cn:23456/cj/api.php/provide/vod/",
      "categories": [
        "电影",
        "电视剧",
        "综艺",
        "动漫"
      ]
    },
       {"key": "骑骑","name": "骑骑","type": 3,"playerType": 2,"api": "csp_AppYsV2","searchable": 1,"quickSearch": 1,"filterable": 1,"ext": "https://www.gsjtlxy.top/xgapp.php/v3/"},
   {
      "key": "xgapp",
      "name": "西瓜",
      "type": 3,
      "playerType": 2,
      "api": "csp_AppYsV2",
      "searchable": 1,
      "quickSearch": 1,
      "filterable": 1,
      "ext": "https://www.gsjtlxy.top/xgapp.php/v3/"
    },
    {
      "key": "南瓜",
      "name": "南瓜",
      "type": 3,
      "jar": "http://530.my3v.work/tvbox/微风辅线/lib/fan.jar",
      "api": "csp_NanGua",
      "playerType": 1,
      "searchable": 1,
      "quickSearch": 1,
      "changeable": 1
    },

{"key":"ext_live_protocol","name":"接口免费，请勿上当受骗","type":3,"api":"csp_XPath","searchable":0,"quickSearch":0,"changeable":0},
{"key":"cc","name":"请勿相信视频中任何广告","type":3,"api":"csp_XPath","searchable": 0,"quickSearch": 0}
],

"parses":[
{"name": "聚合并发","type":3,"url":"Demo"},
{"name": "聚合嗅探","type":3,"url":"Web"},
{"name": "精准1","type": 0,"url": "https://jx.qqwtt.com/?url="},
{"name": "精准2","type": 0,"url": "https://jx.777jiexi.com/player/?url="},
{"name": "精准3","type": 0,"url":"https://jx.xmflv.com/?url="},
{"name": "精准4","type": 1,"url": "https://jx.m3u8.tv/jiexi/?url=" },
{"name": "精准5","type": 1,"url": "https://jx.xmflv.com/?url="  },
{"name": "精准6","type": 0,"url": "https://jx.777jiexi.com/player/?url="},
{"name": "精准7","type": 0,"url": "https://jx.xyflv.com/?url="},
{"name": "精准8","type": 1,"url": "http://110.42.2.247:880/analysis/json/?uid=2449&my=acfgikquvzFGJRW459&url=",
"ext": {"flag": ["qiyi", "爱奇艺", "奇艺", "youku", "优酷", "mgtv", "芒果", "letv", "乐视", "pptv", "PPTV", "sohu", "xigua","bilibili", "哔哩哔哩", "哔哩"],"header":{"User-Agent":"okhttp/4.1.0"}} }
],

"flags":["youku","qq","QQ","iqiyi","qiyi","letv","sohu","tudou","pptv","PPTV","mgtv","ltnb","rx","CL4K","xfyun","wuduzy","wasu","bilibili","renrenmi","xmm","xigua","m1905 ","funshion ","duoduozy","xinluan","ddzy","tgqp","tkqp","XRJX","优酷","芒果","腾讯","爱奇艺","奇艺","哔哩哔哩","哔哩"],

"ijk":[{"group":"软解码","options":[{"category":4,"name":"opensles","value":"0"},{"category":1,"name":"fflags","value":"fastseek"},{"category":4,"name":"framedrop","value":"1"},{"category":4,"name":"enable-accurate-seek","value":"0"},{"category":4,"name":"start-on-prepared","value":"1"},{"category":1,"name":"http-detect-range-support","value":"0"},{"category":4,"name":"mediacodec-handle-resolution-change","value":"0"},{"category":2,"name":"skip_loop_filter","value":"48"},{"category":4,"name":"reconnect","value":"1"},{"category":4,"name":"overlay-format","value":"842225234"},{"category":4,"name":"mediacodec","value":"0"},{"category":4,"name":"mediacodec-auto-rotate","value":"0"},{"category":4,"name":"soundtouch","value":"1"},{"category":4,"name":"mediacodec-hevc","value":"0"},{"category":1,"name":"dns_cache_timeout","value":"600000000"}]},{"group":"硬解码","options":[{"category":4,"name":"opensles","value":"0"},{"category":1,"name":"fflags","value":"fastseek"},{"category":4,"name":"framedrop","value":"1"},{"category":4,"name":"enable-accurate-seek","value":"0"},{"category":4,"name":"start-on-prepared","value":"1"},{"category":1,"name":"http-detect-range-support","value":"0"},{"category":4,"name":"mediacodec-handle-resolution-change","value":"1"},{"category":2,"name":"skip_loop_filter","value":"48"},{"category":4,"name":"reconnect","value":"1"},{"category":4,"name":"overlay-format","value":"842225234"},{"category":4,"name":"mediacodec","value":"1"},{"category":4,"name":"mediacodec-auto-rotate","value":"1"},{"category":4,"name":"soundtouch","value":"1"},{"category":4,"name":"mediacodec-hevc","value":"1"},{"category":1,"name":"dns_cache_timeout","value":"600000000"}]}],

"rules":[{"name":"米来","hosts":["zy.behds.cn"],"regex":["#EXTINF"]},{"name":"爱酷","hosts":["cdn.json.icu"],"regex":["#EXTINF:1.000000,[\\s\\S]*?#EXT-X-ENDLIST"]},{"name":"量子广告","hosts":["vip.lz","hd.lz"],"regex":["#EXT-X-DISCONTINUITY\\r*\\n*#EXTINF:6.433333,[\\s\\S]*?#EXT-X-DISCONTINUITY","#EXTINF.*?\\s+.*?1o.*?\\.ts\\s+"]},{"name":"非凡广告","hosts":["vip.ffzy","hd.ffzy"],"regex":["#EXT-X-DISCONTINUITY\\r*\\n*#EXTINF:6.666667,[\\s\\S]*?#EXT-X-DISCONTINUITY","#EXTINF.*?\\s+.*?1o.*?\\.ts\\s+"]},{"name":"火山嗅探","hosts":["huoshan.com"],"regex":["item_id="]},{"name":"抖音嗅探","hosts":["douyin.com"],"regex":["is_play_url="]}],

"ads":["mimg.0c1q0l.cn","www.googletagmanager.com","www.google-analytics.com","mc.usihnbcq.cn","mg.g1mm3d.cn","mscs.svaeuzh.cn","cnzz.hhttm.top","tp.vinuxhome.com","cnzz.mmstat.com","www.baihuillq.com","s23.cnzz.com","z3.cnzz.com","c.cnzz.com","stj.v1vo.top","z12.cnzz.com","img.mosflower.cn","tips.gamevvip.com","ehwe.yhdtns.com","xdn.cqqc3.com","www.jixunkyy.cn","sp.chemacid.cn","hm.baidu.com","s9.cnzz.com","z6.cnzz.com","um.cavuc.com","mav.mavuz.com","wofwk.aoidf3.com","z5.cnzz.com","xc.hubeijieshikj.cn","tj.tianwenhu.com","xg.gars57.cn","k.jinxiuzhilv.com","cdn.bootcss.com","ppl.xunzhuo123.com","xomk.jiangjunmh.top","img.xunzhuo123.com","z1.cnzz.com","s13.cnzz.com","xg.huataisangao.cn","z7.cnzz.com","xg.huataisangao.cn","z2.cnzz.com","s96.cnzz.com","q11.cnzz.com","thy.dacedsfa.cn","xg.whsbpw.cn","s19.cnzz.com","z8.cnzz.com","s4.cnzz.com","f5w.as12df.top","ae01.alicdn.com","www.92424.cn","k.wudejia.com","vivovip.mmszxc.top","qiu.xixiqiu.com","cdnjs.hnfenxun.com","cms.qdwght.com"]}