{
 "spider": "http://www.lyyytv.cn/yt/yt.jar;md5;fd6a2cf8f31c7112731c5f90dab94847",
  "wallpaper": "http://饭太硬.top/深色壁纸/api.php",
  "sites": [
   
   
   
    {"key": "csp_appys_影探","name": "❤影探使用说明","type": 3,"api": "csp_AppYsV2","searchable": 1,"quickSearch": 1,"filterable": 1,"ext": "http://lfcms.lyyytv.cn/api.php/app/"},     


  
  
     {
            "key": "演唱会",
            "name": "音乐鉴赏",
            "type": 3,
            "api": "csp_Bili",
            "searchable": 0,
            "quickSearch": 0,
            "ext": "http://www.lyyytv.cn/yt/bili/ych.json"
        },
    
  
  
     {
      "key": "YiSo",
      "name": "😹易搜┃4K",
      "type": 3,
      "api": "csp_YiSo",
      "searchable": 1,
      "quickSearch": 1,
      "filterable": 0,
      "changeable": 0,
      "ext": "http://127.0.0.1:9978/file/tvfan/token.txt+4k|fhd|auto"
    },
    {
      "key": "Zhaozy",
      "name": "找资源┃4K",
      "type": 3,
      "api": "csp_Zhaozy",
      "searchable": 1,
      "quickSearch": 1,
      "filterable": 0,
      "changeable": 0,
      "ext": "http://127.0.0.1:9978/file/tvfan/token.txt$$$tvfan$$$tvfan"
    },
    {
      "key": "PanSou",
      "name": "🦊盘搜┃4K",
      "type": 3,
      "api": "csp_PanSou",
      "searchable": 1,
      "quickSearch": 1,
      "filterable": 0,
      "changeable": 0,
      "ext": "http://127.0.0.1:9978/file/tvfan/token.txt+4k|fhd|auto"
    },
    {
      "key": "UpYun",
      "name": "😻Up搜┃4K",
      "type": 3,
      "api": "csp_UpYun",
      "searchable": 1,
      "quickSearch": 1,
      "filterable": 0,
      "changeable": 0,
      "ext": "http://127.0.0.1:9978/file/tvfan/token.txt+4k|fhd|auto"
    },
    
    {
      "key": "PanSearch",
      "name": "🙀飞龙┃4K",
      "type": 3,
      "api": "csp_PanSearch",
      "searchable": 1,
      "quickSearch": 1,
      "filterable": 0,
      "ext": "http://127.0.0.1:9978/file/tvfan/token.txt+4k|fhd|auto"
    },
    {
      "key": "七夜",
      "name": "😾七夜┃4K",
      "type": 3,
      "api": "csp_Dovx",
      "searchable": 1,
      "quickSearch": 1,
      "filterable": 0,
      "changeable": 0,
      "ext": "http://127.0.0.1:9978/file/tvfan/token.txt+4k|fhd|auto"
    },
  
 
   
    {
      "key": "csp_Dm84",
      "name": "🚌动漫┃巴士",
      "type": 3,
      "api": "csp_Dm84",
      "searchable": 1,
      "quickSearch": 1,
      "filterable": 1
    },
    {
      "key": "csp_Ying",
      "name": "💮樱花┃动漫",
      "type": 3,
      "api": "csp_Ying",
      "searchable": 1,
      "quickSearch": 1,
      "filterable": 1
    },
    {
      "key": "csp_Ysj",
      "name": "🎀异界┃动漫",
      "type": 3,
      "api": "csp_Ysj",
      "searchable": 1,
      "quickSearch": 1,
      "filterable": 1
    },
    {
      "key": "csp_Anime1",
      "name": "🐾日本┃动漫",
      "type": 3,
      "api": "csp_Anime1",
      "searchable": 1,
      "quickSearch": 1,
      "filterable": 1
    },
  

  {
            "key": "js虎牙",
            "name": "虎牙┃直播",
            "type": 3,
            "api": "https://drpy.cainisi.cf/libs/drpy2.min.js",
            "searchable": 0,
            "quickSearch": 0,
            "filterable": 1,
            "changeable": 0,
            "ext": "https://drpy.cainisi.cf/js/虎牙直播.js"
        },
        {
            "key": "csp_XYQBiu_斗鱼",
            "name": "斗鱼┃直播",
            "type": 3,
            "api": "csp_XYQBiu",
            "searchable": 0,
            "quickSearch": 0,
            "filterable": 1,
            "changeable": 0,
            "ext": "https://tvbox.cainisi.cf/json/XYQBiu/斗鱼直播.json"
        },
        {
            "key": "企鹅体育",
            "name": "企鹅┃体育",
            "type": 3,
            "api": "csp_XPath",
            "searchable": 0,
            "quickSearch": 0,
            "filterable": 1,
            "changeable": 0,
            "ext": "https://tvbox.cainisi.cf/json/XPath/企鹅体育.json"
        },
        {
            "key": "310直播",
            "name": "⚽310┃看球",
            "type": 3,
            "api": "https://drpy.cainisi.cf/libs/drpy2.min.js",
            "searchable": 0,
            "quickSearch": 0,
            "filterable": 1,
            "changeable": 0,
            "ext": "https://drpy.cainisi.cf/js/310直播.js"
        },
        {
            "key": "JRKAN直播",
            "name": "⚽JRKAN┃看球",
            "type": 3,
            "api": "https://drpy.cainisi.cf/libs/drpy2.min.js",
            "searchable": 0,
            "quickSearch": 0,
            "filterable": 1,
            "changeable": 0,
            "ext": "https://drpy.cainisi.cf/js/JRKAN直播.js"
        },
 

   {
            "key": "drpy_js_有声小说吧",
            "name": "┃有声┃小说",
            "type": 3,
            "api": "http://www.lyyytv.cn/yt/ddrpy2.m.js",
            "ext": "http://www.lyyytv.cn/yt/js/有声小说吧.js"
        },

  
  {
            "key": "csp_BBB",
            "name": "┃哔哩┃合集",
            "type": 3,
            "api": "csp_Bili",
            "searchable": 1,
            "quickSearch": 0,
            "ext": "http://www.lyyytv.cn/yt/bili/bili.json"
        },


    {
            "key": "csp_戏曲",
            "name": "┃哔哩┃戏曲",
            "type": 3,
            "api": "csp_Bili",
            "searchable": 1,
            "quickSearch": 0,
            "ext": "http://www.lyyytv.cn/yt/bili/戏曲.json"
        },
   
        
         {
            "key": "csp_XYQBiu_聚合短视频",
            "name": "️┃视频┃聚合",
            "type": 3,
            "api": "csp_XYQBiu",
            "searchable": 0,
            "quickSearch": 0,
            "filterable": 0,
            "ext": "http://www.lyyytv.cn/yt/bili/短视频.json"
        },
        
        
        

 {      "key": "csp_XBPQ_酷奇",      "name": "酷奇┃MV",      "type": 3,      "api": "csp_XBPQ",      "searchable": 0,      "quickSearch": 0,      "filterable": 0,      "ext": "http://www.lyyytv.cn/yt/XBPQ/酷奇MV.json"    },  
 
 {
            "key": "A8音乐",
            "name": "A8┃MV",
            "type": 3,
            "api": "https://drpy.cainisi.cf/libs/drpy2.min.js",
            "style": {
                "type": "rect",
                "ratio": 1.597
            },
            "searchable": 0,
            "quickSearch": 0,
            "filterable": 1,
            "changeable": 0,
            "ext": "https://drpy.cainisi.cf/js/A8音乐.js"
        },


 {
            "key": "DJ哟哟音乐网",
            "name": "DJ哟哟┃音乐",
            "type": 3,
            "api": "https://drpy.cainisi.cf/libs/drpy2.min.js",
            "searchable": 0,
            "quickSearch": 0,
            "filterable": 1,
            "changeable": 0,
            "ext": "https://drpy.cainisi.cf/js/DJ音乐.js"
        },

    {
            "key": "啦啦DJ音乐网",
            "name": "啦啦DJ┃音乐",
            "type": 3,
            "api": "https://drpy.cainisi.cf/libs/drpy2.min.js",
            "searchable": 0,
            "quickSearch": 0,
            "filterable": 1,
            "changeable": 0,
            "ext": "https://drpy.cainisi.cf/js/啦啦DJ.js"
        },

{
            "key": "兔小贝",
            "name": "儿童┃启蒙",
            "type": 3,
            "api": "https://drpy.cainisi.cf/libs/drpy2.min.js",
            "searchable": 0,
            "quickSearch": 0,
            "filterable": 1,
            "changeable": 0,
            "ext": "https://drpy.cainisi.cf/js/兔小贝.js"
        },


           {
            "key": "儿童",
            "name": "┃少儿┃教育",
            "type": 3,
            "api": "csp_Bili",
            "searchable": 1,
            "quickSearch": 1,
            "filterable": 1,
            "ext": "http://52bsj.vip:81/api/v3/file/get/61578/%E5%B0%91%E5%84%BF%E6%95%99%E8%82%B2.json?sign=3BlFTWj-rXJPPgJB6eQ1_C0odRnDCaW28cr8afXaO_I%3D%3A0"
        },
        {
            "key": "小学",
            "name": "┃小学┃课堂",
            "type": 3,
            "api": "csp_Bili",
            "searchable": 1,
            "quickSearch": 1,
            "filterable": 1,
            "ext": "http://52bsj.vip:81/api/v3/file/get/61579/%E5%B0%8F%E5%AD%A6%E8%AF%BE%E5%A0%82.json?sign=Oqbf9547dxbhVTf07kdHsuNZgzIWH2UT9uY7zRbTA5M%3D%3A0"
        },
        {
            "key": "初中",
            "name": "┃初中┃课堂",
            "type": 3,
            "api": "csp_Bili",
            "searchable": 1,
            "quickSearch": 1,
            "filterable": 1,
            "ext": "http://52bsj.vip:81/api/v3/file/get/61581/%E5%88%9D%E4%B8%AD%E8%AF%BE%E5%A0%82.json?sign=7Jxqd0BzuIm-2OvXZyoRasDb1P3OojENYkxLf6bhLr0%3D%3A0"
        },
        {
            "key": "高中",
            "name": "┃高中┃课堂",
            "type": 3,
            "api": "csp_Bili",
            "searchable": 1,
            "quickSearch": 1,
            "filterable": 1,
            "ext": "http://52bsj.vip:81/api/v3/file/get/61580/%E9%AB%98%E4%B8%AD%E8%AF%BE%E5%A0%82.json?sign=ESNTJf_EMO0ch_J5j-kV35jFLeg1GvG4VJjUqW2DJCc%3D%3A0"
        },
   
   
   
  
  
 {      "key": "cc",      "name": "⛽请勿相信视频中任何广告",      "type": 3,      "api": "csp_XPath",      "searchable": 0,      "quickSearch": 0,      "filterable": 0    },  
 
 {      "key": "local3",      "name": "",      "type": 3,      "api": "",      "searchable": 0,      "quickSearch": 0,      "filterable": 0    }  ],  "parses": [    {      "name": "聚合1",      "type": 3,      "url": "Demo"    },    {      "name": "聚合0",      "type": 3,      "url": "Web"    },   
 
 
  {   "name": "影探A",      "type": 1,      "url": "https://api.qljson.xyz/api/?key=d6f721dc584c894f4161e3b942a0727a&url=",      "ext": {        "flag": [          "qq",          "腾讯",          "qiyi",          "爱奇艺",          "奇艺",          "youku",          "优酷",          "sohu",          "搜狐",          "letv",          "乐视",          "mgtv",          "芒果",          "rx",          "ltnb",          "bilibili",          "1905",          "xigua"        ]      }    },  
  
 {      "name": "影探B",      "type": 1,      "url": "https://api.qljson.xyz/api/?key=d6f721dc584c894f4161e3b942a0727a&url=",      "ext": {        "flag": [          "qq",          "腾讯",          "qiyi",          "爱奇艺",          "奇艺",          "youku",          "优酷",          "sohu",          "搜狐",          "letv",          "乐视",          "mgtv",          "芒果",          "rx",          "ltnb",          "bilibili",          "1905",          "xigua"        ]      }    },   
  

  {      "name": "影探C",      "type": 1,      "url": "https://json..url88k.cn/api/?format=zl&key=ce252c4a116ff2613202e17e2269c2fb&url=",      "ext": {        "flag": [          "qq",          "腾讯",          "qiyi",          "爱奇艺",          "奇艺",          "youku",          "优酷",          "sohu",          "搜狐",          "letv",          "乐视",          "mgtv",          "芒果",          "rx",          "ltnb",          "bilibili",          "1905",          "xigua"        ]      }    },  



 
 { "name": "影探E",      "type": 1,      "url": "https://mg.zrjx.xyz/?url=",      "ext": {        "flag": [          "qq",          "腾讯",          "qiyi",          "爱奇艺",          "奇艺",          "youku",          "优酷",          "sohu",          "搜狐",          "letv",          "乐视",          "mgtv",          "芒果",          "rx",          "ltnb",          "bilibili",          "1905",          "xigua"        ]      }    }, 
  
 
 {      "name": "请保持 解析聚合 为红色方能正常播放",      "type": 0,      "url": "https://jx.777jiexi.com/player/?url="    }, 
 

  {      "name": "",      "type": 1,      "url": "http://app.lyyyt/?url=",      "header": {        "User-Agent": "okhttp/4.1.0"      }    },   
 
 
 {      "name": "",      "type": 1,      "url": "http://xn--wnup5g.xn--z7x900a.love:63/Art1/analysis.php?v=",      "ext": {        "flag": [          "qq",          "腾讯",          "企鹅",          "IQiYi",          "qiyi",          "爱奇艺",          "奇艺",          "youku",          "YouKu",          "优酷",          "sohu",          "SoHu",          "搜狐",          "letv",          "LeShi",          "乐视",          "imgo",          "mgtv",          "MangGuo",          "芒果",          "SLYS4k",          "BYGA",          "luanzi",          "AliS",          "dxzy",          "bilibili",          "QEYSS",          "xigua",          "西瓜视频",          "腾讯视频",          "奇艺视频",          "优酷视频",          "芒果视频",          "乐视视频"        ]      }    },  
 
 {      "name": "",      "type": 0,      "url": "https://jx.bozrc.com:4433/player/?url=",      "ext": {        "flag": [          "qq",          "腾讯",          "qiyi",          "爱奇艺",          "奇艺",          "youku",          "优酷",          "mgtv",          "芒果",          "letv",          "乐视",          "pptv",          "PPTV",          "sohu",          "bilibili",          "哔哩哔哩",          "哔哩"        ],        "header": {          "User-Agent": "okhttp/4.1.0"        }      }    },   
 
 {      "name": "",      "type": 0,      "url": "http://www.miaoys.cc/vip/?url="    },  
 
 {      "name": "",      "type": 1,      "url": "https://cy.jonwer.cn/home/api?type=ys&uid=13139054&key=cdouvyDGNOPTV01369&url="    },   
 
 {      "name": "",      "type": 1,      "url": "http://47.108.39.237:55/api/jsonindex.php/?key=dp2xOsl8Nws8uFdY0E&url="    },   
 
 
 {      "name": "",      "type": 1,      "url": "http://jx.fuqizhishi.com:63/API.php?appkey=feimao&url=",      "ext": {        "flag": [          "qq",          "腾讯",          "企鹅",          "IQiYi",          "qiyi",          "爱奇艺",          "奇艺",          "youku",          "YouKu",          "优酷",          "sohu",          "SoHu",          "搜狐",          "letv",          "LeShi",          "乐视",          "imgo",          "mgtv",          "MangGuo",          "芒果",          "SLYS4k",          "BYGA",          "luanzi",          "AliS",          "dxzy",          "bilibili",          "QEYSS",          "xigua",          "西瓜视频",          "腾讯视频",          "奇艺视频",          "优酷视频",          "芒果视频",          "乐视视频"        ]      }    }  ],  "rules": [    {      "host": "*",      "rule": [        "default.365yg.com"      ]    },    {      "host": "dyxs20.com",      "rule": [        ".m3u8"      ]    },    {      "host": "www.agemys.cc",      "rule": [        "cdn-tos",        "obj/tos-cn"      ]    },    {      "host": "www.sharenice.net",      "rule": [        "http.*?/play.{0,3}\\?[^url]{2,8}=.*"      ]    },    {      "host": "www.sharenice.net",      "rule": [        "qianpailive.com",        "vid="      ]    },    {      "host": "*",      "rule": [        "douyin.com/aweme",        "video_id="      ]    },    {      "host": "*",      "rule": [        "huoshan.com",        "/item/video/"      ]    },    {      "host": "*",      "rule": [        "http((?!http).){12,}?\\.(m3u8|mp4|flv|avi|mkv|rm|wmv|mpg|m4a)\\?.*"      ]    },    {      "host": "*",      "rule": [        "http((?!http).){12,}\\.(m3u8|mp4|flv|avi|mkv|rm|wmv|mpg|m4a)"      ]    }  ],  "lives": [    {      "name": "live",      "type": 0,      "url": "http://www.lyyytv.cn/yt/live.txt",      "playerType": 1,      "epg": "http://epg.112114.xyz/?ch={name}&date={date}",      "logo": "https://epg.112114.xyz/logo/{name}.png"    },    {      "name": "TV",      "type": 0,      "url": "https://agit.ai/fantaiying/fmm/raw/branch/main/tv/m3u/global.m3u",      "epg": "http://epg.112114.xyz/?ch={name}&date={date}",      "logo": "https://epg.112114.xyz/logo/{name}.png"    }  ],  "flags": [    "youku",    "优酷",    "优 酷",    "优酷视频",    "qq",    "腾讯",    "腾 讯",    "腾讯视频",    "iqiyi",    "qiyi",    "奇艺",    "爱奇艺",    "爱 奇 艺",    "m1905",    "xigua",    "letv",    "leshi",    "乐视",    "乐 视",    "sohu",    "搜狐",    "搜 狐",    "搜狐视频",    "tudou",    "pptv",    "mgtv",    "芒果",    "imgo",    "芒果TV",    "芒 果 T V",    "bilibili",    "哔 哩",    "哔 哩 哔 哩"  ],  "ijk": [    {      "group": "软解码",      "options": [        {          "category": 4,          "name": "opensles",          "value": "0"        },        {          "category": 4,          "name": "overlay-format",          "value": "842225234"        },        {          "category": 4,          "name": "framedrop",          "value": "1"        },        {          "category": 4,          "name": "soundtouch",          "value": "1"        },        {          "category": 4,          "name": "start-on-prepared",          "value": "1"        },        {          "category": 1,          "name": "http-detect-range-support",          "value": "0"        },        {          "category": 1,          "name": "fflags",          "value": "fastseek"        },        {          "category": 2,          "name": "skip_loop_filter",          "value": "48"        },        {          "category": 4,          "name": "reconnect",          "value": "1"        },        {          "category": 4,          "name": "max-buffer-size",          "value": "5242880"        },        {          "category": 4,          "name": "enable-accurate-seek",          "value": "0"        },        {          "category": 4,          "name": "mediacodec",          "value": "0"        },        {          "category": 4,          "name": "mediacodec-auto-rotate",          "value": "0"        },        {          "category": 4,          "name": "mediacodec-handle-resolution-change",          "value": "0"        },        {          "category": 4,          "name": "mediacodec-hevc",          "value": "0"        },        {          "category": 1,          "name": "dns_cache_timeout",          "value": "600000000"        }      ]    },    {      "group": "硬解码",      "options": [        {          "category": 4,          "name": "opensles",          "value": "0"        },        {          "category": 4,          "name": "overlay-format",          "value": "842225234"        },        {          "category": 4,          "name": "framedrop",          "value": "1"        },        {          "category": 4,          "name": "soundtouch",          "value": "1"        },        {          "category": 4,          "name": "start-on-prepared",          "value": "1"        },        {          "category": 1,          "name": "http-detect-range-support",          "value": "0"        },        {          "category": 1,          "name": "fflags",          "value": "fastseek"        },        {          "category": 2,          "name": "skip_loop_filter",          "value": "48"        },        {          "category": 4,          "name": "reconnect",          "value": "1"        },        {          "category": 4,          "name": "max-buffer-size",          "value": "5242880"        },        {          "category": 4,          "name": "enable-accurate-seek",          "value": "0"        },        {          "category": 4,          "name": "mediacodec",          "value": "1"        },        {          "category": 4,          "name": "mediacodec-auto-rotate",          "value": "1"        },        {          "category": 4,          "name": "mediacodec-handle-resolution-change",          "value": "1"        },        {          "category": 4,          "name": "mediacodec-hevc",          "value": "1"        },        {          "category": 1,          "name": "dns_cache_timeout",          "value": "600000000"        }      ]    }  ],  "ads": [    "wan.51img1.com",    "iqiyi.hbuioo.com",    "vip.ffzyad.com",    "https://lf1-cdn-tos.bytegoofy.com/obj/tos-cn-i-dy/455ccf9e8ae744378118e4bd289288dd"  ]}