{
"sites":[
{"key":"YQK_spider","name":"有新接口,本接口停用，公众号：分享迷，回复：接口","api":"csp_YQKAPP","type":3,"filterable":1,"quickSearch":1,"searchable":1,"ext":"https://api-tx.shumaxc.xyz"},
{"key":"百影视频","name":"有新接口,本接口停用，公众号：分享迷，回复：接口","type":3,"api":"csp_MianHua","searchable":1,"playerType":2,"quickSearch":1,"filterable":0,"ext":"http://47.104.99.175"},
{"key":"LiteApple","name":"有新接口,本接口停用，公众号：分享迷，回复：接口","type":3,"api":"csp_LiteApple","searchable":1,"quickSearch":1,"filterable":1},
{"key":"csp_Lib","name": "有新接口,本接口停用，公众号：分享迷，回复：接口","type": 3,"api": "csp_Lib","playerType":2,"searchable": 1,"quickSearch": 1,"filterable": 1,"jar": "https://download.kstore.space/download/3376/28.jar;md5;5AF707FB2DCF26A3942769903A81D25F"},
{"key":"Cokemv","name":"有新接口,本接口停用，公众号：分享迷，回复：接口","type":3,"api":"csp_Cokemv","searchable":1,"quickSearch":1,"filterable":1},
{"key":"七七","name":"有新接口,本接口停用，公众号：分享迷，回复：接口","type":3,"api":"csp_Kunyu77","searchable":1,"quickSearch":1,"filterable":1},
{"key": "Gitcafe","name": "有新接口,本接口停用，公众号：分享迷，回复：接口","type": 3,"api": "csp_GitCafe","searchable": 1,"quickSearch": 1,"filterable": 1,"ext": "b98cc17e0a67455d95b96e8f47b5e640"},
{"key":"csp_CZSPP","name":"有新接口,本接口停用，公众号：分享迷，回复：接口","type":3,"api":"csp_Czsapp","searchable":1,"quickSearch":1,"filterable":0,"jar": "https://download.kstore.space/download/3376/28.jar;md5;5AF707FB2DCF26A3942769903A81D25F"},
{"key":"小苹果","name":"有新接口,本接口停用，公众号：分享迷，回复：接口","type":3,"api":"csp_LiteApple","searchable":1,"quickSearch":1,"filterable":1},
{"key":"快看影视","name":"有新接口,本接口停用，公众号：分享迷，回复：接口","type":3,"api":"csp_Kuaikan","searchable":1,"playerType":2,"quickSearch":1,"filterable":1},
{"key": "csp_555","name": "有新接口,本接口停用，公众号：分享迷，回复：接口","type": 3,"api": "csp_Dy555","searchable": 1,"quickSearch": 1,"filterable": 1},
{"key":"360","name":"有新接口,本接口停用，公众号：分享迷，回复：接口","type":3,"api":"csp_SP360","searchable":1,"quickSearch":1,"filterable":1},
{"key":"csp_xpath_球迷直播","name":"有新接口，本接口停用，公众号：分享迷，回复：接口","type":3,"api":"csp_XPathFilter","searchable":1,"quickSearch":1,"filterable":1,"ext":"https://gitcode.net/mtv9527/mao/-/raw/master/xb/%E7%90%83%E8%BF%B7%E7%9B%B4%E6%92%AD.json"},
{"key":"儿童","name":"有新接口,本接口停用，公众号：分享迷，回复：接口","type":3,"api":"csp_Bili","searchable":0,"quickSearch":0,"filterable":1,"ext":"https://gitlab.com/duomv/duo/-/raw/main/Bili/%E5%84%BF%E7%AB%A5%E4%B9%90%E5%9B%AD.json"},
{"key":"学习","name":"有新接口,本接口停用，公众号：分享迷，回复：接口","type":3,"api":"csp_Bili","searchable":0,"quickSearch":0,"filterable":1,"ext":"https://gitlab.com/duomv/duo/-/raw/main/Bili/%E5%AD%A6%E4%B9%A0%E5%9B%AD%E5%9C%B0.json"},
{"key":"美食","name":"有新接口,本接口停用，公众号：分享迷，回复：接口","type":3,"api":"csp_Bili","searchable":0,"quickSearch":0,"filterable":1,"ext":"https://gitlab.com/duomv/duo/-/raw/main/Bili/%E7%BE%8E%E9%A3%9F%E5%90%88%E9%9B%86.json"},
{"key":"音乐","name":"有新接口,本接口停用，公众号：分享迷，回复：接口","type":3,"api":"csp_Bili","searchable":0,"quickSearch":0,"filterable":1,"ext":"https://gitlab.com/duomv/duo/-/raw/main/Bili/%E9%9F%B3%E4%B9%90%E7%8E%B0%E5%9C%BA.json"},
{"key":"热舞","name":"有新接口,本接口停用，公众号：分享迷，回复：接口","type":3,"api":"csp_Bili","searchable":0,"quickSearch":0,"filterable":1,"ext":"https://gitlab.com/duomv/duo/-/raw/main/Bili/%E5%A5%B3%E5%9B%A2%E7%83%AD%E8%88%9E.json"},
{"key": "csp_BBB","name":"有新接口,本接口停用，公众号：分享迷，回复：接口","type": 3,"api": "csp_Bili","searchable": 0,"quickSearch": 0,"filterable": 1,"ext":"https://gitlab.com/duomv/duo/-/raw/main/Bili/%E5%93%94%E5%93%A9%E5%A5%97%E9%A4%90.json"},
{"key": "csp_Blixs","name":"有新接口,本接口停用，公众号：分享迷，回复：接口","type": 3,"api": "csp_Blixs","searchable": 0,"quickSearch": 0,"filterable": 1},
{"key": "csp_Blixq","name":"有新接口,本接口停用，公众号：分享迷，回复：接口","type": 3,"api": "csp_Blixq","searchable": 0,"quickSearch": 0,"filterable": 1},
{"key":"csp_DiDuan","name":"有新接口,本接口停用，公众号：分享迷，回复：接口","type":3,"api":"csp_Ddrk","searchable":1,"quickSearch":1,"filterable":0,"jar": "https://download.kstore.space/download/3376/28.jar;md5;5AF707FB2DCF26A3942769903A81D25F"},  
{"key":"push_agent","name":"有新接口,本接口停用，公众号：分享迷，回复：接口","type":3,"api":"csp_PushAgent","searchable":0,"quickSearch":0,"filterable":0,"ext":"b98cc17e0a67455d95b96e8f47b5e640"},
{"key":"Yisou","name":"有新接口,本接口停用，公众号：分享迷，回复：接口","type":3,"api":"csp_Yisou","searchable":1,"quickSearch":1,"filterable":1,"ext":"b98cc17e0a67455d95b96e8f47b5e640"},
{"key": "神马影院","name": "有新接口,本接口停用，公众号：分享迷，回复：接口","type": 3,"api": "csp_Smdyy","searchable": 1,"quickSearch": 1,"filterable": 1},
{"key": "Lezhu_spider","name": "有新接口,本接口停用，公众号：分享迷，回复：接口","api": "csp_Lezhu","type": 3,"filterable": 1,"quickSearch": 1,"searchable": 1,"jar": "https://download.kstore.space/download/3376/28.jar;md5;5AF707FB2DCF26A3942769903A81D25F"},
{"key":"csp_biubiu_大象TV","name":"有新接口,本接口停用，公众号：分享迷，回复：接口","type":3,"api":"csp_XBiubiu","searchable":1,"quickSearch":1,"filterable":0,"ext":"https://pan.bilnn.com/api/v3/file/sourcejump/r4mrBmUe/hQZb7LnK34ZRBqFil90x8bYr_E1WcLBHm0T5gO_k_9o*"}
],

"parses":[
{"name":"解析1","type":1,"url":"http://newjiexi.gotka.top/keyu3.php?url=","ext":{"header":{"User-Agent":"okhttp/4.1.0"}}},
{"name":"线路1","type":1,"url":"http://newjiexi.gotka.top/keyu3.php?url="},
{"name":"Pro","type":1,"url":"http://api.vip123kan.vip/?url=","ext":{"flag":["youku","优酷","mgtv","芒果","qq","腾讯","qiyi","爱奇艺","qq","奇艺"]}},
{"name":"parwix1","type":0,"url":"https://jx.parwix.com:4433/player/?url=","ext":{"flag":["qq","腾讯","qiyi","爱奇艺","奇艺","youku","优酷","mgtv","芒果","letv","乐视","pptv","PPTV","sohu","bilibili","哔哩哔哩","哔哩"]}}
],
"lives": [
{
"group": "redirect",
"channels": [
{
"name": "redirect",
"urls": [
"proxy://do=live&type=txt&ext=aHR0cDovL3d3dy5tOTUyNy50b3AvbWwudHh0"
]
}
]
}
],
"spider":"https://download.kstore.space/download/3376/1128.jar;md5;6A92E85399922FF0FD7813BBC2F09957",

"flags":["youku","qq","iqiyi","qiyi","letv","sohu","tudou","pptv","mgtv","wasu","bilibili","renrenmi"],
"ijk":[
{"group":"软解码","options":[
{"category":4,"name":"opensles","value":"0"},
{"category":4,"name":"overlay-format","value":"842225234"},
{"category":4,"name":"framedrop","value":"1"},
{"category":4,"name":"soundtouch","value":"1"},
{"category":4,"name":"start-on-prepared","value":"1"},
{"category":1,"name":"http-detect-range-support","value":"0"},
{"category":1,"name":"fflags","value":"fastseek"},
{"category":2,"name":"skip_loop_filter","value":"48"},
{"category":4,"name":"reconnect","value":"1"},
{"category":4,"name":"enable-accurate-seek","value":"0"},
{"category":4,"name":"mediacodec","value":"0"},
{"category":4,"name":"mediacodec-auto-rotate","value":"0"},
{"category":4,"name":"mediacodec-handle-resolution-change","value":"0"},
{"category":4,"name":"mediacodec-hevc","value":"0"},
{"category":1,"name":"dns_cache_timeout","value":"600000000"}]},
{"group":"硬解码","options":[
{"category":4,"name":"opensles","value":"0"},
{"category":4,"name":"overlay-format","value":"842225234"},
{"category":4,"name":"framedrop","value":"1"},
{"category":4,"name":"soundtouch","value":"1"},
{"category":4,"name":"start-on-prepared","value":"1"},
{"category":1,"name":"http-detect-range-support","value":"0"},
{"category":1,"name":"fflags","value":"fastseek"},
{"category":2,"name":"skip_loop_filter","value":"48"},
{"category":4,"name":"reconnect","value":"1"},
{"category":4,"name":"enable-accurate-seek","value":"0"},
{"category":4,"name":"mediacodec","value":"1"},
{"category":4,"name":"mediacodec-auto-rotate","value":"1"},
{"category":4,"name":"mediacodec-handle-resolution-change","value":"1"},
{"category":4,"name":"mediacodec-hevc","value":"1"},
{"category":1,"name":"dns_cache_timeout","value":"600000000"}]}],
"ads":["mimg.0c1q0l.cn","www.googletagmanager.com","www.google-analytics.com","mc.usihnbcq.cn","mg.g1mm3d.cn","mscs.svaeuzh.cn","cnzz.hhttm.top","tp.vinuxhome.com","cnzz.mmstat.com","www.baihuillq.com","s23.cnzz.com","z3.cnzz.com","c.cnzz.com","stj.v1vo.top","z12.cnzz.com","img.mosflower.cn","tips.gamevvip.com","ehwe.yhdtns.com","xdn.cqqc3.com","www.jixunkyy.cn","sp.chemacid.cn","hm.baidu.com","s9.cnzz.com","z6.cnzz.com","um.cavuc.com","mav.mavuz.com","wofwk.aoidf3.com","z5.cnzz.com","xc.hubeijieshikj.cn","tj.tianwenhu.com","xg.gars57.cn","k.jinxiuzhilv.com","cdn.bootcss.com","ppl.xunzhuo123.com","xomk.jiangjunmh.top","img.xunzhuo123.com","z1.cnzz.com","s13.cnzz.com","xg.huataisangao.cn","z7.cnzz.com","xg.huataisangao.cn","z2.cnzz.com","s96.cnzz.com","q11.cnzz.com","thy.dacedsfa.cn","xg.whsbpw.cn","s19.cnzz.com","z8.cnzz.com","s4.cnzz.com","f5w.as12df.top","ae01.alicdn.com","www.92424.cn","k.wudejia.com","vivovip.mmszxc.top","qiu.xixiqiu.com","cdnjs.hnfenxun.com","cms.qdwght.com"]
}

