{
  "spider": "https://pan.shangui.cc/f/p6eYuL/xyq0626.jar",
  "sites": [
    {
      "key": "腾讯",
      "name": "♻️业余|少儿频道1",
      "type": 3,
      "api": "https://pan.shangui.cc/f/EaKzID/drpy2.min.js",
      "ext": "https://pan.shangui.cc/f/goyLSV/%E8%85%BE%E8%AE%AF.js"
    },
    {
      "key": "芒果",
      "name": "♻️业余|少儿频道2",
      "type": 3,
      "api": "https://pan.shangui.cc/f/EaKzID/drpy2.min.js",
      "ext": "https://pan.shangui.cc/f/VqL5u8/%E5%BF%99%E6%9E%9C.js"
    },
    {
      "key": "奇艺",
      "name": "♻️业余|少儿频道3",
      "type": 3,
      "api": "https://pan.shangui.cc/f/EaKzID/drpy2.min.js",
      "ext": "https://pan.shangui.cc/f/a8BYc2/%E5%BC%82%E5%85%BD.js"
    },
    {
      "key": "优酷",
      "name": "♻️业余|少儿频道4",
      "type": 3,
      "api": "https://pan.shangui.cc/f/EaKzID/drpy2.min.js",
      "ext": "https://pan.shangui.cc/f/qm1ZCG/%E4%BC%98%E9%85%B7.js"
    },
    {
      "key": "csp_XYQHiker_兔小贝",
      "name": "♻️业余|兔小贝",
      "type": 3,
      "api": "csp_XYQHiker",
      "searchable": 1,
      "quickSearch": 1,
      "filterable": 1,
      "ext": "https://pan.shangui.cc/f/3XN1Sv/%E5%85%94%E5%B0%8F%E8%B4%9D.json"
    },
    {
      "key": "csp_XYQHiker_兔小贝2",
      "name": "♻️业余|兔小贝2",
      "type": 3,
      "api": "csp_XYQHiker",
      "searchable": 1,
      "quickSearch": 1,
      "filterable": 1,
      "ext": "https://pan.shangui.cc/f/RnRvsz/%E5%85%94%E5%B0%8F%E8%B4%9D2.json"
    },
    {
      "key": "py_cctv_1",
      "name": "♻️业余|央视-少儿",
      "type": 3,
      "api": "py_cctv",
      "searchable": 1,
      "quickSearch": 1,
      "filterable": 1,
      "ext": "https://pan.shangui.cc/f/e7BnIQ/py_cctv.py"
    },
    {
      "key": "ysjd",
      "name": "♻️业余|央视┃经典",
      "type": 3,
      "api": "csp_Bili",
      "searchable": 1,
      "quickSearch": 1,
      "filterable": 1,
      "ext": "https://pan.shangui.cc/f/bA0VU1/%E5%A4%AE%E8%A7%86%E7%BB%8F%E5%85%B8.json"
    },
    {
      "key": "童趣",
      "name": "♻️业余|童趣",
      "type": 3,
      "api": "https://pan.shangui.cc/f/EaKzID/drpy2.min.js",
      "ext": "https://pan.shangui.cc/f/QeX1fm/%E7%AB%A5%E8%B6%A3.js"
    },
    {
      "key": "幼儿启蒙",
      "name": "♻️业余|幼儿启蒙",
      "type": 3,
      "api": "csp_Bili",
      "searchable": 1,
      "quickSearch": 1,
      "filterable": 1,
      "ext": "https://pan.shangui.cc/f/x73ZFZ/%E5%B9%BC%E5%84%BF%E5%90%AF%E8%92%99.json"
    },
    {
      "key": "益智",
      "name": "♻️业余|益智┃动画",
      "type": 3,
      "api": "csp_Bili",
      "searchable": 1,
      "quickSearch": 1,
      "filterable": 1,
      "ext": "https://pan.shangui.cc/f/XnQgfd/%E7%9B%8A%E6%99%BA%E5%8A%A8%E7%94%BB.json"
    },
    {
      "key": "幼小衔接",
      "name": "♻️业余|幼小衔接",
      "type": 3,
      "api": "csp_Bili",
      "searchable": 1,
      "quickSearch": 1,
      "filterable": 1,
      "ext": "https://pan.shangui.cc/f/myEPFb/%E5%B9%BC%E5%B0%8F%E8%A1%94%E6%8E%A5.json"
    },
    {
      "key": "小灯塔",
      "name": "♻️业余|小灯塔",
      "type": 3,
      "api": "csp_Bili",
      "searchable": 1,
      "quickSearch": 1,
      "filterable": 1,
      "ext": "https://pan.shangui.cc/f/lk2eck/%E5%B0%8F%E7%81%AF%E5%A1%94%E7%99%BE%E7%A7%91.json"
    },
    {
      "key": "小灯塔科学",
      "name": "♻️业余|小灯塔科学",
      "type": 3,
      "api": "csp_Bili",
      "searchable": 1,
      "quickSearch": 1,
      "filterable": 1,
      "ext": "https://pan.shangui.cc/f/kaEpuR/%E5%B0%8F%E7%81%AF%E5%A1%94%E7%A7%91%E5%AD%A6.json"
    },
    {
      "key": "小灯塔地理",
      "name": "♻️业余|小灯塔地理",
      "type": 3,
      "api": "csp_Bili",
      "searchable": 1,
      "quickSearch": 1,
      "filterable": 1,
      "ext": "https://pan.shangui.cc/f/G8KwFz/%E5%B0%8F%E7%81%AF%E5%A1%94%E5%9C%B0%E7%90%86.json"
    },
    {
      "key": "小灯塔国学",
      "name": "♻️业余|小灯塔国学",
      "type": 3,
      "api": "csp_Bili",
      "searchable": 1,
      "quickSearch": 1,
      "filterable": 1,
      "ext": "https://pan.shangui.cc/f/BpM5ip/%E5%B0%8F%E7%81%AF%E5%A1%94%E5%9B%BD%E5%AD%A6.json"
    },
    {
      "key": "小灯塔人文",
      "name": "♻️业余|小灯塔人文",
      "type": 3,
      "api": "csp_Bili",
      "searchable": 1,
      "quickSearch": 1,
      "filterable": 1,
      "ext": "https://pan.shangui.cc/f/y73ASK/%E5%B0%8F%E7%81%AF%E5%A1%94%E4%BA%BA%E6%96%87.json"
    },
    {
      "key": "儿童拼音",
      "name": "♻️业余|儿童拼音",
      "type": 3,
      "api": "csp_Bili",
      "searchable": 1,
      "quickSearch": 1,
      "filterable": 1,
      "ext": "https://pan.shangui.cc/f/oYEzc7/%E5%84%BF%E7%AB%A5%E6%8B%BC%E9%9F%B3.json"
    },
    {
      "key": "儿童识字",
      "name": "♻️业余|儿童识字",
      "type": 3,
      "api": "csp_Bili",
      "searchable": 1,
      "quickSearch": 1,
      "filterable": 1,
      "ext": "https://pan.shangui.cc/f/AoMZfy/%E5%84%BF%E7%AB%A5%E8%AF%86%E5%AD%97.json"
    },
    {
      "key": "儿童英语",
      "name": "♻️业余|儿童英语",
      "type": 3,
      "api": "csp_Bili",
      "searchable": 1,
      "quickSearch": 1,
      "filterable": 1,
      "ext": "https://pan.shangui.cc/f/Ke0ZC6/%E5%84%BF%E7%AB%A5%E8%8B%B1%E8%AF%AD.json"
    },
    {
      "key": "儿童硬笔",
      "name": "♻️业余|儿童硬笔",
      "type": 3,
      "api": "csp_Bili",
      "searchable": 1,
      "quickSearch": 1,
      "filterable": 1,
      "ext": "https://pan.shangui.cc/f/15gYiw/%E5%84%BF%E7%AB%A5%E7%A1%AC%E7%AC%94.json"
    },
    {
      "key": "儿童思维",
      "name": "♻️业余|儿童思维",
      "type": 3,
      "api": "csp_Bili",
      "searchable": 1,
      "quickSearch": 1,
      "filterable": 1,
      "ext": "https://pan.shangui.cc/f/D20BHz/%E5%84%BF%E7%AB%A5%E6%80%9D%E7%BB%B4.json"
    },
    {
      "key": "儿童口才",
      "name": "♻️业余|儿童口才",
      "type": 3,
      "api": "csp_Bili",
      "searchable": 1,
      "quickSearch": 1,
      "filterable": 1,
      "ext": "https://pan.shangui.cc/f/4LMau0/%E5%84%BF%E7%AB%A5%E5%8F%A3%E6%89%8D.json"
    },
    {
      "key": "儿童编程",
      "name": "♻️业余|儿童编程",
      "type": 3,
      "api": "csp_Bili",
      "searchable": 1,
      "quickSearch": 1,
      "filterable": 1,
      "ext": "https://pan.shangui.cc/f/75NeTM/%E5%84%BF%E7%AB%A5%E7%BC%96%E7%A8%8B.json"
    },
    {
      "key": "儿童武术",
      "name": "♻️业余|儿童武术",
      "type": 3,
      "api": "csp_Bili",
      "searchable": 1,
      "quickSearch": 1,
      "filterable": 1,
      "ext": "https://pan.shangui.cc/f/nqE3h2/%E5%84%BF%E7%AB%A5%E6%AD%A6%E6%9C%AF.json"
    },
    {
      "key": "兴趣培养",
      "name": "♻️业余|兴趣培养",
      "type": 3,
      "api": "csp_Bili",
      "searchable": 1,
      "quickSearch": 1,
      "filterable": 1,
      "ext": "https://pan.shangui.cc/f/jBK8h7/%E5%85%B4%E8%B6%A3%E5%9F%B9%E5%85%BB.json"
    },
    {
      "key": "小学",
      "name": "♻️业余|小学教育",
      "type": 3,
      "api": "csp_Bili",
      "searchable": 1,
      "quickSearch": 1,
      "filterable": 1,
      "ext": "https://pan.shangui.cc/f/0ZNVTj/%E5%93%94%E5%93%A9%E5%93%94%E5%93%A9%E5%B0%8F%E5%AD%A6.json"
    },
    {
      "key": "初中",
      "name": "♻️业余|初中教育",
      "type": 3,
      "api": "csp_Bili",
      "searchable": 1,
      "quickSearch": 1,
      "filterable": 1,
      "ext": "https://pan.shangui.cc/f/vL33Fk/%E5%93%94%E5%93%A9%E5%93%94%E5%93%A9%E5%88%9D%E4%B8%AD.json"
    },
    {
      "key": "高中",
      "name": "♻️业余|高中教育",
      "type": 3,
      "api": "csp_Bili",
      "searchable": 1,
      "quickSearch": 1,
      "filterable": 1,
      "ext": "https://pan.shangui.cc/f/LV0XU3/%E5%93%94%E5%93%A9%E5%93%94%E5%93%A9%E9%AB%98%E4%B8%AD.json"
    },
    {
      "key": "py_youer",
      "name": "♻️业余|幼儿┃教育",
      "type": 3,
      "api": "py_youer",
      "searchable": 1,
      "quickSearch": 1,
      "filterable": 1,
      "ext": "https://pan.shangui.cc/f/d501co/%E5%B9%BC%E5%84%BF.py"
    },
    {
      "key": "py_xiaoxue",
      "name": "♻️业余|小学┃教育",
      "type": 3,
      "api": "py_xiaoxue",
      "searchable": 1,
      "quickSearch": 1,
      "filterable": 1,
      "ext": "https://pan.shangui.cc/f/Je0pSK/%E5%B0%8F%E5%AD%A6.py"
    },
    {
      "key": "py_czxx",
      "name": "♻️业余|初中┃教育",
      "type": 3,
      "api": "py_czxx",
      "searchable": 1,
      "quickSearch": 1,
      "filterable": 1,
      "ext": "https://pan.shangui.cc/f/zk3EF0/%E5%88%9D%E4%B8%AD.py"
    },
    {
      "key": "push_agent",
      "name": "♻️业余|推送┃磁力",
      "type": 3,
      "api": "csp_Push",
      "playerType": 1,
      "searchable": 1,
      "quickSearch": 1,
      "filterable": 1,
      "ext": "https://agit.ai/Yoursmile7/TVBox/raw/branch/master/token.txt"
    }
  ],
  "parses": [
    {
      "name": "♻️聚合1",
      "type": 3,
      "url": "Demo"
    },
    {
      "name": "♻️嗅探",
      "type": 3,
      "url": "Web"
    },
    {
      "name": "♻️Json轮询",
      "type": 2,
      "url": "Sequence"
    },
    {
      "name": "♻️Json并发",
      "type": 2,
      "url": "Parallel"
    },
    {
      "name": "♻️飞云",
      "type": 1,
      "url": "https://daina.hk/api/?key=507ebdc402a6314e35f950c4c40fdf27&url="
    },
    {
      "name": "♻️神秘",
      "type": 1,
      "url": "http://xiaoxin.1080p.fun/home/api?type=ys&uid=91198&key=bhntuwyAJLMTUY1478&url="
    },
    {
      "name": "♻️哥哥们",
      "type": 1,
      "url": "http://jx.wogg.link:63/jiexi/饭特析.php?url="
    },
    {
      "name": "♻️全部",
      "type": 1,
      "url": "http://110.42.2.247:880/analysis/json/?uid=2449&my=acfgikquvzFGJRW459&url="
    },
    {
      "name": "♻️玉米1",
      "type": 1,
      "url": "https://jxjson.cf/json.php?url=",
      "ext": {
        "flag": [
          "YuMi",
          "YuMi-vip"
        ]
      }
    },
    {
      "name": "♻️玉米2",
      "type": 1,
      "url": "http://61.147.93.21:8090/index.php?url=",
      "ext": {
        "flag": [
          "YuMi-vip"
        ],
        "header": {
          "User-Agent": "okhttp/4.1.0"
        }
      }
    },
    {
      "name": "♻️玉米3",
      "type": 1,
      "url": "http://json.84jia.com/home/api?type=ys&uid=335253&key=fjklpqsyCDGMNQRWX8&url="
    },
    {
      "name": "♻️玉米4",
      "type": 1,
      "url": "http://119.91.31.224:81/txjx.php?url="
    },
    {
      "name": "♻️欧歌APP",
      "type": 1,
      "url": "https://vip.daina.hk/fyzy/json.php?&url=",
      "ext": {
        "flag": [
          "qq",
          "腾讯",
          "qiyi",
          "爱奇艺",
          "奇艺",
          "youku",
          "优酷",
          "sohu",
          "搜狐",
          "letv",
          "乐视",
          "yk",
          "CL4K",
          "renrenmi",
          "ltnb",
          "bilibili",
          "1905",
          "xigua"
        ]
      }
    },
    {
      "name": "♻️油果",
      "type": 1,
      "url": "http://json.youguo520.top/fufeng/?url=",
      "ext": {
        "flag": [
          "qq",
          "腾讯",
          "qiyi",
          "iqiyi",
          "爱奇艺",
          "奇艺",
          "youku",
          "优酷",
          "mgtv",
          "芒果",
          "letv",
          "乐视",
          "pptv",
          "PPTV",
          "sohu",
          "bilibili",
          "哔哩哔哩",
          "哔哩"
        ],
        "header": {
          "User-Agent": "Dart/2.14 (dart:io)"
        }
      }
    },
    {
      "name": "♻️懒懒1",
      "type": 1,
      "url": "http://123.57.56.94:9931/lanlan/?url="
    },
    {
      "name": "EXO",
      "type": 0,
      "url": "https://rx.69mj.com/?url=",
      "ext": {
        "flag": [
          "rx",
          "qq",
          "腾讯",
          "qiyi",
          "爱奇艺",
          "奇艺",
          "youku",
          "优酷",
          "mgtv",
          "芒果"
        ]
      }
    },
    {
      "name": "♻️懒懒2",
      "type": 1,
      "url": "http://lanlan.ckflv.cn/?url=",
      "ext": {
        "flag": [
          "qiyi",
          "qq",
          "letv",
          "sohu",
          "youku",
          "mgtv",
          "bilibili",
          "wasu",
          "xigua",
          "1905"
        ]
      }
    },
    {
      "name": "♻️夕夕",
      "type": 1,
      "url": "http://110.42.2.247:880/analysis/json/?uid=2384&my=bcijquvxAFKMUY0579&format=json&url=",
      "ext": {
        "flag": [
          "qq",
          "腾讯",
          "qiyi",
          "爱奇艺",
          "奇艺",
          "youku",
          "优酷",
          "mgtv",
          "芒果",
          "letv",
          "leshi",
          "LS",
          "pptv",
          "PPTV",
          "sohu",
          "bilibili",
          "哔哩哔哩",
          "哔哩"
        ],
        "header": {
          "User-Agent": "okhttp/3.12.13"
        }
      }
    },
    {
      "name": "♻️施施",
      "type": 1,
      "url": "http://110.42.2.247:880/analysis/json/?uid=2100&my=ehilmnqyCDGHILNUXZ&mgtv=app&url=",
      "ext": {
        "flag": [
          "qq",
          "腾讯",
          "qiyi",
          "爱奇艺",
          "奇艺",
          "youku",
          "优酷",
          "mgtv",
          "芒果",
          "letv",
          "leshi",
          "LS",
          "pptv",
          "PPTV",
          "sohu",
          "bilibili",
          "哔哩哔哩",
          "哔哩"
        ],
        "header": {
          "User-Agent": "okhttp/3.12.13"
        }
      }
    },
    {
      "name": "♻️玉玉专用",
      "type": 1,
      "url": "https://yyyy.life/%E5%85%AC%E4%BC%97%E5%8F%B7%E7%8E%89%E7%8E%89%E8%BD%AF%E4%BB%B6?url=",
      "ext": {
        "flag": [
          "qq",
          "腾讯",
          "qiyi",
          "爱奇艺",
          "奇艺",
          "youku",
          "优酷",
          "mgtv",
          "芒果",
          "letv",
          "leshi",
          "LS",
          "pptv",
          "PPTV",
          "sohu",
          "bilibili",
          "哔哩哔哩",
          "哔哩"
        ],
        "header": {
          "User-Agent": "okhttp/3.12.13"
        }
      }
    },
    {
      "name": "♻️西西",
      "type": 1,
      "url": "http://110.42.2.247:880/analysis/json/?uid=2255&my=eimqrtwxBCDIKT2458&format=json&url=",
      "ext": {
        "flag": [
          "qq",
          "腾讯",
          "qiyi",
          "爱奇艺",
          "奇艺",
          "youku",
          "优酷",
          "mgtv",
          "芒果",
          "letv",
          "leshi",
          "LS",
          "pptv",
          "PPTV",
          "sohu",
          "bilibili",
          "哔哩哔哩",
          "哔哩"
        ],
        "header": {
          "User-Agent": "okhttp/3.12.13"
        }
      }
    },
    {
      "name": "♻️鱼儿",
      "type": 1,
      "url": "http://json.84jia.com/home/api?type=ys&uid=309258&key=jmoruvzDFNRSTV0156&url=",
      "ext": {
        "flag": [
          "qiyi",
          "imgo",
          "爱奇艺",
          "奇艺",
          "qq",
          "腾讯",
          "youku",
          "优酷",
          "pptv",
          "PPTV",
          "letv",
          "乐视",
          "leshi",
          "bilibili",
          "哔哩哔哩",
          "哔哩",
          "mgtv",
          "芒果",
          "sohu",
          "xigua",
          "fun",
          "风行"
        ],
        "header": {
          "User-Agent": "LuaSocket 3.0-rc1"
        }
      },
      "header": {
        "User-Agent": "LuaSocket 3.0-rc1"
      }
    },
    {
      "name": "♻️小新",
      "type": 1,
      "url": "http://xiaoxin.1080p.fun/home/api?type=ys&uid=13270&key=bfmrtvwyBGIJQRUVZ7&url="
    },
    {
      "name": "♻️小新解析",
      "type": 1,
      "url": "http://xiaoxin.1080p.fun/home/api?type=ys&uid=91198&key=bhntuwyAJLMTUY1478&url="
    },
    {
      "name": "♻️大厂1",
      "type": 1,
      "url": "http://110.42.2.247:880/analysis/json/?uid=2384&my=bcijquvxAFKMUY0579&format=json&url="
    },
    {
      "name": "♻️大厂2",
      "type": 1,
      "url": "http://110.42.2.247:880/analysis/json/?uid=2255&my=eknpqvADFHOPR02458&format=json&url="
    },
    {
      "name": "♻️大厂3",
      "type": 1,
      "url": "http://110.42.2.247:880/analysis/json/?uid=2100&my=ehilmnqyCDGHILNUXZ&mgtv=app&url="
    },
    {
      "name": "♻️在线之家",
      "type": 1,
      "url": "https://jx.zxzj.vip/dplayer.php?url="
    },
    {
      "name": "♻️秒看",
      "type": 1,
      "url": "http://mkzy.vip/play.php/?url="
    },
    {
      "name": "♻️爱豆",
      "type": 1,
      "url": "https://jx.aidouer.net/?url="
    },
    {
      "name": "♻️虾米",
      "type": 1,
      "url": "https://jx.xmflv.com/?url="
    },
    {
      "name": "♻️yangtu",
      "type": 1,
      "url": "https://jx.yangtu.top/?url="
    },
    {
      "name": "♻️纯净/B站",
      "type": 1,
      "url": "https://im1907.top/?jx="
    },
    {
      "name": "♻️OK解析",
      "type": 1,
      "url": "https://okjx.cc/?url="
    },
    {
      "name": "♻️诺讯",
      "type": 1,
      "url": "https://www.nxflv.com/?url="
    },
    {
      "name": "♻️夜幕",
      "type": 1,
      "url": "https://www.yemu.xyz/?url="
    },
    {
      "name": "♻️M3U8.TV",
      "type": 1,
      "url": "https://jx.m3u8.tv/jiexi/?url="
    },
    {
      "name": "♻️人人迷",
      "type": 1,
      "url": "https://jx.blbo.cc:4433/?url="
    },
    {
      "name": "♻️全民",
      "type": 1,
      "url": "https://jx.blbo.cc:4433/?url="
    },
    {
      "name": "♻️七哥",
      "type": 1,
      "url": "https://jx.nnxv.cn/tv.php?url="
    },
    {
      "name": "♻️冰豆",
      "type": 1,
      "url": "https://api.qianqi.net/vip/?url="
    },
    {
      "name": "♻️迪奥",
      "type": 1,
      "url": "https://123.1dior.cn/?url="
    },
    {
      "name": "♻️CK",
      "type": 1,
      "url": "https://www.ckplayer.vip/jiexi/?url="
    },
    {
      "name": "♻️ckmov",
      "type": 1,
      "url": "https://www.ckmov.vip/api.php?url="
    },
    {
      "name": "♻️playerjy/B站",
      "type": 1,
      "url": "https://jx.playerjy.com/?url="
    },
    {
      "name": "♻️ccyjjd",
      "type": 1,
      "url": "https://ckmov.ccyjjd.com/ckmov/?url="
    },
    {
      "name": "♻️诺诺",
      "type": 1,
      "url": "https://www.ckmov.com/?url="
    },
    {
      "name": "♻️H8",
      "type": 1,
      "url": "https://www.h8jx.com/jiexi.php?url="
    },
    {
      "name": "♻️BL",
      "type": 1,
      "url": "https://vip.bljiex.com/?v="
    },
    {
      "name": "♻️解析la",
      "type": 1,
      "url": "https://api.jiexi.la/?url="
    },
    {
      "name": "♻️MUTV",
      "type": 1,
      "url": "https://jiexi.janan.net/jiexi/?url="
    },
    {
      "name": "♻️MAO",
      "type": 1,
      "url": "https://www.mtosz.com/m3u8.php?url="
    },
    {
      "name": "♻️盘古",
      "type": 1,
      "url": "https://www.pangujiexi.cc/jiexi.php?url="
    },
    {
      "name": "♻️0523",
      "type": 1,
      "url": "https://go.yh0523.cn/y.cy?url="
    },
    {
      "name": "♻️17云",
      "type": 1,
      "url": "https://www.1717yun.com/jx/ty.php?url="
    },
    {
      "name": "♻️4K",
      "type": 1,
      "url": "https://jx.4kdv.com/?url="
    },
    {
      "name": "♻️8090",
      "type": 1,
      "url": "https://www.8090g.cn/?url="
    },
    {
      "name": "♻️180",
      "type": 1,
      "url": "https://jx.000180.top/jx/?url="
    },
    {
      "name": "♻️无名",
      "type": 1,
      "url": "https://www.administratorw.com/video.php?url="
    },
    {
      "name": "♻️虾米",
      "type": 1,
      "url": "http://pandown.pro/app/kkdy.php?url="
    },
    {
      "name": "♻️4K",
      "type": 1,
      "url": "https://jx.4kdv.com/?url="
    },
    {
      "name": "♻️影探A",
      "type": 1,
      "url": "https://epay.99xim.cn/ccc/?url=",
      "ext": {
        "flag": [
          "qq",
          "腾讯",
          "qiyi",
          "爱奇艺",
          "奇艺",
          "youku",
          "优酷",
          "sohu",
          "搜狐",
          "letv",
          "乐视",
          "mgtv",
          "芒果",
          "rx",
          "ltnb",
          "bilibili",
          "1905",
          "xigua"
        ]
      }
    },
    {
      "name": "♻️影探B",
      "type": 1,
      "url": "http://lflong.lyyytv.cn/json.php?url=",
      "ext": {
        "flag": [
          "qq",
          "腾讯",
          "qiyi",
          "爱奇艺",
          "奇艺",
          "youku",
          "优酷",
          "sohu",
          "搜狐",
          "letv",
          "乐视",
          "mgtv",
          "芒果",
          "rx",
          "ltnb",
          "bilibili",
          "1905",
          "xigua"
        ]
      }
    },
    {
      "name": "♻️影探C",
      "type": 1,
      "url": "https://kk.hdjh.xyz/home/api?type=ys&uid=5282164&key=cdfqstuwCFJSTWX679&url=",
      "ext": {
        "flag": [
          "qq",
          "腾讯",
          "qiyi",
          "爱奇艺",
          "奇艺",
          "youku",
          "优酷",
          "sohu",
          "搜狐",
          "letv",
          "乐视",
          "mgtv",
          "芒果",
          "rx",
          "ltnb",
          "bilibili",
          "1905",
          "xigua"
        ]
      }
    },
    {
      "name": "♻️影探D",
      "type": 1,
      "url": "http://m3u8.lyyytv.cn/json.php?url=",
      "ext": {
        "flag": [
          "qq",
          "腾讯",
          "qiyi",
          "爱奇艺",
          "奇艺",
          "youku",
          "优酷",
          "sohu",
          "搜狐",
          "letv",
          "乐视",
          "mgtv",
          "芒果",
          "rx",
          "ltnb",
          "bilibili",
          "1905",
          "xigua"
        ]
      }
    },
    {
      "name": "♻️A",
      "type": 1,
      "url": "https://vip.xiaomaomi.tv/api.php?key=afkrtuyDGHLMPTV567&url=",
      "ext": {
        "flag": [
          "qq",
          "腾讯",
          "qiyi",
          "爱奇艺",
          "奇艺",
          "youku",
          "优酷",
          "sohu",
          "搜狐",
          "letv",
          "乐视",
          "mgtv",
          "芒果",
          "rx",
          "ltnb",
          "bilibili",
          "1905",
          "xigua"
        ]
      }
    },
    {
      "name": "♻️B",
      "type": 1,
      "url": "https://kk.hdjh.xyz/home/api?type=ys&uid=5282164&key=cdfqstuwCFJSTWX679&url=",
      "ext": {
        "flag": [
          "qq",
          "腾讯",
          "qiyi",
          "爱奇艺",
          "奇艺",
          "youku",
          "优酷",
          "sohu",
          "搜狐",
          "letv",
          "乐视",
          "mgtv",
          "芒果",
          "rx",
          "ltnb",
          "bilibili",
          "1905",
          "xigua"
        ]
      }
    },
    {
      "name": "♻️C",
      "type": 1,
      "url": "https://c.jonwer.cn/home/api?type=ys&uid=13139054&key=cdouvyDGNOPTV01369&url=",
      "ext": {
        "flag": [
          "qq",
          "腾讯",
          "qiyi",
          "爱奇艺",
          "奇艺",
          "youku",
          "优酷",
          "sohu",
          "搜狐",
          "letv",
          "乐视",
          "mgtv",
          "芒果",
          "rx",
          "ltnb",
          "bilibili",
          "1905",
          "xigua"
        ]
      }
    },
    {
      "name": "♻️D",
      "type": 1,
      "url": "https://mg.zrjx.xyz/?url=",
      "ext": {
        "flag": [
          "qq",
          "腾讯",
          "qiyi",
          "爱奇艺",
          "奇艺",
          "youku",
          "优酷",
          "sohu",
          "搜狐",
          "letv",
          "乐视",
          "mgtv",
          "芒果",
          "rx",
          "ltnb",
          "bilibili",
          "1905",
          "xigua"
        ]
      }
    },
    {
      "name": "♻️1",
      "type": 1,
      "url": "http://app.lyyyt/?url=",
      "header": {
        "User-Agent": "okhttp/4.1.0"
      }
    },
    {
      "name": "♻️2",
      "type": 1,
      "url": "http://xn--wnup5g.xn--z7x900a.love:63/Art1/analysis.php?v=",
      "ext": {
        "flag": [
          "qq",
          "腾讯",
          "企鹅",
          "IQiYi",
          "qiyi",
          "爱奇艺",
          "奇艺",
          "youku",
          "YouKu",
          "优酷",
          "sohu",
          "SoHu",
          "搜狐",
          "letv",
          "LeShi",
          "乐视",
          "imgo",
          "mgtv",
          "MangGuo",
          "芒果",
          "SLYS4k",
          "BYGA",
          "luanzi",
          "AliS",
          "dxzy",
          "bilibili",
          "QEYSS",
          "xigua",
          "西瓜视频",
          "腾讯视频",
          "奇艺视频",
          "优酷视频",
          "芒果视频",
          "乐视视频"
        ]
      }
    },
    {
      "name": "♻️3",
      "type": 0,
      "url": "https://jx.bozrc.com:4433/player/?url=",
      "ext": {
        "flag": [
          "qq",
          "腾讯",
          "qiyi",
          "爱奇艺",
          "奇艺",
          "youku",
          "优酷",
          "mgtv",
          "芒果",
          "letv",
          "乐视",
          "pptv",
          "PPTV",
          "sohu",
          "bilibili",
          "哔哩哔哩",
          "哔哩"
        ],
        "header": {
          "User-Agent": "okhttp/4.1.0"
        }
      }
    },
    {
      "name": "️♻盘古",
      "type": 0,
      "url": "https://www.pangujiexi.com/pangu/?url="
    },
    {
      "name": "♻️猪蹄",
      "type": 0,
      "url": "https://jx.iztyy.com/svip/?url="
    },
    {
      "name": "♻️4",
      "type": 0,
      "url": "http://www.miaoys.cc/vip/?url="
    },
    {
      "name": "♻️5",
      "type": 1,
      "url": "https://cy.jonwer.cn/home/api?type=ys&uid=13139054&key=cdouvyDGNOPTV01369&url="
    },
    {
      "name": "♻️6",
      "type": 1,
      "url": "http://47.108.39.237:55/api/jsonindex.php/?key=dp2xOsl8Nws8uFdY0E&url="
    },
    {
      "name": "♻️7",
      "type": 1,
      "url": "http://jx.fuqizhishi.com:63/API.php?appkey=feimao&url=",
      "ext": {
        "flag": [
          "qq",
          "腾讯",
          "企鹅",
          "IQiYi",
          "qiyi",
          "爱奇艺",
          "奇艺",
          "youku",
          "YouKu",
          "优酷",
          "sohu",
          "SoHu",
          "搜狐",
          "letv",
          "LeShi",
          "乐视",
          "imgo",
          "mgtv",
          "MangGuo",
          "芒果",
          "SLYS4k",
          "BYGA",
          "luanzi",
          "AliS",
          "dxzy",
          "bilibili",
          "QEYSS",
          "xigua",
          "西瓜视频",
          "腾讯视频",
          "奇艺视频",
          "优酷视频",
          "芒果视频",
          "乐视视频"
        ]
      }
    },
    {
      "name": "♻️刚佬",
      "type": 1,
      "url": "http://json.g9.pub:66/?url=",
      "ext": {
        "flag": [
          "qq",
          "腾讯",
          "qiyi",
          "爱奇艺",
          "奇艺",
          "youku",
          "优酷",
          "mgtv",
          "imgo",
          "芒果",
          "letv",
          "乐视",
          "pptv",
          "PPTV",
          "sohu",
          "bilibili",
          "哔哩哔哩",
          "哔哩"
        ],
        "header": {
          "User-Agent": "okhttp/4.1.0"
        }
      }
    },
    {
      "name": "♻️全部",
      "type": 0,
      "url": "https://yun.ckmov.com/?url=",
      "ext": {
        "flag": [
          "qq",
          "腾讯",
          "qiyi",
          "爱奇艺",
          "奇艺",
          "youku",
          "优酷",
          "mgtv",
          "imgo",
          "芒果",
          "letv",
          "乐视",
          "pptv",
          "PPTV",
          "sohu",
          "bilibili",
          "哔哩哔哩",
          "哔哩"
        ],
        "header": {
          "User-Agent": "okhttp/4.1.0"
        }
      }
    },
    {
      "name": "♻️爱奇艺",
      "type": 0,
      "url": "https://jx.zhanlangbu.com/?url=",
      "ext": {
        "flag": [
          "qq",
          "腾讯",
          "qiyi",
          "爱奇艺",
          "奇艺",
          "youku",
          "优酷",
          "sohu",
          "搜狐",
          "letv",
          "乐视",
          "mgtv",
          "芒果",
          "imgo",
          "rx",
          "ltnb",
          "bilibili",
          "1905",
          "xigua"
        ]
      }
    },
    {
      "name": "♻️网络",
      "type": 0,
      "url": "http://xiaoxin.1080p.fun/home/api?type=ys&uid=91198&key=bhntuwyAJLMTUY1478&url="
    },
      {
      "name": "♻️大家",
      "type": 0,
      "url": "https://jx.xmflv.com/?url=",
      "ext": {
        "flag": [
          "qq",
          "腾讯",
          "qiyi",
          "爱奇艺",
          "奇艺",
          "youku",
          "优酷",
          "mgtv",
          "芒果",
          "imgo",
          "letv",
          "乐视",
          "pptv",
          "PPTV",
          "sohu",
          "bilibili",
          "哔哩哔哩",
          "哔哩"
        ],
        "header": {
          "User-Agent": "okhttp/4.1.0"
        }
      }
    },
    {
      "name": "♻️随便用",
      "type": 1,
      "url": "https://jx.ccabc.cc/xc/?key=5567332json&url="
    },
    {
      "name": "♻️坏了",
      "type": 0,
      "url": "http://27.124.4.42:4567/jhjson/ceshi.php?url=",
      "ext": {
        "flag": [
          "qq",
          "腾讯",
          "qiyi",
          "爱奇艺",
          "奇艺",
          "youku",
          "优酷",
          "mgtv",
          "imgo",
          "芒果",
          "letv",
          "乐视",
          "pptv",
          "PPTV",
          "sohu",
          "bilibili",
          "哔哩哔哩",
          "哔哩"
        ],
        "header": {
          "User-Agent": "okhttp/4.1.0"
        }
      }
    },
    {
      "name": "♻️我再找来",
      "type": 1,
      "url": "https://b.umkan.cc/API.php?url=",
      "ext": {
        "flag": [
          "qq",
          "腾讯",
          "企鹅",
          "IQiYi",
          "qiyi",
          "imgo",
          "爱奇艺",
          "奇艺",
          "youku",
          "YouKu",
          "优酷",
          "sohu",
          "SoHu",
          "搜狐",
          "letv",
          "LeShi",
          "乐视",
          "imgo",
          "mgtv",
          "MangGuo",
          "芒果",
          "SLYS4k",
          "BYGA",
          "luanzi",
          "AliS",
          "dxzy",
          "bilibili",
          "QEYSS",
          "xigua",
          "西瓜视频",
          "腾讯视频",
          "奇艺视频",
          "优酷视频",
          "芒果视频",
          "乐视视频"
        ]
      }
    },
    {
      "name": "♻️米1",
      "type": 1,
      "url": "http://xhww.fun:63/小米特别爱肥猫.php?url=",
      "ext": {
        "flag": [
          "mgtv",
          "qiyi",
          "imgo",
          "爱奇艺",
          "奇艺",
          "qq",
          "腾讯",
          "youku",
          "优酷",
          "pptv",
          "PPTV",
          "letv",
          "乐视",
          "leshi",
          "bilibili",
          "哔哩哔哩",
          "哔哩",
          "mgtv",
          "芒果",
          "芒果"
        ],
        "header": {
          "User-Agent": "okhttp/3.12.0"
        }
      }
    },
    {
      "name": "♻️米2",
      "type": 1,
      "url": "http://xhww.fun:63/fy8.php?v=",
      "ext": {
        "flag": [
          "FY"
        ],
        "header": {
          "User-Agent": "okhttp/3.12.0"
        }
      }
    },
    {
      "name": "♻️米3",
      "type": 1,
      "url": "http://27.124.4.42:4567//jhjson//ceshi.php?url=",
      "ext": {
        "flag": [
          "mgtv",
          "qiyi",
          "imgo",
          "爱奇艺",
          "奇艺",
          "qq",
          "腾讯",
          "youku",
          "优酷",
          "pptv",
          "PPTV",
          "letv",
          "乐视",
          "leshi",
          "bilibili",
          "哔哩哔哩",
          "哔哩",
          "mgtv",
          "芒果",
          "芒果"
        ],
        "header": {
          "User-Agent": "okhttp/3.12.0"
        }
      }
    },
    {
      "name": "♻️米4",
      "type": 1,
      "url": "https://qq.396pay.cn/home/api?type=ys&uid=3927563&key=ainsuwyBDEFGNQS037&url=",
      "flag": [
        "JHA",
        "JHB"
      ]
    },
    {
      "name": "♻️米5",
      "type": 1,
      "url": "https://jx.255tv.tk/api/?key=S6kQHaE1gVEY5KAv8L&url=",
      "ext": {
        "flag": [
          "imgo",
          "mgtv",
          "芒果"
        ]
      }
    },
    {
      "name": "♻️米6",
      "type": 1,
      "url": "http://110.42.2.247:880/analysis/json/?uid=2449&my=acfgikquvzFGJRW459&format=data&url=",
      "ext": {
        "flag": [
          "mgtv",
          "qiyi",
          "imgo",
          "爱奇艺",
          "奇艺",
          "qq",
          "腾讯",
          "youku",
          "优酷",
          "pptv",
          "PPTV",
          "letv",
          "乐视",
          "leshi",
          "bilibili",
          "哔哩哔哩",
          "哔哩",
          "mgtv"
        ],
        "header": {
          "User-Agent": "okhttp/3.12.0"
        }
      }
    },
    {
      "name": "️♻️芒果",
      "type": 1,
      "url": "http://110.42.2.247:880/analysis/json/?uid=2255&my=bcdkloqxzEFGPRT168&format=json&url=",
      "ext": {
        "flag": [
          "qq",
          "腾讯",
          "qiyi",
          "爱奇艺",
          "奇艺",
          "youku",
          "优酷",
          "mgtv",
          "芒果",
          "letv",
          "乐视",
          "pptv",
          "PPTV",
          "sohu",
          "bilibili",
          "哔哩哔哩",
          "哔哩"
        ],
        "header": {
          "User-Agent": "okhttp/4.1.0"
        }
      }
    },
    {
      "name": "♻️优酷",
      "type": 0,
      "url": "https://vip.lianfaka.com/vip/?url=",
      "ext": {
        "flag": [
          "qq",
          "腾讯",
          "qiyi",
          "爱奇艺",
          "奇艺",
          "youku",
          "优酷",
          "mgtv",
          "芒果",
          "letv",
          "乐视",
          "pptv",
          "PPTV",
          "sohu",
          "bilibili",
          "哔哩哔哩",
          "哔哩"
        ],
        "header": {
          "User-Agent": "okhttp/4.1.0"
        }
      }
    },
    {
      "name": "♻️360",
      "type": 1,
      "url": "https://json.key521.cn/api/?key=df27d9ca9ec97e22c47f8565a50aa6f5&url=",
      "ext": {
        "flag": [
          "qq",
          "腾讯",
          "企鹅",
          "IQiYi",
          "qiyi",
          "爱奇艺",
          "奇艺",
          "youku",
          "YouKu",
          "优酷",
          "sohu",
          "SoHu",
          "搜狐",
          "letv",
          "LeShi",
          "乐视",
          "imgo",
          "mgtv",
          "MangGuo",
          "芒果",
          "SLYS4k",
          "BYGA",
          "luanzi",
          "AliS",
          "dxzy",
          "bilibili",
          "QEYSS",
          "xigua",
          "西瓜视频",
          "腾讯视频",
          "奇艺视频",
          "优酷视频",
          "芒果视频",
          "乐视视频"
        ]
      }
    },
    {
      "name": "♻️搜狗",
      "type": 1,
      "url": "http://htp.behds.cn/json/520237app7/mlzjphp111.php?url=",
      "ext": {
        "flag": [
          "qq",
          "腾讯",
          "qiyi",
          "爱奇艺",
          "奇艺",
          "youku",
          "优酷",
          "mgtv",
          "芒果",
          "letv",
          "乐视",
          "pptv",
          "PPTV",
          "sohu",
          "bilibili",
          "FY",
          "哔哩"
        ],
        "header": {
          "User-Agent": "okhttp/4.1.0"
        }
      }
    },
    {
      "name": "♻️腾讯",
      "type": 0,
      "url": "https://jx.777jiexi.com/player/?url="
    },
    {
      "name": "♻️芒果",
      "type": 0,
      "url": "https://jx.jsonplayer.com/player/?url=",
      "ext": {
        "flag": [
          "qq",
          "腾讯",
          "qiyi",
          "爱奇艺",
          "奇艺",
          "youku",
          "优酷",
          "mgtv",
          "芒果",
          "letv",
          "乐视",
          "pptv",
          "PPTV",
          "sohu",
          "bilibili",
          "哔哩哔哩",
          "哔哩"
        ],
        "header": {
          "User-Agent": "okhttp/4.1.0"
        }
      }
    },
    {
      "name": "♻️优酷",
      "type": 0,
      "url": "https://yun.ckmov.com/?url=",
      "ext": {
        "flag": [
          "qq",
          "腾讯",
          "qiyi",
          "爱奇艺",
          "奇艺",
          "youku",
          "优酷",
          "mgtv",
          "芒果",
          "letv",
          "乐视",
          "pptv",
          "PPTV",
          "sohu",
          "bilibili",
          "哔哩哔哩",
          "哔哩"
        ],
        "header": {
          "User-Agent": "okhttp/4.1.0"
        }
      }
    },
    {
      "name": "♻️西瓜",
      "type": 0,
      "url": "https://www.nxflv.com/?url=",
      "ext": {
        "flag": [
          "qq",
          "腾讯",
          "企鹅",
          "IQiYi",
          "qiyi",
          "爱奇艺",
          "奇艺",
          "youku",
          "YouKu",
          "优酷",
          "sohu",
          "SoHu",
          "搜狐",
          "letv",
          "LeShi",
          "乐视",
          "imgo",
          "mgtv",
          "MangGuo",
          "芒果",
          "SLYS4k",
          "BYGA",
          "luanzi",
          "AliS",
          "dxzy",
          "bilibili",
          "QEYSS",
          "xigua",
          "西瓜视频",
          "腾讯视频",
          "奇艺视频",
          "优酷视频",
          "芒果视频",
          "乐视视频"
        ]
      }
    },
    {
      "name": "♻️搜狗",
      "type": 0,
      "url": "https://jx.m3u8.pw/?url="
    },
    {
      "name": "♻️高清1",
      "type": 0,
      "url": "https://www.8090g.cn/jiexi/?url=",
      "ext": {
        "header": {
          "User-Agent": "Mozilla/5.0"
        }
      }
    },
    {
      "name": "♻️高清2",
      "type": 0,
      "url": "https://www.ckmov.vip/api.php?url=",
      "ext": {
        "header": {
          "User-Agent": "Mozilla/5.0"
        }
      }
    },
    {
      "name": "♻️嗅探1号",
      "type": 0,
      "url": "https://okjx.cc/?url="
    },
    {
      "name": "♻️嗅探2号",
      "url": "https://jx.bozrc.com:4433/player/?url=",
      "showType": 1
    },
    {
      "name": "♻️嗅探3号",
      "type": 0,
      "url": "http://www.miaoys.cc/vip/?url="
    },
    {
      "name": "♻️嗅探4号",
      "type": 0,
      "url": "https://jx.ppjbk.cn/?url=",
      "ext": {
        "header": {
          "User-Agent": "Mozilla/5.0"
        }
      }
    },
    {
      "name": "♻️嗅探5号",
      "url": "https://jx.bozrc.com:4433/player/?url=",
      "type": 0,
      "ext": {
        "flag": [
          "qiyi",
          "imgo",
          "爱奇艺",
          "奇艺",
          "qq",
          "腾讯",
          "youku",
          "优酷",
          "pptv",
          "PPTV",
          "letv",
          "乐视",
          "leshi",
          "bilibili",
          "哔哩哔哩",
          "哔哩",
          "mgtv",
          "芒果",
          "sohu",
          "xigua",
          "fun",
          "风行"
        ],
        "header": {
          "User-Agent": "Mozilla/5.0"
        }
      }
    },
    {
      "name": "♻️嗅探6号",
      "type": 0,
      "url": "https://jx.4kdv.com/?url=",
      "ext": {
        "header": {
          "User-Agent": "okhttp/4.1.0"
        },
        "flag": [
          "qq",
          "腾讯",
          "qiyi",
          "爱奇艺",
          "奇艺",
          "youku",
          "优酷",
          "mgtv",
          "芒果",
          "letv",
          "leshi",
          "LS",
          "乐视",
          "pptv",
          "PPTV",
          "sohu",
          "bilibili",
          "哔哩哔哩",
          "哔哩"
        ]
      }
    },
    {
      "name": "♻️嗅探7号",
      "type": 0,
      "url": "https://jxdp.codermart.net/?url=",
      "ext": {
        "flag": [
          "qq",
          "腾讯",
          "qiyi",
          "爱奇艺",
          "奇艺",
          "youku",
          "优酷",
          "sohu",
          "搜狐",
          "letv",
          "乐视",
          "mgtv",
          "芒果",
          "rx",
          "ltnb",
          "bilibili",
          "1905",
          "xigua"
        ]
      }
    },
    {
      "name": "♻️龙1",
      "type": 1,
      "url": "http://j.grelighting.cn/parser88/?url="
    },
    {
      "name": "♻️龙2",
      "type": 0,
      "url": "https://jx.xmflv.com/?url=",
      "ext": {
        "flag": [
          "qq",
          "腾讯",
          "qiyi",
          "iqiyi",
          "爱奇艺",
          "奇艺",
          "youku",
          "优酷",
          "mgtv",
          "芒果",
          "letv",
          "乐视",
          "pptv",
          "PPTV",
          "sohu",
          "bilibili",
          "哔哩哔哩",
          "哔哩"
        ]
      }
    },
    {
      "name": "♻️龙3",
      "type": 0,
      "url": "https://www.ckmov.com/?url=",
      "ext": {
        "flag": [
          "qq",
          "腾讯",
          "qiyi",
          "iqiyi",
          "爱奇艺",
          "奇艺",
          "youku",
          "优酷",
          "mgtv",
          "芒果",
          "letv",
          "乐视",
          "pptv",
          "PPTV",
          "sohu",
          "bilibili",
          "哔哩哔哩",
          "哔哩"
        ]
      }
    },
    {
      "name": "♻️龙5",
      "type": 0,
      "url": "https://jx.aidouer.net/?url=",
      "ext": {
        "flag": [
          "qq",
          "腾讯",
          "qiyi",
          "iqiyi",
          "爱奇艺",
          "奇艺",
          "youku",
          "优酷",
          "mgtv",
          "芒果",
          "letv",
          "乐视",
          "pptv",
          "PPTV",
          "sohu",
          "bilibili",
          "哔哩哔哩",
          "哔哩"
        ]
      }
    },
    {
      "name": "♻️龙6",
      "type": 0,
      "url": "https://jx.zui.cm/?url=",
      "ext": {
        "flag": [
          "qq",
          "腾讯",
          "qiyi",
          "iqiyi",
          "爱奇艺",
          "奇艺",
          "youku",
          "优酷",
          "mgtv",
          "芒果",
          "letv",
          "乐视",
          "pptv",
          "PPTV",
          "sohu",
          "bilibili",
          "哔哩哔哩",
          "哔哩"
        ]
      }
    },
    {
      "name": "♻️龙7",
      "type": 0,
      "url": "https://www.yemu.xyz/?url=",
      "ext": {
        "flag": [
          "qq",
          "腾讯",
          "qiyi",
          "iqiyi",
          "爱奇艺",
          "奇艺",
          "youku",
          "优酷",
          "mgtv",
          "芒果",
          "letv",
          "乐视",
          "pptv",
          "PPTV",
          "sohu",
          "bilibili",
          "哔哩哔哩",
          "哔哩"
        ]
      }
    },
    {
      "name": "♻️龙8",
      "type": 0,
      "url": "https://jx.m3u8.tv/jiexi/?url=",
      "ext": {
        "flag": [
          "qq",
          "腾讯",
          "qiyi",
          "iqiyi",
          "爱奇艺",
          "奇艺",
          "youku",
          "优酷",
          "mgtv",
          "芒果",
          "letv",
          "乐视",
          "pptv",
          "PPTV",
          "sohu",
          "bilibili",
          "哔哩哔哩",
          "哔哩"
        ]
      }
    },
    {
      "name": "♻️龙9",
      "type": 0,
      "url": "https://okjx.cc/?url=",
      "ext": {
        "flag": [
          "qq",
          "腾讯",
          "qiyi",
          "iqiyi",
          "爱奇艺",
          "奇艺",
          "youku",
          "优酷",
          "mgtv",
          "芒果",
          "letv",
          "乐视",
          "pptv",
          "PPTV",
          "sohu",
          "bilibili",
          "哔哩哔哩",
          "哔哩"
        ]
      }
    },
    {
      "name": "♻️龙10",
      "type": 0,
      "url": "https://www.administratorw.com/index.php?url=",
      "ext": {
        "flag": [
          "qq",
          "腾讯",
          "qiyi",
          "iqiyi",
          "爱奇艺",
          "奇艺",
          "youku",
          "优酷",
          "mgtv",
          "letv",
          "乐视",
          "pptv",
          "PPTV",
          "sohu",
          "bilibili",
          "哔哩哔哩",
          "哔哩"
        ]
      }
    },
    {
      "name": "♻️龙11",
      "type": 0,
      "url": "https://api.qianqi.net/vip/?url=",
      "ext": {
        "flag": [
          "qq",
          "腾讯",
          "qiyi",
          "iqiyi",
          "爱奇艺",
          "奇艺",
          "youku",
          "优酷",
          "mgtv",
          "芒果",
          "letv",
          "乐视",
          "pptv",
          "PPTV",
          "sohu",
          "bilibili",
          "哔哩哔哩",
          "哔哩"
        ]
      }
    },
    {
      "name": "♻️龙12",
      "type": 0,
      "url": "https://www.ckplayer.vip/jiexi/?url=",
      "ext": {
        "flag": [
          "qq",
          "腾讯",
          "qiyi",
          "iqiyi",
          "爱奇艺",
          "奇艺",
          "youku",
          "优酷",
          "mgtv",
          "芒果",
          "letv",
          "乐视",
          "pptv",
          "PPTV",
          "sohu",
          "bilibili",
          "哔哩哔哩",
          "哔哩"
        ]
      }
    },
    {
      "name": "♻️龙13",
      "type": 0,
      "url": "https://jx.playerjy.com/?url=",
      "ext": {
        "flag": [
          "qq",
          "腾讯",
          "qiyi",
          "iqiyi",
          "爱奇艺",
          "奇艺",
          "youku",
          "优酷",
          "mgtv",
          "芒果",
          "letv",
          "乐视",
          "pptv",
          "PPTV",
          "sohu",
          "bilibili",
          "哔哩哔哩",
          "哔哩"
        ]
      }
    },
    {
      "name": "♻️龙14",
      "type": 0,
      "url": "https://ckmov.ccyjjd.com/ckmov/?url=",
      "ext": {
        "flag": [
          "qq",
          "腾讯",
          "qiyi",
          "iqiyi",
          "爱奇艺",
          "奇艺",
          "youku",
          "优酷",
          "mgtv",
          "芒果",
          "letv",
          "乐视",
          "pptv",
          "PPTV",
          "sohu",
          "bilibili",
          "哔哩哔哩",
          "哔哩"
        ]
      }
    },
    {
      "name": "♻️龙15",
      "type": 0,
      "url": "https://vip.bljiex.com/?v=",
      "ext": {
        "flag": [
          "qq",
          "腾讯",
          "qiyi",
          "iqiyi",
          "爱奇艺",
          "奇艺",
          "youku",
          "优酷",
          "mgtv",
          "芒果",
          "letv",
          "乐视",
          "pptv",
          "PPTV",
          "sohu",
          "bilibili",
          "哔哩哔哩",
          "哔哩"
        ]
      }
    },
    {
      "name": "♻️龙16",
      "type": 0,
      "url": "https://vip.laobandq.com/jiexi.php?url=",
      "ext": {
        "flag": [
          "qq",
          "腾讯",
          "qiyi",
          "iqiyi",
          "爱奇艺",
          "奇艺",
          "youku",
          "优酷",
          "mgtv",
          "芒果",
          "letv",
          "乐视",
          "pptv",
          "PPTV",
          "sohu",
          "bilibili",
          "哔哩哔哩",
          "哔哩"
        ]
      }
    },
    {
      "name": "♻️龙17",
      "type": 0,
      "url": "http://www.pangujiexi.cc/jiexi.php?url=",
      "ext": {
        "flag": [
          "qq",
          "腾讯",
          "qiyi",
          "iqiyi",
          "爱奇艺",
          "奇艺",
          "youku",
          "优酷",
          "mgtv",
          "芒果",
          "letv",
          "乐视",
          "pptv",
          "PPTV",
          "sohu",
          "bilibili",
          "哔哩哔哩",
          "哔哩"
        ]
      }
    },
    {
      "name": "♻️龙18",
      "type": 0,
      "url": "https://www.gai4.com/?url=",
      "ext": {
        "flag": [
          "qq",
          "腾讯",
          "qiyi",
          "iqiyi",
          "爱奇艺",
          "奇艺",
          "youku",
          "优酷",
          "mgtv",
          "芒果",
          "letv",
          "乐视",
          "pptv",
          "PPTV",
          "sohu",
          "bilibili",
          "哔哩哔哩",
          "哔哩"
        ]
      }
    },
    {
      "name": "♻️龙19",
      "type": 0,
      "url": "https://go.yh0523.cn/y.cy?url=",
      "ext": {
        "flag": [
          "qq",
          "腾讯",
          "qiyi",
          "iqiyi",
          "爱奇艺",
          "奇艺",
          "youku",
          "优酷",
          "mgtv",
          "芒果",
          "letv",
          "乐视",
          "pptv",
          "PPTV",
          "sohu",
          "bilibili",
          "哔哩哔哩",
          "哔哩"
        ]
      }
    },
    {
      "name": "♻️龙20",
      "type": 0,
      "url": "https://www.1717yun.com/jx/ty.php?url=",
      "ext": {
        "flag": [
          "qq",
          "腾讯",
          "qiyi",
          "iqiyi",
          "爱奇艺",
          "奇艺",
          "youku",
          "优酷",
          "mgtv",
          "芒果",
          "letv",
          "乐视",
          "pptv",
          "PPTV",
          "sohu",
          "bilibili",
          "哔哩哔哩",
          "哔哩"
        ]
      }
    },
    {
      "name": "♻️龙21",
      "type": 0,
      "url": "https://jx.4kdv.com/?url=",
      "ext": {
        "flag": [
          "qq",
          "腾讯",
          "qiyi",
          "iqiyi",
          "爱奇艺",
          "奇艺",
          "youku",
          "优酷",
          "mgtv",
          "芒果",
          "letv",
          "乐视",
          "pptv",
          "PPTV",
          "sohu",
          "bilibili",
          "哔哩哔哩",
          "哔哩"
        ]
      }
    },
    {
      "name": "♻️龙22",
      "type": 0,
      "url": "https://www.8090g.cn/?url=",
      "ext": {
        "flag": [
          "qq",
          "腾讯",
          "qiyi",
          "iqiyi",
          "爱奇艺",
          "奇艺",
          "youku",
          "优酷",
          "mgtv",
          "芒果",
          "letv",
          "乐视",
          "pptv",
          "PPTV",
          "sohu",
          "bilibili",
          "哔哩哔哩",
          "哔哩"
        ]
      }
    },
    {
      "name": "♻️龙23",
      "type": 0,
      "url": "https://www.nxflv.com/?url=",
      "ext": {
        "flag": [
          "qq",
          "腾讯",
          "qiyi",
          "iqiyi",
          "爱奇艺",
          "奇艺",
          "youku",
          "优酷",
          "mgtv",
          "芒果",
          "letv",
          "乐视",
          "pptv",
          "PPTV",
          "sohu",
          "bilibili",
          "哔哩哔哩",
          "哔哩"
        ]
      }
    },
    {
      "name": "♻️龙24",
      "type": 0,
      "url": "https://www.playm3u8.cn/jiexi.php?url=",
      "ext": {
        "flag": [
          "qq",
          "腾讯",
          "qiyi",
          "iqiyi",
          "爱奇艺",
          "奇艺",
          "youku",
          "优酷",
          "mgtv",
          "芒果",
          "letv",
          "乐视",
          "pptv",
          "PPTV",
          "sohu",
          "bilibili",
          "哔哩哔哩",
          "哔哩"
        ]
      }
    },
    {
      "name": "♻️龙25",
      "type": 0,
      "url": "https://api.jiexi.la/?url=",
      "ext": {
        "flag": [
          "qq",
          "腾讯",
          "qiyi",
          "iqiyi",
          "爱奇艺",
          "奇艺",
          "youku",
          "优酷",
          "mgtv",
          "芒果",
          "letv",
          "乐视",
          "pptv",
          "PPTV",
          "sohu",
          "bilibili",
          "哔哩哔哩",
          "哔哩"
        ]
      }
    },
    {
      "name": "♻️龙26",
      "type": 0,
      "url": "https://www.mtosz.com/m3u8.php?url=",
      "ext": {
        "flag": [
          "qq",
          "腾讯",
          "qiyi",
          "iqiyi",
          "爱奇艺",
          "奇艺",
          "youku",
          "优酷",
          "mgtv",
          "芒果",
          "letv",
          "乐视",
          "pptv",
          "PPTV",
          "sohu",
          "bilibili",
          "哔哩哔哩",
          "哔哩"
        ]
      }
    }
  ],
  "ijk": [
    {
      "group": "软解码",
      "options": [
        {
          "category": 4,
          "name": "opensles",
          "value": "0"
        },
        {
          "category": 4,
          "name": "overlay-format",
          "value": "842225234"
        },
        {
          "category": 4,
          "name": "framedrop",
          "value": "1"
        },
        {
          "category": 4,
          "name": "soundtouch",
          "value": "1"
        },
        {
          "category": 4,
          "name": "start-on-prepared",
          "value": "1"
        },
        {
          "category": 1,
          "name": "http-detect-range-support",
          "value": "0"
        },
        {
          "category": 2,
          "name": "skip_loop_filter",
          "value": "48"
        },
        {
          "category": 4,
          "name": "reconnect",
          "value": "1"
        },
        {
          "category": 4,
          "name": "enable-accurate-seek",
          "value": "0"
        },
        {
          "category": 4,
          "name": "mediacodec",
          "value": "0"
        },
        {
          "category": 4,
          "name": "mediacodec-auto-rotate",
          "value": "0"
        },
        {
          "category": 4,
          "name": "mediacodec-handle-resolution-change",
          "value": "0"
        },
        {
          "category": 4,
          "name": "mediacodec-hevc",
          "value": "0"
        },
        {
          "category": 1,
          "name": "dns_cache_timeout",
          "value": "600000000"
        }
      ]
    },
    {
      "group": "硬解码",
      "options": [
        {
          "category": 4,
          "name": "opensles",
          "value": "0"
        },
        {
          "category": 4,
          "name": "overlay-format",
          "value": "842225234"
        },
        {
          "category": 4,
          "name": "framedrop",
          "value": "1"
        },
        {
          "category": 4,
          "name": "soundtouch",
          "value": "1"
        },
        {
          "category": 4,
          "name": "start-on-prepared",
          "value": "1"
        },
        {
          "category": 1,
          "name": "http-detect-range-support",
          "value": "0"
        },
        {
          "category": 1,
          "name": "fflags",
          "value": "fastseek"
        },
        {
          "category": 2,
          "name": "skip_loop_filter",
          "value": "48"
        },
        {
          "category": 4,
          "name": "reconnect",
          "value": "1"
        },
        {
          "category": 4,
          "name": "enable-accurate-seek",
          "value": "0"
        },
        {
          "category": 4,
          "name": "mediacodec",
          "value": "1"
        },
        {
          "category": 4,
          "name": "mediacodec-auto-rotate",
          "value": "1"
        },
        {
          "category": 4,
          "name": "mediacodec-handle-resolution-change",
          "value": "1"
        },
        {
          "category": 4,
          "name": "mediacodec-hevc",
          "value": "1"
        },
        {
          "category": 1,
          "name": "dns_cache_timeout",
          "value": "600000000"
        }
      ]
    }
  ],
  "ads": [
    "https://lf1-cdn-tos.bytegoofy.com/obj/tos-cn-i-dy/455ccf9e8ae744378118e4bd289288dd",
    "mimg.0c1q0l.cn",
    "www.googletagmanager.com",
    "www.google-analytics.com",
    "wan.51img1.com",
    "mc.usihnbcq.cn",
    "mg.g1mm3d.cn",
    "mscs.svaeuzh.cn",
    "cnzz.hhttm.top",
    "tp.vinuxhome.com",
    "cnzz.mmstat.com",
    "www.baihuillq.com",
    "s23.cnzz.com",
    "z3.cnzz.com",
    "c.cnzz.com",
    "stj.v1vo.top",
    "z12.cnzz.com",
    "img.mosflower.cn",
    "tips.gamevvip.com",
    "ehwe.yhdtns.com",
    "xdn.cqqc3.com",
    "www.jixunkyy.cn",
    "sp.chemacid.cn",
    "hm.baidu.com",
    "s9.cnzz.com",
    "z6.cnzz.com",
    "um.cavuc.com",
    "mav.mavuz.com",
    "wofwk.aoidf3.com",
    "z5.cnzz.com",
    "xc.hubeijieshikj.cn",
    "tj.tianwenhu.com",
    "xg.gars57.cn",
    "k.jinxiuzhilv.com",
    "cdn.bootcss.com",
    "ppl.xunzhuo123.com",
    "xomk.jiangjunmh.top",
    "img.xunzhuo123.com",
    "z1.cnzz.com",
    "s13.cnzz.com",
    "xg.huataisangao.cn",
    "z7.cnzz.com",
    "xg.huataisangao.cn",
    "z2.cnzz.com",
    "s96.cnzz.com",
    "q11.cnzz.com",
    "thy.dacedsfa.cn",
    "xg.whsbpw.cn",
    "s19.cnzz.com",
    "z8.cnzz.com",
    "s4.cnzz.com",
    "f5w.as12df.top",
    "ae01.alicdn.com",
    "www.92424.cn",
    "k.wudejia.com",
    "vivovip.mmszxc.top",
    "qiu.xixiqiu.com",
    "cdnjs.hnfenxun.com",
    "cms.qdwght.com"
  ]
}