{
  "spider": "https://m.tv555.cc/box/Yoursmile.jar",
  "wallpaper": "https://tuapi.eees.cc/api.php?category=fengjing&type=302",
  "sites": [
    {
     
      "key": "csp_DouDou",
      "name": "💘万达官网┃www.w1988.cc",
      "type": 3,
      "api": "csp_DouDou",
      "searchable": 0,
      "quickSearch": 0,
      "filterable": 1
    },
    {
      "key": "骚火",
      "name": "💘秒播电影",
      "type": 3,
      "api": "csp_XBPQ",
      "playerType": "2",
      "searchable": 1,
      "quickSearch": 1,
      "filterable": 1,
      "ext": {
        "分类url": "https://shdy2.com/list/{cateId}-{catePg}.html;;r1da",
        "分类": "电影$1#电视剧$2#韩剧$22#美剧$23#动漫$4",
        "ocr": "https://api.xhofe.top/ocr/b64/text",
        "数组二次截取": "class=\"v_list\">&&</ul>",
        "数组": "\"v_img\"&&/div>",
        "标题": "title=\"&&\"",
        "副标题": "v_note\"&&</div",
        "跳转播放链接": "<iframe*src=\"&&\"",
        "二次跳转播放链接": "https://hkjx.hhplayer.com/api.php;post;url=+var url*\"&&\"+&t=+var t*\"&&\"+&key=+var key*\"&&\"+&act=0+&play=1",
        "三次跳转播放链接": "\"url\"*\"&&\""
      }
    },
    {
        
         "key": "新片热播",
      "name": "💘新片热播",
      "type": 1,
      "api": "https://api.iku.cool/api.php/provide/vod/?ac=list",
      "searchable": 1,
      "quickSearch": 1,
      "filterable": 0,
      "categories": [
        "电影",
        "连续剧",
        "动漫",
        "综艺"
      ]
    },
    {
        
   
     


  "key": "csp_WDzy",
      "name": "💘万达影院",
      "type": 1,
      "api": "http://www.duse.pro//api.php/provide/vod/?ac=list",
      "searchable": 1,
      "quickSearch": 1,
      "filterable": 1,
      "categories": [
    
       
        
        "电影直播-放映厅",
        "电视直播-放映厅",
        "体育直播-放映厅",
        "爱情片",
        "剧情片",
        "战争片",
        "记录片",
        "国产剧",
        "欧美剧",
        "香港剧",
        "韩国剧",
        "台湾剧",
        "日本剧",
        "海外剧",
        "泰国剧",
        "国产动漫",
        "日韩动漫",
        "欧美动漫",
        "港台动漫",
        "海外动漫",
        "大陆综艺",
        "港台综艺",
        "日韩综艺",
        "欧美综艺"
      ]
    },
    {


    
        
      "key": "奇优",
      "name": "💘快播",
      "type": 3,
      "api": "csp_XBPQ",
      "searchable": 1,
      "quickSearch": 1,
      "filterable": 1,
      "ext": "https://googe.cc/box/mv/奇优.json"
    },
    {
      "key": "360",
      "name": "💘官方",
      "type": 3,
      "api": "csp_SP33",
      "searchable": 1,
      "quickSearch": 1,
      "filterable": 1,
      "changeable": 0
    },
    {
      "key": "csp_Bttwoo",
      "name": "💘超快",
      "type": 3,
      "api": "csp_Bttwoo",
      "searchable": 1,
      "quickSearch": 1,
      "filterable": 1
    },
    {
      "key": "爱迪",
      "name": "💘高清",
      "type": 3,
      "api": "csp_AppYsV2",
      "searchable": 1,
      "quickSearch": 1,
      "filterable": 1,
      "ext": "https://api123.adys.app/xgapp.php/v3/"
    },
    {
      "key": "骑骑影院",
      "name": "💘我┃影院",
      "type": 3,
      "playerType": 2,
      "api": "csp_AppYsV2",
      "searchable": 1,
      "quickSearch": 1,
      "filterable": 1,
      "ext": "https://www.gsjtlxy.top/xgapp.php/v3/"
    },
    {
      "key": "app_轻简",
      "name": "💘爱┃影视",
      "type": 1,
      "api": "http://1.ahailove.cn:23456/cj/api.php/provide/vod/",
      "categories": [
        "电影",
        "电视剧",
        "综艺",
        "动漫"
      ]
    },
    {
      "key": "csp_Nmys",
      "name": "💘看┃影视",
      "type": 3,
      "api": "csp_Nmys",
      "searchable": 1,
      "quickSearch": 1,
      "filterable": 1,
      "ext": "https://szyyds.cn/tv/js/nmys.json"
    },
    {
        
   "key": "csp_短剧",
      "name": "💘看┃短剧",
      "type": 3,
      "api": "csp_XBPQ",
      "searchable": 1,
      "quickSearch": 1,
      "filterable": 1,
      "ext": "https://www.tv555.cc/tv/lib/短剧网.json"
    },
    {     
        
        
        
      "key": "BD",
      "name": "🧡BD┃资源",
      "type": 1,
      "api": "https://api.apibdzy.com/api.php/provide/vod/",
      "searchable": 1,
      "filterable": 0,
      "categories": [
        "国产动漫",
        "日韩动漫",
        "大陆剧",
        "欧美剧",
        "韩剧",
        "日剧",
        "动作片",
        "喜剧片",
        "爱情片",
        "科幻片",
        "恐怖片",
        "剧情片",
        "战争片"
      ]
    },
    {
         "key": "meowtv_77yy",
      "name": "🧡七七┃影视",
      "type": 3,
      "api": "csp_Kunyu77",
      "searchable": 1,
      "quickSearch": 1,
      "changeable": 1
    },
    {
      "key": "meowtv_yqks",
      "name": "🧡一起┃影视",
      "type": 3,
      "api": "csp_YQKan",
      "searchable": 1,
      "quickSearch": 1,
      "changeable": 1
    },
    {
      "key": "meowtv_Btoo",
      "name": "🧡比特┃影视",
      "type": 3,
      "api": "csp_Bttwoo",
      "searchable": 1,
      "quickSearch": 1,
      "changeable": 1
    },
    {
        
        "key": "meowtv_33ys",
      "name": "💜三六┃视频",
      "type": 3,
      "api": "csp_SP33",
      "searchable": 1,
      "quickSearch": 1,
      "changeable": 0
    },
    {
        
       "key": "腾讯资源",
      "name": "️🌿┃腾讯影视",
      "type": 1,
      "api": "http://playersll.gaoxin155.com.cn/api.php/provide/vod/from/qq/?at/xml/",
      "searchable": 1,
      "quickSearch": 1,
      "filterable": 1,
      "categories": [
        "国产剧",
        "韩国剧",
        "香港剧",
        "台湾剧",
        "欧美剧",
        "动作片",
        "科幻片",
        "战争片",
        "奇幻片",
        "喜剧片",
        "爱情片",
        "恐怖片",
        "犯罪片",
        "悬疑片",
        "惊悚片",
        "剧情片",
        "冒险片",
        "记录片",
        "综艺",
        "动漫"
      ]
    },
    {
      "key": "芒果资源",
      "name": "️🌿┃芒果影视",
      "type": 1,
      "api": "http://playersll.gaoxin155.com.cn/api.php/provide/vod/from/mgtv/?at/xml/",
      "searchable": 1,
      "quickSearch": 1,
      "filterable": 1,
      "categories": [
        "国产剧",
        "韩国剧",
        "香港剧",
        "台湾剧",
        "欧美剧",
        "动作片",
        "科幻片",
        "战争片",
        "奇幻片",
        "喜剧片",
        "爱情片",
        "恐怖片",
        "犯罪片",
        "悬疑片",
        "惊悚片",
        "剧情片",
        "冒险片",
        "记录片",
        "综艺",
        "动漫"
      ]
    },
    {
      "key": "爱奇艺资源",
      "name": "️🌿┃奇艺影视",
      "type": 1,
      "api": "http://playersll.gaoxin155.com.cn/api.php/provide/vod/from/qiyi/?at/xml/",
      "searchable": 1,
      "quickSearch": 1,
      "filterable": 1,
      "categories": [
        "国产剧",
        "韩国剧",
        "香港剧",
        "台湾剧",
        "欧美剧",
        "动作片",
        "科幻片",
        "战争片",
        "奇幻片",
        "喜剧片",
        "爱情片",
        "恐怖片",
        "犯罪片",
        "悬疑片",
        "惊悚片",
        "剧情片",
        "冒险片",
        "记录片",
        "综艺",
        "动漫"
      ]
    },
    {
      "key": "优酷资源",
      "name": "️🌿┃优酷影视",
      "type": 1,
      "api": "http://playersll.gaoxin155.com.cn/api.php/provide/vod/from/youku/?at/xml/",
      "searchable": 1,
      "quickSearch": 1,
      "filterable": 1,
      "categories": [
        "国产剧",
        "韩国剧",
        "香港剧",
        "台湾剧",
        "欧美剧",
        "动作片",
        "科幻片",
        "战争片",
        "奇幻片",
        "喜剧片",
        "爱情片",
        "恐怖片",
        "犯罪片",
        "悬疑片",
        "惊悚片",
        "剧情片",
        "冒险片",
        "记录片",
        "综艺",
        "动漫"
      ]
    },
    {
      "key": "搜狐资源",
      "name": "️🌿┃搜狐影视",
      "type": 1,
      "api": "http://playersll.gaoxin155.com.cn/api.php/provide/vod/from/sohu/?at/xml/",
      "searchable": 1,
      "quickSearch": 1,
      "filterable": 1,
      "categories": [
        "国产剧",
        "韩国剧",
        "香港剧",
        "台湾剧",
        "欧美剧",
        "动作片",
        "科幻片",
        "战争片",
        "奇幻片",
        "喜剧片",
        "爱情片",
        "恐怖片",
        "犯罪片",
        "悬疑片",
        "惊悚片",
        "剧情片",
        "冒险片",
        "记录片",
        "综艺",
        "动漫"
      ]
    },
    {
        
         "key": "360影视",
      "name": "🌿┃360官源",
      "type": 3,
      "api": "csp_XBPQ",
      "searchable": 1,
      "changeable": 1,
      "ext": "https://www.tv555.cc/tv/lib/360影视.json"
    },
    {
        
        
      "key": "cjzy_暴风资源",
      "name": "🌪️暴风影视",
      "type": 1,
      "api": "https://bfzyapi.com/api.php/provide/vod/?ac=list",
      "playUrl": "",
      "categories": [
        "国产剧",
        "国产动漫",
        "大陆综艺",
        "港台综艺",
        "香港剧",
        "台湾剧",
        "日本剧",
        "欧美剧",
        "泰国剧",
        "日本动漫",
        "日本综艺",
        "综艺频道",
        "新马泰综艺",
        "科幻片",
        "喜剧片",
        "战争片"
      ]
    },
    {
   
      "key": "csp_SNzy",
      "name": "🛸索尼高清",
      "type": 1,
      "api": "https://suoniapi.com/api.php/provide/vod/?ac=list",
      "searchable": 1,
      "quickSearch": 1,
      "filterable": 1,
      "categories": [
        "动作片",
        "喜剧片",
        "科幻片",
        "恐怖片",
        "爱情片",
        "剧情片",
        "战争片",
        "记录片",
        "国产剧",
        "欧美剧",
        "香港剧",
        "韩国剧",
        "台湾剧",
        "日本剧",
        "海外剧",
        "泰国剧",
        "国产动漫",
        "日韩动漫",
        "欧美动漫",
        "港台动漫",
        "海外动漫",
        "大陆综艺",
        "港台综艺",
        "日韩综艺",
        "欧美综艺"
      ]
    },
    {
      "key": "49ys",
      "name": "🎬49影视",
      "type": 1,
      "api": "https://49zyw.com/api.php/provide/vod/?ac=list",
      "searchable": 1,
      "quickSearch": 1,
      "filterable": 1,
      "categories": [
        "动作片",
        "喜剧片",
        "科幻片",
        "恐怖片",
        "爱情片",
        "剧情片",
        "战争片",
        "记录片",
        "国产剧",
        "欧美剧",
        "香港剧",
        "韩国剧",
        "台湾剧",
        "日本剧",
        "海外剧",
        "泰国剧",
        "国产动漫",
        "日韩动漫",
        "欧美动漫",
        "港台动漫",
        "海外动漫",
        "大陆综艺",
        "港台综艺",
        "日韩综艺",
        "欧美综艺"
      ]
    },
    {
      "key": "Freeok",
      "name": "💘Freeok",
      "type": 3,
      "api": "csp_XBPQ",
      "playerType": "1",
      "searchable": 1,
      "quickSearch": 1,
      "filterable": 1,
      "ext": {
        "分类url": "https://www.freeok.vip/vodshow/{cateId}-{area}-{by}-{class}-----{catePg}---{year}.html;;m",
        "分类": "电影&剧集&动漫&综艺",
        "搜索url": "https://www.cupfox.app/s/{wd}",
        "分类值": "1&2&3&4",
        "嗅探词": "m3u8#.m3u8#.mp4#mp4",
        "搜索二次截取": "type=\"application/json\">&&</script>",
        "搜索数组": "{\"te&&}[包含:freeok]",
        "搜索图片": "https://s1.ax1x.com/2023/07/13/pChRQaD.jpg",
        "搜索标题": "xt\":\"&&\"",
        "搜索链接": "\"url\":\"&&\"",
        "搜索副标题": "FREEOK",
        "搜索模式": "1",
        "导演": "导演：&&</div>",
        "主演": "主演：&&</div>",
        "简介": "<p>&&</p>"
      }
    },
    {
      "key": "drpy_js_虎牙直播",
      "name": "🐯虎牙直播",
      "type": 3,
      "api": "https://agit.ai/Yoursmile7/TVBox/raw/branch/master/js/lib/drpy2.min.js",
      "searchable": 0,
      "quickSearch": 0,
      "filterable": 0,
      "ext": "https://agit.ai/Yoursmile7/TVBox/raw/branch/master/js/虎牙直播.js"
    },
    {
      "key": "drpy_js_斗鱼直播",
      "name": "🐠斗鱼直播",
      "type": 3,
      "api": "https://agit.ai/Yoursmile7/TVBox/raw/branch/master/js/lib/drpy2.min.js",
      "searchable": 0,
      "quickSearch": 0,
      "filterable": 0,
      "ext": "https://agit.ai/Yoursmile7/TVBox/raw/branch/master/js/斗鱼直播.js"
    },
    {
      "key": "drpy_js_有声小说吧",
      "name": "有声小说吧",
      "type": 3,
      "api": "https://agit.ai/Yoursmile7/TVBox/raw/branch/master/js/lib/drpy2.min.js",
      "playerType": "2",
      "searchable": 0,
      "quickSearch": 0,
      "filterable": 0,
      "ext": "https://agit.ai/Yoursmile7/TVBox/raw/branch/master/js/有声小说吧.js"
    },
    {
      "key": "drpy_js_88看球",
      "name": "88看球",
      "type": 3,
      "api": "https://agit.ai/Yoursmile7/TVBox/raw/branch/master/js/lib/drpy2.min.js",
      "searchable": 0,
      "quickSearch": 0,
      "filterable": 0,
      "ext": "https://agit.ai/Yoursmile7/TVBox/raw/branch/master/js/88看球.js"
    },
    {
      "key": "drpy_js_JRKAN直播",
      "name": "JRKAN直播",
      "type": 3,
      "api": "https://agit.ai/Yoursmile7/TVBox/raw/branch/master/js/lib/drpy.min.js",
      "searchable": 0,
      "quickSearch": 0,
      "filterable": 0,
      "ext": "https://agit.ai/Yoursmile7/TVBox/raw/branch/master/js/JRKAN直播.js"
    },
    {
      "key": "短视频",
      "name": "☘️短视频",
      "type": 3,
      "api": "csp_XBPQ",
      "searchable": 0,
      "quickSearch": 0,
      "filterable": 1,
      "ext": {
        "主页url": "http://www.sharenice.net",
        "直接播放": "1",
        "嗅探词": ".m3u8#m3u8?#.mp4#mp4?#ixigua#.czspp#.flv#.mp3#.m4a#?item/video#is_play_url=1#play/?#qianpailive",
        "分类": "抖音&快手&微视&火山&场库&美拍&秒拍&全民&梨&好兔&开眼&美女&搞笑&社会&音乐&娱乐&影视&正能量&生活&动漫&萌系&美食&体育&游戏&明星&旅游&时尚",
        "分类值": "douyin&kuaishou&weishi&huoshan&changku&meipai&miaopai&quanmin&lishipin&haotu&kaiyan&t-576O5aWz&t-5pCe56yR&t-56S+5Lya&t-6Z+z5LmQ&t-5aix5LmQ&t-5b2x6KeG&t-5q2j6IO96YeP&t-55Sf5rS7&t-5Yqo5ryr&t-6JCM57O7&t-576O6aOf&t-5L2T6IKy&t-5ri45oiP&t-5piO5pif&t-5peF5ri4&t-5pe25bCa",
        "分类url": "http://www.sharenice.net/{cateId}?page={catePg}",
        "二次截取": "class=\"item-box\">&&</ul>",
        "数组": "<li&&</li>",
        "图片": "data-original=\"&&\"",
        "标题": "title=\"&&\"",
        "链接": "href=\"&&\""
      }
    },
    {
      "key": "MV_vod",
      "name": "🎸明星MV",
      "type": 1,
      "api": "https://mv.wogg.link/mv/vod",
      "searchable": 0,
      "quickSearch": 0,
      "filterable": 1
    },
    {
      "key": "酷奇MV",
      "name": "🎤酷奇MV",
      "type": 3,
      "api": "csp_XBPQ",
      "searchable": 0,
      "quickSearch": 0,
      "filterable": 1,
      "ext": {
        "主页url": "https://www.kuqimv.com",
        "直接播放": "1",
        "短视频": "1",
        "分类": "华语高清$1#日韩精选$2#欧美MV$3#高清现场$4#影视MV$5#夜店视频$6#车模视频$7#热舞视频$8#美女写真$9#美女打碟$10",
        "分类url": "https://www.kuqimv.com/play/{cateId}_{catePg}.html;;z",
        "数组": "<li>&&</li>",
        "标题": "title=\"&&\"",
        "副标题": "target=\"play\">&&<",
        "搜索模式": "1",
        "搜索url": "https://www.kuqimv.com/search.php?key={wd}"
      }
    },
    {
      "key": "csp_Bili",
      "name": "🅱️哔哩哔哩",
      "type": 3,
      "api": "csp_Bili",
      "searchable": 0,
      "quickSearch": 0,
      "filterable": 1,
      "ext": "https://agit.ai/Yoursmile7/TVBox/raw/branch/master/sub/Bili.json"
    },
    {
      "key": "相声小品",
      "name": "🅱️相声小品",
      "type": 3,
      "api": "csp_Bili",
      "searchable": 0,
      "quickSearch": 0,
      "filterable": 1,
      "ext": "https://agit.ai/Yoursmile7/TVBox/raw/branch/master/sub/Blixs.json"
    },
    {
      "key": "戏曲",
      "name": "🅱️戏曲",
      "type": 3,
      "api": "csp_Bili",
      "searchable": 0,
      "quickSearch": 0,
      "filterable": 1,
      "ext": "https://agit.ai/Yoursmile7/TVBox/raw/branch/master/sub/Blixq.json"
    },
    {
      "key": "少儿",
      "name": "🅱️少儿",
      "type": 3,
      "api": "csp_Bili",
      "searchable": 0,
      "quickSearch": 0,
      "filterable": 1,
      "ext": "https://agit.ai/Yoursmile7/TVBox/raw/branch/master/sub/少儿教育.json"
    },
    {
      "key": "小学",
      "name": "🅱️小学",
      "type": 3,
      "api": "csp_Bili",
      "searchable": 0,
      "quickSearch": 0,
      "filterable": 1,
      "ext": "https://agit.ai/Yoursmile7/TVBox/raw/branch/master/sub/小学课堂.json"
    },
    {
      "key": "初中",
      "name": "🅱️初中",
      "type": 3,
      "api": "csp_Bili",
      "searchable": 0,
      "quickSearch": 0,
      "filterable": 1,
      "ext": "https://agit.ai/Yoursmile7/TVBox/raw/branch/master/sub/初中课堂.json"
    },
    {
      "key": "高中",
      "name": "🅱️高中",
      "type": 3,
      "api": "csp_Bili",
      "searchable": 0,
      "quickSearch": 0,
      "filterable": 1,
      "ext": "https://agit.ai/Yoursmile7/TVBox/raw/branch/master/sub/高中课堂.json"
    }
  ],
  "parses": [
    {
      "name": "Web聚合",
      "type": 3,
      "url": "Web"
    },
    {
      "name": "Json聚合",
      "type": 3,
      "url": "Demo"
    },
    {
      "name": "哥哥们",
      "type": 1,
      "url": "https://jx.xmflv.com/?url="
    },
    {
      "name": "战狼",
      "type": 0,
      "url": "https://jx.qqwtt.com/?url=",
      "ext": {
        "flag": [
          "qq",
          "腾讯",
          "qiyi",
          "爱奇艺",
          "奇艺",
          "youku",
          "优酷",
          "mgtv",
          "芒果",
          "letv",
          "乐视",
          "pptv",
          "PPTV",
          "sohu",
          "bilibili",
          "哔哩哔哩",
          "哔哩"
        ]
      }
    },
    {
      "name": "777",
      "type": 0,
      "url": "https://jx.777jiexi.com/player/?url=",
      "ext": {
        "flag": [
          "qq",
          "腾讯",
          "qiyi",
          "爱奇艺",
          "奇艺",
          "youku",
          "优酷",
          "mgtv",
          "芒果",
          "letv",
          "乐视",
          "pptv",
          "PPTV",
          "sohu",
          "bilibili",
          "哔哩哔哩",
          "哔哩"
        ],
        "header": {
          "User-Agent": "okhttp/4.1.0"
        }
      }
    },
    {
      "name": "jsonplayer",
      "type": 0,
      "url": "https://jx.jsonplayer.com/player/?url=",
      "ext": {
        "flag": [
          "qq",
          "腾讯",
          "qiyi",
          "爱奇艺",
          "奇艺",
          "youku",
          "优酷",
          "mgtv",
          "芒果",
          "letv",
          "乐视",
          "pptv",
          "PPTV",
          "sohu",
          "bilibili",
          "哔哩哔哩",
          "哔哩"
        ],
        "header": {
          "User-Agent": "okhttp/4.1.0"
        }
      }
    },
    {
      "name": "xmflv",
      "type": 0,
      "url": "https://jx.xmflv.com/?url=",
      "ext": {
        "flag": [
          "qq",
          "腾讯",
          "qiyi",
          "爱奇艺",
          "奇艺",
          "youku",
          "优酷",
          "mgtv",
          "芒果",
          "letv",
          "乐视",
          "pptv",
          "PPTV",
          "sohu",
          "bilibili",
          "哔哩哔哩",
          "哔哩"
        ]
      }
    },
    {
      "name": "bozrc",
      "type": 0,
      "url": "https://jx.m3u8.tv/jiexi/?url=",
      "ext": {
        "flag": [
          "qq",
          "腾讯",
          "qiyi",
          "爱奇艺",
          "奇艺",
          "youku",
          "优酷",
          "mgtv",
          "芒果",
          "letv",
          "乐视",
          "pptv",
          "PPTV",
          "sohu",
          "bilibili",
          "哔哩哔哩",
          "哔哩"
        ],
        "header": {
          "User-Agent": "okhttp/4.1.0"
        }
      }
    },
    {
      "name": "ckmov",
      "type": 0,
      "url": "https://jx.xmflv.com/?url=",
      "ext": {
        "flag": [
          "qq",
          "腾讯",
          "qiyi",
          "爱奇艺",
          "奇艺",
          "youku",
          "优酷",
          "mgtv",
          "芒果",
          "letv",
          "乐视",
          "pptv",
          "PPTV",
          "sohu",
          "bilibili",
          "哔哩哔哩",
          "哔哩"
        ]
      }
    }
  ],
  "lives": [
    {
      "name": "live",
      "type": 0,
      "url": "https://m.tv555.cc/box/live.txt",
      "playerType": 1,
      "ua": "okhttp/3.15",
      "epg": "http://diyp.112114.xyz/?ch={name}&date={date}",
      "logo": "https://epg.112114.xyz/logo/{name}.png"
    }
  ],
  "doh": [
    {
      "name": "Google",
      "url": "https://dns.google/dns-query",
      "ips": [
        "8.8.4.4",
        "8.8.8.8"
      ]
    },
    {
      "name": "Cloudflare",
      "url": "https://cloudflare-dns.com/dns-query",
      "ips": [
        "1.1.1.1",
        "1.0.0.1",
        "2606:4700:4700::1111",
        "2606:4700:4700::1001"
      ]
    },
    {
      "name": "AdGuard",
      "url": "https://dns.adguard.com/dns-query",
      "ips": [
        "94.140.14.140",
        "94.140.14.141"
      ]
    },
    {
      "name": "DNSWatch",
      "url": "https://resolver2.dns.watch/dns-query",
      "ips": [
        "84.200.69.80",
        "84.200.70.40"
      ]
    },
    {
      "name": "Quad9",
      "url": "https://dns.quad9.net/dns-quer",
      "ips": [
        "9.9.9.9",
        "149.112.112.112"
      ]
    }
  ],
  "rules": [
    {
      "name": "lz",
      "hosts": [
        "vip.lz",
        "hd.lz",
        "v.cdnlz"
      ],
      "regex": [
        "#EXT-X-DISCONTINUITY\\r*\\n*#EXTINF:6.433333,[\\s\\S]*?#EXT-X-DISCONTINUITY",
        "#EXTINF.*?\\s+.*?1o.*?\\.ts\\s+"
      ]
    },
    {
      "name": "wn",
      "hosts": [
        "vip.123pan.cn",
        "rescdn.wuxivlog.cn"
      ],
      "regex": [
        "#EXT-X-DISCONTINUITY\\r*\\n*#EXTINF:20.840000,[\\s\\S]*?#EXT-X-DISCONTINUITY",
        "#EXT-X-DISCONTINUITY\\r*\\n*#EXTINF:10.120000,[\\s\\S]*?#EXT-X-DISCONTINUITY",
        "#EXTINF.*?\\s+.*?1o.*?\\.ts\\s+"
      ]
    },
    {
      "name": "nm",
      "hosts": [
        "toutiaovod.com"
      ],
      "regex": [
        "video/tos/cn"
      ]
    },
    {
      "name": "ff",
      "hosts": [
        "vip.ffzy",
        "hd.ffzy"
      ],
      "regex": [
        "#EXT-X-DISCONTINUITY\\r*\\n*#EXTINF:6.666667,[\\s\\S]*?#EXT-X-DISCONTINUITY",
        "#EXTINF.*?\\s+.*?1o.*?\\.ts\\s+"
      ]
    },
    {
      "name": "bf",
      "hosts": [
        "bfzy",
        "s5.bfzycdn"
      ],
      "regex": [
        "#EXT-X-DISCONTINUITY\\r*\\n*#EXTINF:3,[\\s\\S]*?#EXT-X-DISCONTINUITY"
      ]
    },
    {
      "name": "hs",
      "hosts": [
        "huoshan.com"
      ],
      "regex": [
        "item_id="
      ]
    },
    {
      "name": "dy",
      "hosts": [
        "douyin.com"
      ],
      "regex": [
        "is_play_url="
      ]
    },
    {
      "name": "cl",
      "hosts": [
        "magnet"
      ],
      "regex": [
        "最 新",
        "直 播",
        "更 新"
      ]
    }
  ],
  "flags": [
    "youku",
    "qq",
    "QQ",
    "iqiyi",
    "qiyi",
    "letv",
    "sohu",
    "tudou",
    "pptv",
    "PPTV",
    "mgtv",
    "ltnb",
    "rx",
    "SLYS4k",
    "BYGA",
    "BYGB",
    "luanzi",
    "dxzy",
    "QEYSS",
    "aliyun",
    "AliS",
    "122",
    "chuangying",
    "CL4K",
    "xfyun",
    "wuduzy",
    "wasu",
    "bilibili",
    "renrenmi",
    "xmm",
    "xigua",
    "m1905",
    "funshion",
    "优酷",
    "芒果",
    "腾讯",
    "爱奇艺",
    "奇艺",
    "哔哩哔哩",
    "哔哩",
    "西瓜视频",
    "腾讯视频",
    "奇艺视频",
    "优酷视频",
    "芒果视频",
    "乐视视频",
    "FY",
    "fy",
    "FeiYun",
    "feiyun",
    "飞云"
  ],
  "ijk": [
    {
      "group": "软解码",
      "options": [
        {
          "category": 4,
          "name": "opensles",
          "value": "0"
        },
        {
          "category": 4,
          "name": "overlay-format",
          "value": "842225234"
        },
        {
          "category": 4,
          "name": "framedrop",
          "value": "1"
        },
        {
          "category": 4,
          "name": "soundtouch",
          "value": "1"
        },
        {
          "category": 4,
          "name": "start-on-prepared",
          "value": "1"
        },
        {
          "category": 1,
          "name": "http-detect-rangeupport",
          "value": "0"
        },
        {
          "category": 1,
          "name": "fflags",
          "value": "fastseek"
        },
        {
          "category": 2,
          "name": "skip_loop_filter",
          "value": "48"
        },
        {
          "category": 4,
          "name": "reconnect",
          "value": "1"
        },
        {
          "category": 4,
          "name": "enable-accurateeek",
          "value": "0"
        },
        {
          "category": 4,
          "name": "mediacodec",
          "value": "0"
        },
        {
          "category": 4,
          "name": "mediacodec-auto-rotate",
          "value": "0"
        },
        {
          "category": 4,
          "name": "mediacodec-handle-resolution-change",
          "value": "0"
        },
        {
          "category": 4,
          "name": "mediacodec-hevc",
          "value": "0"
        },
        {
          "category": 1,
          "name": "dns_cache_timeout",
          "value": "600000000"
        }
      ]
    },
    {
      "group": "硬解码",
      "options": [
        {
          "category": 4,
          "name": "opensles",
          "value": "0"
        },
        {
          "category": 4,
          "name": "overlay-format",
          "value": "842225234"
        },
        {
          "category": 4,
          "name": "framedrop",
          "value": "1"
        },
        {
          "category": 4,
          "name": "soundtouch",
          "value": "1"
        },
        {
          "category": 4,
          "name": "start-on-prepared",
          "value": "1"
        },
        {
          "category": 1,
          "name": "http-detect-rangeupport",
          "value": "0"
        },
        {
          "category": 1,
          "name": "fflags",
          "value": "fastseek"
        },
        {
          "category": 2,
          "name": "skip_loop_filter",
          "value": "48"
        },
        {
          "category": 4,
          "name": "reconnect",
          "value": "1"
        },
        {
          "category": 4,
          "name": "enable-accurateeek",
          "value": "0"
        },
        {
          "category": 4,
          "name": "mediacodec",
          "value": "1"
        },
        {
          "category": 4,
          "name": "mediacodec-auto-rotate",
          "value": "1"
        },
        {
          "category": 4,
          "name": "mediacodec-handle-resolution-change",
          "value": "1"
        },
        {
          "category": 4,
          "name": "mediacodec-hevc",
          "value": "1"
        },
        {
          "category": 1,
          "name": "dns_cache_timeout",
          "value": "600000000"
        }
      ]
    }
  ],
  "ads": [
    "iqiyi.hbuioo.com",
    "vip.ffzyad.com",
    "wan.51img1.com",
    "https://lf1-cdn-tos.bytegoofy.com/obj/tos-cn-i-dy/455ccf9e8ae744378118e4bd289288dd",
    "mimg.0c1q0l.cn",
    "www.googletagmanager.com",
    "www.google-analytics.com",
    "mc.usihnbcq.cn",
    "mg.g1mm3d.cn",
    "mscs.svaeuzh.cn",
    "cnzz.hhttm.top",
    "tp.vinuxhome.com",
    "cnzz.mmstat.com",
    "www.baihuillq.com",
    "s23.cnzz.com",
    "z3.cnzz.com",
    "c.cnzz.com",
    "stj.v1vo.top",
    "z12.cnzz.com",
    "img.mosflower.cn",
    "tips.gamevvip.com",
    "ehwe.yhdtns.com",
    "xdn.cqqc3.com",
    "www.jixunkyy.cn",
    "sp.chemacid.cn",
    "hm.baidu.com",
    "s9.cnzz.com",
    "z6.cnzz.com",
    "um.cavuc.com",
    "mav.mavuz.com",
    "wofwk.aoidf3.com",
    "z5.cnzz.com",
    "xc.hubeijieshikj.cn",
    "tj.tianwenhu.com",
    "xg.gars57.cn",
    "k.jinxiuzhilv.com",
    "cdn.bootcss.com",
    "ppl.xunzhuo123.com",
    "xomk.jiangjunmh.top",
    "img.xunzhuo123.com",
    "z1.cnzz.com",
    "s13.cnzz.com",
    "xg.huataisangao.cn",
    "z7.cnzz.com",
    "xg.huataisangao.cn",
    "z2.cnzz.com",
    "s96.cnzz.com",
    "q11.cnzz.com",
    "thy.dacedsfa.cn",
    "xg.whsbpw.cn",
    "s19.cnzz.com",
    "z8.cnzz.com",
    "s4.cnzz.com",
    "f5w.as12df.top",
    "ae01.alicdn.com",
    "www.92424.cn",
    "k.wudejia.com",
    "vivovip.mmszxc.top",
    "qiu.xixiqiu.com",
    "cdnjs.hnfenxun.com",
    "cms.qdwght.com"
  ]
}