{
    "spider": "http://yydf.540734621.xyz/yydf/yydf/bd/jar/fan.txt;md5;d3fb341454f7edebacaad3c0ab1767d6",
    "User-Agent": "Mozilla/5.0 (iPhone; CPU iPhone OS 13_2_3 like Mac OS X) AppleWebKit/605.1.15 (KHTML, like Gecko) Version/13.0.3 Mobile/15E148 Safari/604.1",
    "sites": [
        {
            "key": "豆豆",
            "name": "🌕豆瓣",
            "type": 3,
            "api": "csp_DouDou",
            "searchable": 0,
            "quickSearch": 0,
            "filterable": 0
        },
        {
            "key": "玩偶哥哥",
            "name": "👽玩偶哥哥┃4K弹幕",
            "type": 3,
            "api": "csp_WoGG",
            "searchable": 1,
            "quickSearch": 1,
            "changeable": 0,
            "ext": "http://127.0.0.1:9978/file/XYQTVBox/alitoken.txt+auto|4k|fhd$$$https://api.wogg.xyz/$$$弹"
        },
        {
            "key": "🐿csp_KungFu4041",
            "name": "🐿Token设置️",
            "type": 3,
            "api": "csp_KungFu404",
            "searchable": 1,
            "filterable": 1,
            "changeable": 0,
            "ext": "http://127.0.0.1:9978/file/XYQTVBox/alitoken.txt",
            "jar": "http://yydf.540734621.xyz/yydf/yydf/bd/jar/🐿ali.jar;md5;332d0e5a28640ee88589390ad4a23a39"
        },
        {
            "key": "csp_woggcli",
            "name": "🧚‍俊哥玩偶.CLi️",
            "type": 4,
            "api": "http://home.jundie.top:9520/spider/csp_Wogg?sort=原画,蓝光,超清,高清",
            "searchable": 1,
            "quickSearch": 1,
            "filterable": 1,
            "ext": "http://127.0.0.1:9978/file/XYQTVBox/alitoken.txt",
            "jar": "http://yydf.540734621.xyz/yydf/yydf/bd/jar/🧚.jar;md5;31259341cb1a5ed11da14804d14f1054"
        },
        {
            "key": "csp_Hdhive_影巢",
            "name": "🎥影巢 ️",
            "type": 3,
            "api": "csp_Hdhive",
            "searchable": 1,
            "quickSearch": 1,
            "filterable": 1,
            "ext": "http://127.0.0.1:9978/file/XYQTVBox/alitoken.txt",
            "jar": "http://yydf.540734621.xyz/yydf/yydf/bd/jar/🎥.jar;md5;14eb8a0592d66549900bfb823a54586c"
        },
        {
            "key": "🍮Gitcafe6",
            "name": "🍮纸条搜️",
            "type": 3,
            "api": "csp_Paper",
            "searchable": 1,
            "quickSearch": 1,
            "filterable": 1,
            "ext": "http://127.0.0.1:9978/file/XYQTVBox/alitoken.txt",
            "jar": "http://yydf.540734621.xyz/yydf/yydf/bd/jar/HeChengChaXiupm.jar;md5;6d351a227910bf252210cc0ccb03dc3a"
        },
        {
            "key": "🍮PanSou6",
            "name": "🍮盘搜索️",
            "type": 3,
            "api": "csp_PanSou",
            "searchable": 1,
            "quickSearch": 1,
            "filterable": 1,
            "ext": "http://127.0.0.1:9978/file/XYQTVBox/alitoken.txt",
            "jar": "http://yydf.540734621.xyz/yydf/yydf/bd/jar/HeChengChaXiupm.jar;md5;6d351a227910bf252210cc0ccb03dc3a"
        },
        {
            "key": "🍮UpYun6",
            "name": "🍮优盘搜️",
            "type": 3,
            "api": "csp_UpYun",
            "searchable": 1,
            "quickSearch": 1,
            "filterable": 1,
            "ext": "http://127.0.0.1:9978/file/XYQTVBox/alitoken.txt",
            "jar": "http://yydf.540734621.xyz/yydf/yydf/bd/jar/HeChengChaXiupm.jar;md5;6d351a227910bf252210cc0ccb03dc3a"
        },
        {
            "key": "🍮Zhaozy6",
            "name": "🍮找资源️",
            "type": 3,
            "api": "csp_Zhaozy",
            "searchable": 1,
            "quickSearch": 1,
            "filterable": 1,
            "ext": "http://127.0.0.1:9978/file/XYQTVBox/alitoken.txt$$$ygfxz$$$66666",
            "jar": "http://yydf.540734621.xyz/yydf/yydf/bd/jar/HeChengChaXiupm.jar;md5;6d351a227910bf252210cc0ccb03dc3a"
        },
        {
            "key": "🦊csp_WoGG",
            "name": "🦊玩偶哥哥️",
            "type": 3,
            "api": "csp_WoGG",
            "searchable": 1,
            "quickSearch": 1,
            "changeable": 0,
            "ext": "http://127.0.0.1:9978/file/XYQTVBox/alitoken.txt+auto|4k|fhd"
        },
        {
            "key": "🦊YiSo",
            "name": "🦊易搜️",
            "type": 3,
            "api": "csp_YiSo",
            "searchable": 1,
            "quickSearch": 1,
            "filterable": 1,
            "changeable": 1,
            "ext": "http://127.0.0.1:9978/file/XYQTVBox/alitoken.txt+auto|4k|fhd"
        },
        {
            "key": "🦊Zhaozy",
            "name": "🦊找资源️",
            "type": 3,
            "api": "csp_Zhaozy",
            "searchable": 1,
            "quickSearch": 1,
            "filterable": 1,
            "changeable": 1,
            "ext": "http://127.0.0.1:9978/file/XYQTVBox/alitoken.txt+auto|4k|fhd$$$fanfan$$$qqq111"
        },
        {
            "key": "🦊PanSou",
            "name": "🦊盘搜️",
            "type": 3,
            "api": "csp_PanSou",
            "searchable": 1,
            "quickSearch": 1,
            "filterable": 1,
            "changeable": 1,
            "ext": "http://127.0.0.1:9978/file/XYQTVBox/alitoken.txt+auto|4k|fhd"
        },
        {
            "key": "🦊UpYun",
            "name": "🦊Up搜️",
            "type": 3,
            "api": "csp_UpYun",
            "searchable": 1,
            "quickSearch": 1,
            "filterable": 1,
            "changeable": 1,
            "ext": "http://127.0.0.1:9978/file/XYQTVBox/alitoken.txt+auto|4k|fhd"
        },
        {
            "key": "🦊PanSearch",
            "name": "🦊盘Se️",
            "type": 3,
            "api": "csp_PanSearch",
            "searchable": 1,
            "quickSearch": 1,
            "filterable": 1,
            "changeable": 1,
            "ext": "http://127.0.0.1:9978/file/XYQTVBox/alitoken.txt+auto|4k|fhd"
        },
        {
            "key": "🦊七夜",
            "name": "🦊七夜️",
            "type": 3,
            "api": "csp_Dovx",
            "searchable": 1,
            "quickSearch": 1,
            "filterable": 1,
            "changeable": 1,
            "ext": "http://127.0.0.1:9978/file/XYQTVBox/alitoken.txt+auto|4k|fhd"
        },
        {
            "key": "📀Gitcafe",
            "name": "📀小纸条️",
            "type": 3,
            "api": "csp_Gitcafe",
            "playerType": 1,
            "searchable": 1,
            "quickSearch": 1,
            "filterable": 1,
            "ext": "http://127.0.0.1:9978/file/XYQTVBox/alitoken.txt",
            "jar": "http://yydf.540734621.xyz/yydf/yydf/bd/jar/xyq.jar;md5;694a5575722bb086b6fde7a23a68a1d8"
        },
        {
            "key": "📀csp_Zhaozy5",
            "name": "📀找资源️",
            "type": 3,
            "api": "csp_Zhaozy",
            "playerType": 1,
            "searchable": 1,
            "quickSearch": 1,
            "filterable": 1,
            "ext": "http://127.0.0.1:9978/file/XYQTVBox/alitoken.txt$$$yannanfei$$$abcdefg",
            "jar": "http://yydf.540734621.xyz/yydf/yydf/bd/jar/xyq.jar;md5;694a5575722bb086b6fde7a23a68a1d8"
        },
        {
            "key": "📀csp_AliPS",
            "name": "📀喵狸盘搜️",
            "type": 3,
            "api": "csp_AliPS",
            "playerType": 1,
            "searchable": 1,
            "quickSearch": 1,
            "filterable": 1,
            "ext": "http://127.0.0.1:9978/file/XYQTVBox/alitoken.txt",
            "jar": "http://yydf.540734621.xyz/yydf/yydf/bd/jar/xyq.jar;md5;694a5575722bb086b6fde7a23a68a1d8"
        },
        {
            "key": "📀csp_Yisou5",
            "name": "📀易搜️",
            "type": 3,
            "api": "csp_Yisou",
            "playerType": 1,
            "searchable": 1,
            "quickSearch": 1,
            "filterable": 1,
            "ext": "http://127.0.0.1:9978/file/XYQTVBox/alitoken.txt",
            "jar": "http://yydf.540734621.xyz/yydf/yydf/bd/jar/xyq.jar;md5;694a5575722bb086b6fde7a23a68a1d8"
        },
        {
            "key": "📀csp_Upyunso5",
            "name": "📀UP云搜️",
            "type": 3,
            "api": "csp_Upyunso",
            "playerType": 1,
            "searchable": 1,
            "quickSearch": 1,
            "filterable": 1,
            "ext": "http://127.0.0.1:9978/file/XYQTVBox/alitoken.txt",
            "jar": "http://yydf.540734621.xyz/yydf/yydf/bd/jar/xyq.jar;md5;694a5575722bb086b6fde7a23a68a1d8"
        },
        {
            "key": "🦄YiSo3",
            "name": "🦄易搜️",
            "type": 3,
            "api": "csp_YiSo",
            "searchable": 1,
            "quickSearch": 1,
            "filterable": 1,
            "changeable": 1,
            "ext": "http://127.0.0.1:9978/file/XYQTVBox/alitoken.txt+auto|4k|fhd",
            "jar": "http://yydf.540734621.xyz/yydf/yydf/bd/jar/🦄.jar;md5;2045faa2c4337fd863c1b9f02cc69e31"
        },
        {
            "key": "🦄Zhaozy3",
            "name": "🦄资源️",
            "type": 3,
            "api": "csp_Zhaozy",
            "searchable": 1,
            "quickSearch": 1,
            "filterable": 1,
            "changeable": 1,
            "ext": "http://127.0.0.1:9978/file/XYQTVBox/alitoken.txt+auto|4k|fhd$$$fanfan$$$qqq111",
            "jar": "http://yydf.540734621.xyz/yydf/yydf/bd/jar/🦄.jar;md5;2045faa2c4337fd863c1b9f02cc69e31"
        },
        {
            "key": "🦄PanSou3",
            "name": "🦄业余┃盘搜♻️",
            "type": 3,
            "api": "csp_PanSou",
            "searchable": 1,
            "quickSearch": 1,
            "filterable": 1,
            "changeable": 1,
            "ext": "http://127.0.0.1:9978/file/XYQTVBox/alitoken.txt+auto|4k|fhd",
            "jar": "http://yydf.540734621.xyz/yydf/yydf/bd/jar/🦄.jar;md5;2045faa2c4337fd863c1b9f02cc69e31"
        },
        {
            "key": "🦄UpYun3",
            "name": "🦄Up搜️",
            "type": 3,
            "api": "csp_UpYun",
            "searchable": 1,
            "quickSearch": 1,
            "filterable": 1,
            "changeable": 1,
            "ext": "http://127.0.0.1:9978/file/XYQTVBox/alitoken.txt+auto|4k|fhd",
            "jar": "http://yydf.540734621.xyz/yydf/yydf/bd/jar/🦄.jar;md5;2045faa2c4337fd863c1b9f02cc69e31"
        },
        {
            "key": "🦄PanSearch3",
            "name": "🦄盘Se️",
            "type": 3,
            "api": "csp_PanSearch",
            "searchable": 1,
            "quickSearch": 1,
            "changeable": 1,
            "ext": "http://127.0.0.1:9978/file/XYQTVBox/alitoken.txt+auto|4k|fhd",
            "jar": "http://yydf.540734621.xyz/yydf/yydf/bd/jar/🦄.jar;md5;2045faa2c4337fd863c1b9f02cc69e31"
        },
        {
            "key": "🦄七夜3",
            "name": "🦄七夜️",
            "type": 3,
            "api": "csp_Dovx",
            "searchable": 1,
            "quickSearch": 1,
            "changeable": 1,
            "ext": "http://127.0.0.1:9978/file/XYQTVBox/alitoken.txt+auto|4k|fhd",
            "jar": "http://yydf.540734621.xyz/yydf/yydf/bd/jar/🦄.jar;md5;2045faa2c4337fd863c1b9f02cc69e31"
        },
        {
            "key": "🐿t4_wo",
            "name": "🐿玩偶T4️",
            "type": 4,
            "api": "http://home.jundie.top:9520/spider/csp_Wogg?sort=原画,蓝光,超清,高清",
            "searchable": 1,
            "quickSearch": 1,
            "filterable": 1,
            "ext": "http://127.0.0.1:9978/file/XYQTVBox/alitoken.txt",
            "jar": "http://yydf.540734621.xyz/yydf/yydf/bd/jar/ali.jar;md5;c7c5f01eb60a56305cdc09bca126c673"
        },
        {
            "key": "🐿csp_WoGG7",
            "name": "🐿玩偶哥哥️",
            "type": 3,
            "api": "csp_WoGG",
            "searchable": 1,
            "quickSearch": 1,
            "filterable": 1,
            "jar": "http://yydf.540734621.xyz/yydf/yydf/bd/jar/ali.jar;md5;c7c5f01eb60a56305cdc09bca126c673"
        },
        {
            "key": "🐿UP云搜7",
            "name": "🐿UP云搜️",
            "type": 3,
            "api": "csp_UpYun",
            "searchable": 1,
            "filterable": 1,
            "changeable": 1,
            "jar": "http://yydf.540734621.xyz/yydf/yydf/bd/jar/ali.jar;md5;c7c5f01eb60a56305cdc09bca126c673"
        },
        {
            "key": "🐿纸条7",
            "name": "🐿纸条搜索️",
            "type": 3,
            "api": "csp_Paper",
            "searchable": 1,
            "filterable": 1,
            "changeable": 1,
            "jar": "http://yydf.540734621.xyz/yydf/yydf/bd/jar/ali.jar;md5;c7c5f01eb60a56305cdc09bca126c673"
        },
        {
            "key": "🐿易搜7",
            "name": "🐿易搜️",
            "type": 3,
            "api": "csp_YiSo",
            "searchable": 1,
            "filterable": 1,
            "changeable": 1,
            "jar": "http://yydf.540734621.xyz/yydf/yydf/bd/jar/ali.jar;md5;c7c5f01eb60a56305cdc09bca126c673"
        },
        {
            "key": "🐿阿里云盘7",
            "name": "🐿阿里云盘️",
            "type": 3,
            "api": "csp_Dovx",
            "searchable": 1,
            "filterable": 1,
            "changeable": 1,
            "jar": "http://yydf.540734621.xyz/yydf/yydf/bd/jar/ali.jar;md5;c7c5f01eb60a56305cdc09bca126c673"
        },
        {
            "key": "🐿盘搜7",
            "name": "🐿盘搜️",
            "type": 3,
            "api": "csp_PanSou",
            "searchable": 1,
            "filterable": 1,
            "changeable": 1,
            "jar": "http://yydf.540734621.xyz/yydf/yydf/bd/jar/ali.jar;md5;c7c5f01eb60a56305cdc09bca126c673"
        },
        {
            "key": "🐿网盘搜索7",
            "name": "🐿网盘搜索️",
            "type": 3,
            "api": "csp_PanSearch",
            "searchable": 1,
            "filterable": 1,
            "changeable": 1,
            "jar": "http://yydf.540734621.xyz/yydf/yydf/bd/jar/ali.jar;md5;c7c5f01eb60a56305cdc09bca126c673"
        },
        {
            "key": "🐿找资源7",
            "name": "🐿找资源️",
            "type": 3,
            "api": "csp_Zhaozy",
            "searchable": 1,
            "filterable": 1,
            "changeable": 1,
            "ext": "null$$$yunshuche$$$11223344",
            "jar": "http://yydf.540734621.xyz/yydf/yydf/bd/jar/ali.jar;md5;c7c5f01eb60a56305cdc09bca126c673"
        },
        {
            "key": "🐝玩偶5",
            "name": "🐝玩偶️",
            "type": 3,
            "api": "csp_Wogg",
            "searchable": 1,
            "changeable": 1,
            "ext": "http://127.0.0.1:9978/file/XYQTVBox/tokenm.json",
            "jar": "http://yydf.540734621.xyz/yydf/yydf/bd/jar/pg.jar;md5;6633b55ad0494d70281c024fbd5f0b30"
        },
        {
            "key": "🦉七夜8",
            "name": "🦉七夜️",
            "type": 3,
            "api": "csp_Dovx",
            "searchable": 1,
            "changeable": 1,
            "ext": "http://127.0.0.1:9978/file/XYQTVBox/tokenm.json",
            "jar": "http://yydf.540734621.xyz/yydf/yydf/bd/jar/pg.jar;md5;6633b55ad0494d70281c024fbd5f0b30"
        },
        {
            "key": "🦉雲搜8",
            "name": "🦉雲搜️",
            "type": 3,
            "api": "csp_UpYun",
            "searchable": 1,
            "changeable": 1,
            "ext": "http://127.0.0.1:9978/file/XYQTVBox/tokenm.json",
            "jar": "http://yydf.540734621.xyz/yydf/yydf/bd/jar/pg.jar;md5;6633b55ad0494d70281c024fbd5f0b30"
        },
        {
            "key": "🦉盤搜8",
            "name": "🦉盤搜️",
            "type": 3,
            "api": "csp_PanSou",
            "searchable": 1,
            "changeable": 1,
            "ext": "http://127.0.0.1:9978/file/XYQTVBox/tokenm.json",
            "jar": "http://yydf.540734621.xyz/yydf/yydf/bd/jar/pg.jar;md5;6633b55ad0494d70281c024fbd5f0b30"
        },
        {
            "key": "🦉盤搜索8",
            "name": "🦉盤搜索️",
            "type": 3,
            "api": "csp_PanSearch",
            "searchable": 1,
            "changeable": 1,
            "ext": "http://127.0.0.1:9978/file/XYQTVBox/tokenm.json",
            "jar": "http://yydf.540734621.xyz/yydf/yydf/bd/jar/pg.jar;md5;6633b55ad0494d70281c024fbd5f0b30"
        },
        {
            "key": "🦉找資源8",
            "name": "🦉找資源️",
            "type": 3,
            "api": "csp_Zhaozy",
            "searchable": 1,
            "changeable": 1,
            "ext": "http://127.0.0.1:9978/file/XYQTVBox/tokenm.json$$$test2$$$test2",
            "jar": "http://yydf.540734621.xyz/yydf/yydf/bd/jar/pg.jar;md5;6633b55ad0494d70281c024fbd5f0b30"
        },
        {
            "key": "push_agent",
            "name": "♻️|业余饭.推送",
            "type": 3,
            "api": "csp_Push",
            "searchable": 0,
            "quickSearch": 0,
            "ext": "http://127.0.0.1:9978/file/XYQTVBox/alitoken.txt+4k|auto|fhd"
        },
        {
            "key": "push_agent",
            "name": "♻️|业余香.推送",
            "type": 3,
            "api": "csp_PushAgent",
            "playerType": 1,
            "searchable": 1,
            "quickSearch": 1,
            "filterable": 1,
            "ext": "http://127.0.0.1:9978/file/XYQTVBox/alitoken.txt",
            "jar": "http://yydf.540734621.xyz/yydf/yydf/bd/jar/xyq.jar;md5;694a5575722bb086b6fde7a23a68a1d8"
        }
    ],
    "doh": [
        {
            "name": "Google",
            "url": "https://dns.google/dns-query",
            "ips": [
                "8.8.4.4",
                "8.8.8.8"
            ]
        },
        {
            "name": "Cloudflare",
            "url": "https://cloudflare-dns.com/dns-query",
            "ips": [
                "1.1.1.1",
                "1.0.0.1",
                "2606:4700:4700::1111",
                "2606:4700:4700::1001"
            ]
        },
        {
            "name": "AdGuard",
            "url": "https://dns.adguard.com/dns-query",
            "ips": [
                "94.140.14.140",
                "94.140.14.141"
            ]
        },
        {
            "name": "DNSWatch",
            "url": "https://resolver2.dns.watch/dns-query",
            "ips": [
                "84.200.69.80",
                "84.200.70.40"
            ]
        },
        {
            "name": "Quad9",
            "url": "https://dns.quad9.net/dns-quer",
            "ips": [
                "9.9.9.9",
                "149.112.112.112"
            ]
        }
    ],
    "rules": [
        {
            "name": "proxy",
            "hosts": [
                "raw.githubusercontent.com",
                "googlevideo.com",
                "cdn.v82u1l.com",
                "cdn.iz8qkg.com",
                "cdn.kin6c1.com",
                "c.biggggg.com",
                "c.olddddd.com",
                "haiwaikan.com",
                "www.histar.tv",
                "youtube.com",
                "uhibo.com",
                ".*boku.*",
                ".*nivod.*",
                ".*ulivetv.*"
            ]
        },
        {
            "name": "海外看",
            "hosts": [
                "haiwaikan"
            ],
            "regex": [
                "10.0099",
                "10.3333",
                "16.0599",
                "8.1748",
                "10.85"
            ]
        },
        {
            "name": "索尼",
            "hosts": [
                "suonizy"
            ],
            "regex": [
                "15.1666",
                "15.2666"
            ]
        },
        {
            "name": "暴風",
            "hosts": [
                "bfzy"
            ],
            "regex": [
                "#EXT-X-DISCONTINUITY\\r*\\n*#EXTINF:3,[\\s\\S]*?#EXT-X-DISCONTINUITY"
            ]
        },
        {
            "name": "星星",
            "hosts": [
                "aws.ulivetv.net"
            ],
            "regex": [
                "#EXT-X-DISCONTINUITY\\r*\\n*#EXTINF:8,[\\s\\S]*?#EXT-X-DISCONTINUITY"
            ]
        },
        {
            "name": "量子",
            "hosts": [
                "vip.lz",
                "hd.lz",
                "v.cdnlz"
            ],
            "regex": [
                "18.5333"
            ]
        },
        {
            "name": "非凡",
            "hosts": [
                "vip.ffzy",
                "hd.ffzy"
            ],
            "regex": [
                "25.0666"
            ]
        },
        {
            "name": "火山嗅探",
            "hosts": [
                "huoshan.com"
            ],
            "regex": [
                "item_id="
            ]
        },
        {
            "name": "抖音嗅探",
            "hosts": [
                "douyin.com"
            ],
            "regex": [
                "is_play_url="
            ]
        },
        {
            "name": "農民嗅探",
            "hosts": [
                "toutiaovod.com"
            ],
            "regex": [
                "video/tos/cn"
            ]
        }
    ]
}