
{

"warningText":"提醒：每次使用前记得长按主页刷新接口",    


"sites":[

{"key": "豆瓣","name": "🎯豆瓣丨公众号：千软汇","type": 3,"api": "http://qrh.yimkj.cn/kw/lib/apiv19drpy2.min.js","ext": "http://qrh.yimkj.cn/kw/lib/douban.js"},

{"key":"csp_WoGG","name":"👽玩偶┃云盘","type":3,"api":"csp_WoGG","searchable":1,"quickSearch":1,"changeable":0,"ext":"http://qrh.yimkj.cn/kw/lib/tok.txt"},

{"key": "酷玩","name":"🎯壹梦┃云盘","type": 3,"api": "csp_Wogg","searchable": 1,"changeable": 0,"ext":  {"token": "98d854b9ad834c4d90dfd4b2d8afcd54","filter": "http://小盒酷玩.fun:66/json/wogg.json"},"jar": "http://qrh.yimkj.cn/kw/lib/wogg.jar"},

{"key": "xml_玩偶","name": "🧙玩偶┃哥哥","type": 4,"api": "http://home.jundie.top:9520/spider/csp_Wogg?sort=原画,蓝光,超清,高清&token=98d854b9ad834c4d90dfd4b2d8afcd54","searchable": 1,"quickSearch": 1,"filterable": 1},

{"key":"米诺影视","name":"⛅MINO┃影视","type":3,"api":"csp_Appto","ext":"|mcjJlcmV6VXF4a2pwMUMzbG1JcUJ0THpscW9YaE5MaDd8aHR0cDovL2Ntcy5rdWJveXMudG9wL2FwcHRvL3Yx","jar":"http://qrh.yimkj.cn/kw/lib/Appto.jar"},

{ "key": "路人", "name": "🏃路人┃秒播", "type": 3, "api":"csp_AppYsV2","searchable":1,"quickSearch":1,"filterable":1,"ext":"http://mp4.ghlyys.com:916/api.php/app/"},

{"key": "maolv_open","name": "🐴毛驴┃TV","type": 3,"playerType": 1,"api": "csp_Maolv","searchable": 1,"quickSearch": 1,"filterable": 0,"changeable": 1,"jar": "http://qrh.yimkj.cn/kw/lib/ML.jar"},

{"key": "csp_AppYsV2_大鹏","name": "🍳大鹏┃TV","type": 3,"api": "csp_AppYsV2","playerType":2,"searchable":1,"quickSearch":1,"filterable":1,"ext": "http://cms.jialiangos.com/api.php/app/"},

{"key": "csp_XBPQ_好戏", "name": "👹好戏┃TV","type": 3,"api": "csp_XBPQ","searchable": 1,"quickSearch": 1,"filterable": 1,
"ext": "http://qrh.yimkj.cn/kw/lib/好戏.json"},

{"key":"大鹏","name":"🦇嘉靓┃TV","type":3,"api":"csp_AppYsV2","searchable":1,"quickSearch":1,"filterable":1,"ext":"http://api.jialiangos.com:88/api.php/app/"},

{"key":"ytvip","name":"🕵影探┃TV","type":3,"api":"csp_AppYsV2","searchable":1,"quickSearch":1,"filterable":1,"ext":"http://vipcms.lyyytv.cn/api.php/app/","jar":"http://qrh.yimkj.cn/kw/lib/YT.jar"},

{"key":"追忆","name":"🌠追忆┃TV","type":3,"api":"csp_Appto","ext":"|NZWNwN0ZXZE02WTRreHpXY2ZmNjJwY0RjWGlZN2ZmQWF8aHR0cDovLzIyMi4yMTEuNzMuMTU3OjExMjIvYXBwdG8vdjE","jar":"http://qrh.yimkj.cn/kw/lib/Appto.jar"},

{"key": "csp_AppYsV2_玉米","name": "🌽玉米┃切片","type": 3,"api": "csp_AppYsV2","playUrl": "http://61.147.93.21:8090/index.php?url=","searchable": 1,"quickSearch": 1,"filterable": 1,"ext": "http://ym.dytt996.com:3/api.php/app/"},

{"key": "熊猫","name": "🐼熊猫┃追剧","type": 3,"api": "csp_XBPQ","ext": "http://qrh.yimkj.cn/kw/lib/熊猫.json"},

{"key":"酷影","name":"🧿酷影┃TV","type":3, "api":"csp_AppYsV2","searchable":1, "quickSearch":1,"filterable":1,"ext":"http://ys.realdou.cn:16285/api.php/app/"},

{"key": "来米","name": "🍿来米┃影视","type": 3,"changeable": 1,"api": "csp_XBPQ","playerType": "2","ext":"http://qrh.yimkj.cn/kw/lib/来米.json"},

{"key":"厂长在线","name":"👷厂长┃在线","type":3,"playerType":2,"api":"http://qrh.yimkj.cn/kw/lib/apiv19drpy2.min.js","ext":"http://qrh.yimkj.cn/kw/lib/在线.js"},

{"key":"6v","name":"🤘6V┃磁力","type":3,"api":"csp_XYQHiker","playerType":1,"ext":"http://qrh.yimkj.cn/kw/lib/6v.json","jar":"http://qrh.yimkj.cn/kw/lib/xyq.jar"},

{"key":"电影港","name":"💫电影┃港湾","type":3,"api":"csp_XYQHiker","playerType":"1","ext":"http://qrh.yimkj.cn/kw/lib/电影港.json","jar":"http://qrh.yimkj.cn/kw/lib/xyq.jar"},

{"key": "xsj","name": "🍬新视觉┃影视","type": 3,"playerType": 2,"api": "csp_XBPQ","filterable": 1,"quickSearch": 1,"searchable": 1,"ext": "http://qrh.yimkj.cn/kw/lib/新视觉.json"},

{"key":"速度","name":"🚙速度┃秒播","type":3,"api":"csp_AppYsV2","searchable":1,"quickSearch":1,"filterable":1,"ext":"https://www.gsjtlxy.top/xgapp.php/v3/"},

{"key": "007","name": "🎈007┃影视","type": 3,"api": "csp_XBPQ","ext": "http://qrh.yimkj.cn/kw/lib/007影视.json"},

{"key":"子子影视","name":"➰子子┃影视","type":3,"api":"csp_XBPQ","searchable":1,"quickSearch":1,"filterable":1,"ext":"http://qrh.yimkj.cn/kw/lib/子子.json"},

{"key": "虎虎","name": "🐯Tiger┃TV","type": 3,"api": "csp_XBPQ","ext": "http://qrh.yimkj.cn/kw/lib/虎虎.json"},

{"key": "小鹿","name": "🦌小鹿┃影视","type": 3,"api": "csp_XBPQ","ext":"http://qrh.yimkj.cn/kw/lib/小鹿.json"}, 

{"key": "csp_Free","name": "🌱Free┃影视","type": 3,"api": "csp_XBPQ","searchable":1,"quickSearch":1,"filterable":1,"ext":"http://qrh.yimkj.cn/kw/lib/freeok.json"}, 

{"key": "bei", "name": "🗻北川┃影视", "type": 3, "api": "csp_XBPQ", "ext":"http://qrh.yimkj.cn/kw/lib/北川.json"}, 

{"key": "素白","name": "🪧素白白┃影视","type": 3,"api": "csp_XBPQ","playerType": "1","ext": "http://qrh.yimkj.cn/kw/lib/素白白.json"},

{"key": "csp_xBPQ_奇优","name": "🤴奇优┃影视","type": 3,"api": "csp_XBPQ","searchable": 1,"quickSearch": 1,"filterable": 1,"ext": "http://qrh.yimkj.cn/kw/lib/奇优.json"},

{"key": "csp_乐猪","name": "🐷乐猪┃影视","type": 3,"api": "csp_XBPQ","searchable": 1,"quickSearch": 1,"filterable": 1,"ext": "http://qrh.yimkj.cn/kw/lib/乐猪.json"},

{"key": "csp_农民","name": "🏌农民┃影视","type": 3,"api": "csp_XBPQ","searchable": 1,"quickSearch": 1,"filterable": 1,"ext": "http://qrh.yimkj.cn/kw/lib/农民影视.json"},

{"key": "csp_花猫","name": "🐱花猫┃影视","type": 3,"api": "csp_XBPQ","searchable": 1,"quickSearch": 1,"filterable": 1,"ext": "http://qrh.yimkj.cn/kw/lib/花猫.json"},

{"key": "csp_达龟","name": "🐢达达龟┃影视","type": 3,"api": "csp_XBPQ","searchable": 1,"quickSearch": 1,"filterable": 1,"ext": "http://qrh.yimkj.cn/kw/lib/达达龟.json"},

{"key": "csp_热播","name": "🥞热播┃之家","type": 3,"api": "csp_XBPQ","searchable": 1,"quickSearch": 1,"filterable": 1,"ext": "http://qrh.yimkj.cn/kw/lib/热播之家.json"},

{"key": "csp_圣城","name": "🏠圣城┃影视","type": 3,"api": "csp_XBPQ","searchable": 1,"quickSearch": 1,"filterable": 1,"ext": "http://qrh.yimkj.cn/kw/lib/圣城影视.json"},

{"key": "csp_淘剧","name": "淘剧┃影院","type": 3,"api": "csp_XBPQ","searchable": 1,"quickSearch": 1,"filterable": 1,"ext": "http://qrh.yimkj.cn/kw/lib/淘剧.json"},

{"key":"A8影视","name":"🎱A8┃影视", "type":3,"api":"csp_AppYs", "searchable":1, "quickSearch": 1, "filterable":1,"ext":"https://aaa.a8ys.xyz/ruifenglb_api.php/v1.vod"},

{"key":"csp_Voflix","name":"🧶Vof┃lix","type":3,"api": "csp_XBPQ","searchable": 1,"quickSearch": 1,"filterable": 1,"ext":"http://qrh.yimkj.cn/kw/lib/voflix.json"},

{"key": "csp_厂长","name": "🍎主力源","type": 3,"api": "csp_XBPQ","searchable":1,"quickSearch":1,"filterable":1,"ext":"http://qrh.yimkj.cn/kw/lib/厂长.json"},

{"key":"腾讯","name":"⭕官方┃资源","type":3,"api":"http://qrh.yimkj.cn/kw/lib/apiv19drpy2.min.js","ext":"http://qrh.yimkj.cn/kw/lib/tengxun.js"},

{"key":"荐片","name":"🔪荐片┃磁力","type":3,"playerType":1,"api":"http://qrh.yimkj.cn/kw/lib/apiv19drpy2.min.js","ext":"http://qrh.yimkj.cn/kw/lib/荐片.js"},

{"key":"爱迪","name":"💡爱迪┃外剧","type":3,"api":"csp_AppYsV2","ext":"https://aidiapp.xyz/xgapp.php/v2/","jar":"http://qrh.yimkj.cn/kw/lib/xyq.jar"},

{"key": "PanSearch","name": "🙀盘Se┃搜索","type": 3,"api": "csp_PanSearch","searchable": 1,"quickSearch": 1,"changeable": 0,"ext": "http://qrh.yimkj.cn/kw/lib/tok1001.txt"},

{"key": "七夜","name": "😾七夜┃云盘","type": 3,"api": "csp_Dovx","searchable": 1,"quickSearch": 1,"changeable": 0,"ext": "http://qrh.yimkj.cn/kw/lib/tok1001.txt"},
    
{"key": "YiSo","name": "🛎易搜┃云盘","type": 3,"api": "csp_YiSo","searchable": 1,"quickSearch": 1,"filterable": 0,"changeable": 0,"ext": "http://qrh.yimkj.cn/kw/lib/tok1001.txt"},

{"key": "PanSou","name": "🔘盘搜┃搜索","type": 3,"api": "csp_PanSou","searchable": 1,"quickSearch": 1,"changeable": 0,"ext": "http://qrh.yimkj.cn/kw/lib/tok.txt"},

{"key": "UpYun","name": "📫Up┃云盘","type": 3,"api": "csp_UpYun","searchable": 1,"quickSearch": 1,"changeable": 0,"ext": "http://qrh.yimkj.cn/kw/lib/tok.txt"},

{"key":"xh","name":"🎯2023.10.7更新","type":3,"api":"csp_xh","searchable": 0,"quickSearch": 0,"filterable": 0}

],


"parses": [ 

{"name": "解析聚合","type": 3,"url": "Demo"},

{"name": "web聚合","type": 3,"url": "Web"},

{"name":"壹梦","type":1,"url":"http://42.157.129.144:2323/CH/caihong_1993138546.php?url="},

{"name": "🕵影探","type": 1,"url": "http://jiexi.lyyytv.cn/json.php?url=","ext": {"flag": ["XY"],"header": {"User-Agent": "okhttp/3.12.11"}}},

{"name": "🌽玉米","type": 1,"url": "http://61.147.93.21:8090/index.php?url="},  

{"name": "🎯超级解析","type": 1,"url": "http://110.42.2.247:880/analysis/json/?uid=2384&my=bcijquvxAFKMUY0579&format=json&url="},

{"name": "🎯VIP","type": 1,"url": "http://27.124.4.42:4567/jhjson/ceshi.php?url=","ext": {"flag": ["qq", "腾讯", "qiyi", "爱奇艺", "奇艺", "youku", "优酷", "mgtv", "芒果", "letv", "乐视", "pptv", "PPTV", "sohu", "bilibili", "哔哩哔哩", "哔哩"],"header":{"User-Agent":"okhttp/4.1.0"}}},

{"name": "🎯VIP1", "type": 1, "url": "https://hd.396pay.cn/api/?key=WYfoc47cVuA6xeED4H&url=", "ext": { "flag": [ "JHA", "JHB", "mmal"] }},

{"name": "🎯VIP2","type": 0,"url": "https://svip.ikumiao.icu/dm/?uid=4292751&key=dikpqruyBHLNQW0346&url=","ext": {"flag": ["qq", "腾讯", "qiyi", "爱奇艺", "奇艺", "youku", "优酷", "mgtv", "芒果", "letv", "乐视", "pptv", "PPTV", "sohu", "bilibili", "哔哩哔哩", "哔哩"],"header":{"User-Agent": "Lavf/58.12.100"}}}

],


"flags": ["youku","优酷","优 酷","优酷视频","qq","腾讯","腾 讯","腾讯视频","iqiyi","qiyi","奇艺","爱奇艺","爱 奇 艺","m1905","xigua","letv","leshi","乐视","乐 视","sohu","搜狐","搜 狐","搜狐视频","tudou","pptv","mgtv","芒果","imgo","芒果TV","芒 果 T V","bilibili","哔 哩","哔 哩 哔 哩"],


"spider":"http://qrh.yimkj.cn/kw/lib/xhkw1.jar;md5;65b3e76dcc7a09f48b8c6e7ca74a01a5",


"wallpaper":"https://tool.weetai.cn/api",


"lives": [{
		    "name": "live",
		    "type": 0,
		    "url": "http://qrh.yimkj.cn/kw/lib/live.txt",
		    "epg": "http://epg.112114.xyz/?ch={name}&date={date}",
                    "logo": "https://epg.112114.xyz/logo/{name}.png"
	    }],   

"rules": [
    {
      "name": "量子",
      "hosts": [
        "vip.lz",
        "hd.lz"
      ],
      "regex": [
        "#EXT-X-DISCONTINUITY\\r*\\n*#EXTINF:6.433333,[\\s\\S]*?#EXT-X-DISCONTINUITY"
      ]
    },
    {
      "name": "非凡",
      "hosts": [
        "vip.ffzy",
        "hd.ffzy"
      ],
      "regex": [
        "#EXT-X-DISCONTINUITY\\r*\\n*#EXTINF:6.666667,[\\s\\S]*?#EXT-X-DISCONTINUITY"
      ]
    },
    {
      "host": "piaku.cc",
      "rule": [
        ".mp4",
        ".m3u8",
        "?auth_token",
        "m3u8"
      ]
    },
    {
      "host": "v.3412.net.cn",
      "rule": [
        ".mp4",
        "security-token=",
        "aliyuncs.com",
        "m3u8"
      ]
    },
    {
      "host": "jx.jsonplayer.com",
      "rule": [
        ".mp4",
        ".m3u8",
        "?vkey=",
        "110.42.2.115",
        "m3u8"
      ]
    },
    {
      "host": "movie.bulei.cc",
      "rule": [
        ".mp4",
        ".m3u8",
        "?vkey=",
        "1ftn_handler",
        "http://1.71.18.153",
        "mu.dcd1.cn",
        "aliyundrive.net",
        "m3u8"
      ]
    },
    {
      "host": "rebozj.pro",
      "rule": [
        ".mp4",
        ".m3u8",
        "https://p3-sign.douyinpic.com",
        "m3u8"
      ]
    },
    {
      "host": "brovod.com",
      "rule": [
        ".m3u8"
      ]
    },
    {
      "host": "https://www1.gntv.live",
      "rule": [
        ".m3u8",
        "m3u8?",
        "4k.clyjx.cn:97"
      ]
    },
    {
      "host": "renren.pro",
      "rule": [
        ".m3u8"
      ]
    },
    {
      "host": "https://v.3412.net.cn",
      "rule": [
        ".m3u8",
        ".m3u8?",
        ".mp4"
      ]
    },
    {
      "host": "v.t-ui.cn",
      "rule": [
        ".m3u8",
        "m3u8?",
        "vip.ffzy-play4.com"
      ]
    },
    {
      "host": "cj.ffzyapi.com",
      "rule": [
        ".m3u8",
        "m3u8?"
      ]
    },
    {
      "host": "siguyy.com",
      "rule": [
        "mp4",
        ".m3u8",
        "https://ccp-bj29-video-preview.oss-enet.aliyuncs.com",
        "aliyuncs.com"
      ]
    },
    {
      "name": "火山嗅探",
      "hosts": [
        "huoshan.com"
      ],
      "regex": [
        "item_id="
      ]
    },
    {
      "name": "抖音嗅探",
      "hosts": [
        "douyin.com"
      ],
      "regex": [
        "is_play_url="
      ]
    }
  ],

/*
"rules": [
{"host": "*","rule": ["default.365yg.com"]},
{"host": "dyxs20.com","rule": [".m3u8"]},
{"host": "www.agemys.cc","rule": ["cdn-tos","obj/tos-cn"]},
{"host": "www.sharenice.net","rule": ["http.*?/play.{0,3}\\?[^url]{2,8}=.*"]},
{"host": "www.sharenice.net","rule": ["qianpailive.com","vid="]},
{"host": "*","rule": ["douyin.com/aweme","video_id="]},
{"host": "*","rule": ["huoshan.com","/item/video/"]},
{"host": "*","rule": ["http((?!http).){12,}?\\.(m3u8|mp4|flv|avi|mkv|rm|wmv|mpg|m4a)\\?.*"]},
{"host": "*","rule": ["http((?!http).){12,}\\.(m3u8|mp4|flv|avi|mkv|rm|wmv|mpg|m4a)"]}],

*/


"ijk":[{"group":"软解码","options":[{"category":4,"name":"opensles","value":"0"},{"category":4,"name":"overlay-format","value":"842225234"},{"category":4,"name":"framedrop","value":"1"},{"category":4,"name":"soundtouch","value":"1"},{"category":4,"name":"start-on-prepared","value":"1"},{"category":1,"name":"http-detect-range-support","value":"0"},{"category":1,"name":"fflags","value":"fastseek"},{"category":2,"name":"skip_loop_filter","value":"48"},{"category":4,"name":"reconnect","value":"1"},{"category":4,"name":"max-buffer-size","value":"5242880"},{"category":4,"name":"enable-accurate-seek","value":"0"},{"category":4,"name":"mediacodec","value":"0"},{"category":4,"name":"mediacodec-auto-rotate","value":"0"},{"category":4,"name":"mediacodec-handle-resolution-change","value":"0"},{"category":4,"name":"mediacodec-hevc","value":"0"},{"category":1,"name":"dns_cache_timeout","value":"600000000"}]},{"group":"硬解码","options":[{"category":4,"name":"opensles","value":"0"},{"category":4,"name":"overlay-format","value":"842225234"},{"category":4,"name":"framedrop","value":"1"},{"category":4,"name":"soundtouch","value":"1"},{"category":4,"name":"start-on-prepared","value":"1"},{"category":1,"name":"http-detect-range-support","value":"0"},{"category":1,"name":"fflags","value":"fastseek"},{"category":2,"name":"skip_loop_filter","value":"48"},{"category":4,"name":"reconnect","value":"1"},{"category":4,"name":"max-buffer-size","value":"5242880"},{"category":4,"name":"enable-accurate-seek","value":"0"},{"category":4,"name":"mediacodec","value":"1"},{"category":4,"name":"mediacodec-auto-rotate","value":"1"},{"category":4,"name":"mediacodec-handle-resolution-change","value":"1"},{"category":4,"name":"mediacodec-hevc","value":"1"},{"category":1,"name":"dns_cache_timeout","value":"600000000"}]}],

"doh": [
    {
      "name": "Google",
      "url": "https://dns.google/dns-query",
      "ips": [
        "8.8.4.4",
        "8.8.8.8"
      ]
    },
    {
      "name": "Cloudflare",
      "url": "https://cloudflare-dns.com/dns-query",
      "ips": [
        "1.1.1.1",
        "1.0.0.1",
        "2606:4700:4700::1111",
        "2606:4700:4700::1001"
      ]
    },
    {
      "name": "AdGuard",
      "url": "https://dns.adguard.com/dns-query",
      "ips": [
        "94.140.14.140",
        "94.140.14.141"
      ]
    },
    {
      "name": "DNSWatch",
      "url": "https://resolver2.dns.watch/dns-query",
      "ips": [
        "84.200.69.80",
        "84.200.70.40"
      ]
    },
    {
      "name": "Quad9",
      "url": "https://dns.quad9.net/dns-quer",
      "ips": [
        "9.9.9.9",
        "149.112.112.112"
      ]
    }
  ],

"ads": [
    "wan.51img1.com",
    "iqiyi.hbuioo.com",
    "vip.ffzyad.com",
    "https://lf1-cdn-tos.bytegoofy.com/obj/tos-cn-i-dy/455ccf9e8ae744378118e4bd289288dd"
  ]
}
