{
  "wallpaper": "",
  "spider": "https://mirror.ghproxy.com/https://raw.githubusercontent.com/wnddwc/daiweichun/main/CustomSpider.jar",
  "lives": [
    {
      "group": "redirect",
      "channels": [
        {
          "name": "redirect",
          "urls": [
            "proxy://do=live&type=txt&ext=aHR0cHM6Ly9taXJyb3IuZ2hwcm94eS5jb20vaHR0cHM6Ly9yYXcuZ2l0aHVidXNlcmNvbnRlbnQuY29tL3duZGR3Yy9kYWl3ZWljaHVuL21haW4vVFYudHh0"
          ]
        }
      ]
    }
  ],
  "sites": [
  { 
"key": "996", 

"name": "996影视",

 "type": 3, 

 "filterable":   1 , 

"api": "csp_XBPQ",

 "ext": { 

 "分类url":"https://www.cs1369.com/show/id/index.php/vod/show/area/{area}/id/{cateId}/page/{catePg}/year/{year}.html",

 "分类":"电影$1#电视剧$2#动漫$3#爽文短剧$4#动作片$6#喜剧片$7#爱情片$8#科幻片$9#恐怖片$10#剧情片$11#战争片$12#动画片$13#纪录片$14","筛选":"1"}, 

      "jar": "https://123.155123.xyz/Yoursmile.jar"},
  {
            "key": "csp_qq",
            "name": "┃SP┃腾讯视频",
            "type": 3,
            "api": "csp_qq",
            "searchable": 1,
            "quickSearch": 1,
            "filterable": 1,
"jar":"https://mirror.ghproxy.com/https://raw.githubusercontent.com/wnddwc/daiweichun/main/%E5%AE%98%E6%BA%90.jar"
        },
	   {
            "key": "360_spider",
            "name": "360影视",
            "api": "csp_SP360",
            "type": 3,
            "filterable": 1,
            "quickSearch": 1,
            "searchable": 1,
            "ext": "",           	  "jar":"https://mirror.ghproxy.com/https://github.com/taojinliang123/TVBox/raw/main/0513.jar"
        },
        {
            "key": "csp_iqiyi",
            "name": "┃SP┃奇艺影视",
            "type": 3,
            "api": "csp_iqiyi",
            "searchable": 1,
            "quickSearch": 1,
            "filterable": 1,           "jar":"https://mirror.ghproxy.com/https://raw.githubusercontent.com/wnddwc/daiweichun/main/%E5%AE%98%E6%BA%90.jar"
        },
        {
            "key": "csp_mgtv",
            "name": "┃SP┃芒果电影",
            "type": 3,
            "api": "csp_mgtv",
            "searchable": 1,
            "quickSearch": 1,
            "filterable": 1,            "jar":"https://mirror.ghproxy.com/https://raw.githubusercontent.com/wnddwc/daiweichun/main/%E5%AE%98%E6%BA%90.jar"
        },
		{
            "key": "csp-youku",
            "name": "┃SP┃优酷电影",
            "type": 3,
            "api": "csp_youku",
            "searchable": 1,
            "quickSearch": 1,
            "filterable": 1,                           "jar":"https://mirror.ghproxy.com/https://raw.githubusercontent.com/wnddwc/daiweichun/main/%E5%AE%98%E6%BA%90.jar"
        },
    {
      "key": "宅腐APP",
      "name": "宅腐┃APP",
      "type": 3,
      "api": "csp_AppYsV2",
      "searchable": 1,
      "quickSearch": 1,
      "filterable": 1,
      "ext": "http://app.zhaifutvapp.com/ruifenglb_api.php/v1.vod"
    },
    {
      "key": "csp_AppYsV2_YuMi",
      "name": "YuMi☆影视",
      "type": 3,
      "api": "csp_AppYsV2",
      "playerType": 2,
      "playUrl": "http://61.147.93.21:8090/index.php?url=",
      "searchable": 1,
      "quickSearch": 1,
      "filterable": 1,
      "ext": "http://154.12.21.186/api.php/app/",
      "categories": [
        "电影",
        "电视剧",
        "综艺",
        "动漫",
        "国产剧"
      ]
    },
    {
      "key": "csp_AppYsV2_365",
      "name": "365☆影视",
      "type": 3,
      "api": "csp_AppYsV2",
      "searchable": 1,
      "quickSearch": 1,
      "filterable": 1,
      "ext": "http://154.12.21.186/api.php/app/"
    },
    {
      "key": "csp_Aid",
      "name": "急救指南",
      "type": 3,
      "api": "csp_FirstAid",
      "searchable": 1,
      "quickSearch": 1,
      "changeable": 0,
      "style": {
        "type": "rect",
        "ratio": 3.8
      },
      "jar": "https://qu.ax/dDSz.jpg;md5;510FA1663F7067BD4D40DE06097202BF"
    },
    {
      "key": "xml_快看",
      "name": "️快看☆采集",
      "type": 1,
      "api": "https://kuaikan-api.com/api.php/provide/vod/at/json",
      "searchable": 1,
      "quickSearch": 1,
      "filterable": 1,
      "categories": [
        "网络电影",
        "动画电影",
        "动作片",
        "冒险片",
        "剧情片",
        "纪录片",
        "喜剧片",
        "奇幻片",
        "恐怖片",
        "悬疑片",
        "惊悚片",
        "战争片",
        "灾难片",
        "爱情片",
        "科幻片",
        "犯罪片",
        "伦理片",
        "国产剧",
        "港台剧",
        "日本剧",
        "韩国剧",
        "欧美剧",
        "新马剧",
        "泰剧",
        "其他剧",
        "国产综艺",
        "港台综艺",
        "日本综艺",
        "韩国综艺",
        "欧美综艺",
        "国产动漫",
        "港台动漫",
        "日本动漫",
        "欧美动漫"
      ]
    },
    {
      "key": "极速",
      "name": "️极速┃资源",
      "type": 1,
      "api": "https://jszyapi.com/api.php/provide/vod/at/json",
      "searchable": 1,
      "quickSearch": 1,
      "filterable": 1,
      "categories": [
        "内地剧",
        "欧美剧",
        "日剧",
        "韩剧",
        "台湾剧",
        "香港剧",
        "马泰剧",
        "悬疑片",
        "喜剧片",
        "动作片",
        "爱情片",
        "科幻片",
        "恐怖片",
        "剧情片",
        "战争片",
        "犯罪片",
        "记录片",
        "动画片",
        "日本动漫",
        "欧美动漫",
        "中国动漫",
        "大陆综艺",
        "日韩综艺",
        "港台综艺",
        "欧美综艺",
        "体育赛事"
      ]
    },
    {
      "key": "xml_轻简",
      "name": "轻简☆采集",
      "type": 1,
      "api": "http://1.ahailove.cn:23456/cj/api.php/provide/vod/",
      "searchable": 1,
      "quickSearch": 1,
      "filterable": 1,
      "categories": [
        "电影",
        "电视剧",
        "综艺",
        "动漫"
      ]
    },
    {
      "key": "xml_猫放",
      "name": "猫放☆采集",
      "type": 1,
      "api": "https://www.mervod.com/api.php/provide/vod/",
      "searchable": 1,
      "quickSearch": 1,
      "filterable": 1,
      "categories": [
        "电影",
        "连续剧",
        "综艺",
        "动漫",
        "少儿"
      ]
    },
    {
      "key": "jszy",
      "name": "极速≛采集",
      "type": 1,
      "api": "https://jszyapi.com/api.php/provide/vod/from/jsm3u8",
      "playUrl": "https://k.playerla.com/?url=",
      "searchable": 1,
      "changeable": 1,
      "quickSearch": 1,
      "filterable": 1,
      "categories": [
        "内地剧",
        "动画片",
        "大陆综艺"
      ]
    },
    {
      "key": "xml_腾讯采集",
      "name": "腾讯采集",
      "type": 1,
      "api": "http://playersll.gaoxin155.com.cn/api.php/provide/vod/from/qq/?at/xml/",
      "playUrl": "parse:官解",
      "searchable": 1,
      "quickSearch": 1,
      "filterable": 1
    },
    {
      "key": "xml_奇艺采集",
      "name": "奇艺采集",
      "type": 1,
      "api": "http://playersll.gaoxin155.com.cn/api.php/provide/vod/from/qiyi/?at/xml/",
      "playUrl": "parse:官解",
      "searchable": 1,
      "quickSearch": 1,
      "filterable": 1
    },
    {
      "key": "xml_优酷采集",
      "name": "优酷采集",
      "type": 1,
      "api": "http://playersll.gaoxin155.com.cn/api.php/provide/vod/from/youku/?at/xml/",
      "playUrl": "https://www.cgdyw.net/jiexi/jiexi-gf/?url=",
      "searchable": 1,
      "quickSearch": 1,
      "filterable": 1
    },
    {
      "key": "xml_芒果采集",
      "name": "芒果采集",
      "type": 1,
      "api": "http://playersll.gaoxin155.com.cn/api.php/provide/vod/from/mgtv/?at/xml/",
      "playUrl": "parse:官解",
      "searchable": 1,
      "quickSearch": 1,
      "filterable": 1
    },
    {
      "key": "火狐电影",
      "name": "火狐电影",
      "type": 1,
      "api": "https://hhzyapi.com/api.php/provide/vod/from/hhm3u8?ac=list",
      "searchable": 1,
      "quickSearch": 1,
      "filterable": 1,
      "categories": [
        "动作片",
        "爱情片",
        "喜剧片",
        "科幻片",
        "恐怖片",
        "剧情片",
        "战争片",
        "灾难片",
        "悬疑片",
        "犯罪片",
        "奇幻片",
        "记录片",
        "伦理片",
        "内地剧",
        "香港剧",
        "欧美剧",
        "韩剧",
        "日剧",
        "台湾剧",
        "马泰剧",
        "动画片",
        "中国动漫",
        "日本动漫",
        "欧美动漫",
        "大陆综艺",
        "日韩综艺",
        "港台综艺",
        "欧美综艺"
      ]
    },
    {
      "key": "csp_xml_红牛",
      "name": "红牛",
      "type": 1,
      "api": "https://www.hongniuzy2.com/api.php/provide/vod/",
      "playerType": 2,
      "categories": [
        "动作片",
        "喜剧片",
        "科幻片",
        "恐怖片",
        "爱情片",
        "剧情片",
        "战争片",
        "纪录片",
        "动漫电影",
        "国产剧",
        "欧美剧",
        "犯罪片",
        "港澳剧",
        "韩剧",
        "泰剧",
        "台湾剧",
        "日剧",
        "海外剧",
        "其他片",
        "悬疑片",
        "奇幻片",
        "动画片",
        "体育赛事",
        "国产动漫",
        "日本动漫",
        "欧美动漫",
        "港台动漫",
        "海外动漫",
        "大陆综艺",
        "港台综艺",
        "日韩综艺",
        "欧美综艺"
      ]
    },
    {
      "key": "腾讯资源",
      "name": "️┃龙龙🐉┃腾️讯┃影视┃",
      "type": 1,
      "api": "http://playersll.gaoxin155.com.cn/api.php/provide/vod/from/qq/?at/xml/",
      "playUrl": "",
      "searchable": 1,
      "quickSearch": 1,
      "filterable": 1,
      "categories": [
        "国产剧",
        "战争片",
        "动作片"
      ]
    },
    {
      "key": "芒果资源",
      "name": "┃龙龙🐉┃芒果┃影视┃",
      "type": 1,
      "api": "http://playersll.gaoxin155.com.cn/api.php/provide/vod/from/mgtv/?at/xml/",
      "playUrl": "",
      "searchable": 1,
      "quickSearch": 1,
      "filterable": 1,
      "categories": [
        "国产剧",
        "战争片",
        "动作片"
      ]
    },
    {
      "key": "爱奇艺资源",
      "name": "┃龙龙🐉┃奇异┃影视┃",
      "type": 1,
      "api": "http://playersll.gaoxin155.com.cn/api.php/provide/vod/from/qiyi/?at/xml/",
      "playUrl": "",
      "searchable": 1,
      "quickSearch": 1,
      "filterable": 1,
      "categories": [
        "国产剧",
        "动作片",
        "喜剧片"
      ]
    },
    {
      "key": "优酷资源",
      "name": "️┃龙龙🐉┃芒果┃影视┃",
      "type": 1,
      "api": "http://playersll.gaoxin155.com.cn/api.php/provide/vod/from/youku/?at/xml/",
      "playUrl": "",
      "searchable": 1,
      "quickSearch": 1,
      "filterable": 1,
      "categories": [
        "国产剧",
        "动作片",
        "喜剧片"
      ]
    },
    {
      "key": "骑骑影院",
      "name": "┃龙龙🐉┃骑骑┃",
      "type": 3,
      "playerType": 2,
      "api": "csp_AppYsV2",
      "searchable": 1,
      "quickSearch": 1,
      "filterable": 1,
      "ext": "https://www.gsjtlxy.top/xgapp.php/v3/"
    },
    {
      "key": "MV_vod",
      "name": "MV | 卡拉OK",
      "type": 1,
      "api": "https://tvbox-mv--leosam2048.repl.co/mv/vod",
      "changeable": 0,
      "style": {
        "type": "oval"
      }
    },
    {
      "key": "csp_速播",
      "name": "┃龙龙🐉┃采集┃速波2┃",
      "type": 1,
      "api": "https://subocaiji.com/api.php/provide/vod/from/subyun/at/json",
      "searchable": 1,
      "quickSearch": 1,
      "filterable": 1,
      "categories": [
        "大陆剧",
        "港澳剧",
        "动漫",
        "综艺"
      ]
    },
    {
      "key": "HOHO（APP）",
      "name": "HOHO（APP）",
      "type": 3,
      "api": "csp_AppYsV2",
      "ext": "https://hoho.tv/api.php/app/"
    },
    {
      "key": "看剧吧（APP）",
      "name": "看剧吧（APP）",
      "type": 3,
      "api": "csp_AppYsV2",
      "ext": "http://app.ishen520.com/api.php/v1.vod "
    },
    {
      "key": "少泽影客（APP）",
      "name": "少泽影客（APP）",
      "type": 3,
      "api": "csp_AppYsV2",
      "ext": "https://yk.shaozeyy.com/api.php/app/"
    },
    {
      "key": "无限影视网（APP）",
      "name": "无限影视网（APP）",
      "type": 3,
      "api": "csp_AppYsV2",
      "ext": "https://www.wxtv.net/api.php/app/"
    },
    {
      "key": "TV酷（APP）",
      "name": "TV酷（APP）",
      "type": 3,
      "api": "csp_AppYsV2",
      "ext": "https://www.tvkuys.xyz/api.php/app/"
    },
    {
      "key": "天天美剧网（APP）",
      "name": "天天美剧网（APP）",
      "type": 3,
      "api": "csp_AppYsV2",
      "ext": "https://www.ttmja.com/api.php/app/"
    },
    {
      "key": "如意（APP）",
      "name": "如意（APP）",
      "type": 3,
      "api": "csp_AppYsV2",
      "ext": "http://cms.maoyingshi.cc/api.php/app/"
    },
    {
      "key": "UM（APP-手机4G网专用）",
      "name": "UM（APP-手机4G网专用）",
      "type": 3,
      "api": "csp_AppYsV2",
      "ext": "https://www.umkan.cc/mogai_api.php/v1.vod"
    },
    {
      "key": "xgapp",
      "name": "西瓜资源",
      "type": 3,
      "playerType": 2,
      "api": "csp_AppYsV2",
      "searchable": 1,
      "quickSearch": 1,
      "filterable": 1,
      "ext": "https://www.gsjtlxy.top/xgapp.php/v3/"
    },
    {
      "key": "drpy_js_爱奇艺",
      "name": "爱奇艺",
      "type": 3,
      "api": "https://bjson.cf/tvbox/drpymin.js",
      "ext": "https://bjson.cf/tvbox/douban.js"
    },
    {
      "key": "xml_快看",
      "name": "️快看☆资源",
      "type": 1,
      "api": "https://kuaikan-api.com/api.php/provide/vod/from/kuaikanyun",
      "categories": [
        "网络电影",
        "动画电影",
        "动作片",
        "冒险片",
        "剧情片",
        "纪录片",
        "喜剧片",
        "奇幻片",
        "恐怖片",
        "悬疑片",
        "惊悚片",
        "战争片",
        "灾难片",
        "爱情片",
        "科幻片",
        "犯罪片",
        "伦理片",
        "国产剧",
        "港台剧",
        "日本剧",
        "韩国剧",
        "欧美剧",
        "新马剧",
        "泰剧",
        "其他剧",
        "国产综艺",
        "港台综艺",
        "日本综艺",
        "韩国综艺",
        "欧美综艺",
        "国产动漫",
        "港台动漫",
        "日本动漫",
        "欧美动漫"
      ]
    },
    {
      "key": "xml_天空",
      "name": "天空☆资源",
      "type": 1,
      "api": "https://m3u8.tiankongapi.com/api.php/provide/vod/from/tkm3u8/?ac=list",
      "searchable": 1,
      "quickSearch": 1,
      "filterable": 1
    },
    {
      "key": "xml_无尽",
      "name": "无尽☆资源",
      "type": 1,
      "api": "https://api.wujinapi.me/api.php/provide/vod/?ac=list",
      "searchable": 1,
      "quickSearch": 1,
      "filterable": 1,
      "categories": [
        "动作片",
        "动画片",
        "喜剧片",
        "爱情片",
        "科幻片",
        "恐怖片",
        "剧情片",
        "战争片",
        "悬疑片",
        "犯罪片",
        "奇幻片",
        "邵氏电影",
        "纪录片",
        "伦理片",
        "国产剧",
        "香港剧",
        "台湾剧",
        "日本剧",
        "韩国剧",
        "美国剧",
        "泰剧",
        "海外剧",
        "大陆综艺",
        "港台综艺",
        "日韩综艺",
        "欧美综艺",
        "国产动漫",
        "日韩动漫",
        "欧美动漫",
        "影视解说",
        "体育赛事"
      ]
    },
    {
      "key": "xml_光速",
      "name": "光速☆资源",
      "type": 1,
      "api": "https://api.guangsuapi.com/api.php/provide/vod/from/gsm3u8/",
      "searchable": 1,
      "quickSearch": 1,
      "filterable": 1,
      "categories": [
        "综艺",
        "动漫",
        "体育赛事",
        "动作片",
        "动漫电影",
        "喜剧片",
        "爱情片",
        "科幻片",
        "恐怖片",
        "剧情片",
        "战争片",
        "记录片",
        "伦理片",
        "国产剧",
        "港澳剧",
        "台湾剧",
        "日剧",
        "韩剧",
        "欧美剧",
        "泰剧"
      ]
    },
    {
      "key": "xml_飞速",
      "name": "飞速☆资源",
      "type": 1,
      "api": "https://www.feisuzyapi.com/api.php/provide/vod/?ac=list",
      "searchable": 1,
      "quickSearch": 1,
      "filterable": 1
    },
    {
      "key": "xml_百度",
      "name": "百度☆资源",
      "type": 1,
      "api": "https://api.apibdzy.com/api.php/provide/vod/?ac=list",
      "searchable": 1,
      "quickSearch": 1,
      "filterable": 1,
      "categories": [
        "综艺",
        "动漫",
        "体育赛事",
        "动作片",
        "动画电影",
        "喜剧片",
        "爱情片",
        "科幻片",
        "恐怖片",
        "剧情片",
        "战争片",
        "悬疑片",
        "犯罪片",
        "邵氏电影",
        "纪录片",
        "伦理片",
        "大陆剧",
        "港澳剧",
        "台湾剧",
        "日剧",
        "韩剧",
        "欧美剧",
        "泰剧",
        "其他剧",
        "大陆综艺",
        "港台综艺",
        "日韩综艺",
        "欧美综艺",
        "国产动漫",
        "日韩动漫",
        "欧美动漫"
      ]
    },
    {
      "key": "xml_闪电",
      "name": "闪电☆资源",
      "type": 1,
      "api": "https://sdzyapi.com/api.php/provide/vod/?ac=list",
      "searchable": 1,
      "quickSearch": 1,
      "filterable": 1
    },
    {
      "key": "xml_CK",
      "name": "CK☆资源",
      "type": 1,
      "api": "https://ckzy.me/api.php/provide/vod/?ac=list",
      "searchable": 1,
      "quickSearch": 1,
      "filterable": 1,
      "categories": [
        "动作片",
        "喜剧片",
        "爱情片",
        "科幻片",
        "恐怖片",
        "剧情片",
        "战争片",
        "悬疑片",
        "奇幻片",
        "记录片",
        "伦理片",
        "国产剧",
        "港台剧",
        "日韩剧",
        "欧美剧"
      ]
    },
    {
      "key": "xml_UK",
      "name": "UK☆资源",
      "type": 1,
      "api": "https://api.ukuapi.com/api.php/provide/vod/",
      "searchable": 1,
      "quickSearch": 1,
      "filterable": 1,
      "categories": [
        "综艺",
        "动漫",
        "动作片",
        "喜剧片",
        "爱情片",
        "科幻片",
        "恐怖片",
        "战争片",
        "剧情片",
        "记录片",
        "伦理片",
        "动漫电影",
        "国产剧",
        "港澳剧",
        "台湾剧",
        "日剧",
        "韩剧",
        "欧美剧",
        "泰剧"
      ]
    },
    {
      "key": "高清视界",
      "name": "视界 | APP",
      "type": 3,
      "api": "csp_AppYs",
      "searchable": 1,
      "quickSearch": 1,
      "filterable": 1,
      "style": {
        "type": "rect",
        "ratio": 1.33
      },
      "ext": "http://www.1080dyw.cc/api.php/v1.vod"
    },
    {
      "key": "jp",
      "name": "4k",
      "type": 4,
      "api": "http://home.jundie.top:9520/spider/csp_JP",
      "searchable": 1,
      "quickSearch": 1,
      "filterable": 1
    },
    {
      "key": "星影1080cms",
      "name": "星影1080 | APP",
      "type": 1,
      "api": "https://www.xy1080.net/api.php/provide/vod",
      "searchable": 1,
      "quickSearch": 1
    },
    {
      "key": "csp_xml_dm",
      "name": "dm┃动漫",
      "type": 1,
      "api": "https://www.xy1080.net/api.php/provide/vod?from=dm1",
      "searchable": 1,
      "quickSearch": 1,
      "filterable": 1,
      "categories": [
        "动漫"
      ]
    },
    {
      "key": "可可资源",
      "name": "可可资源",
      "type": 1,
      "api": "https://caiji.kekezyapi.com/api.php/provide/vod/",
      "playUrl": "",
      "searchable": 1,
      "quickSearch": 1
    },
    {
      "key": "奇虎资源",
      "name": "奇虎资源",
      "type": 1,
      "api": "https://caiji.qhzyapi.com/api.php/provide/vod/",
      "playUrl": "",
      "searchable": 1,
      "quickSearch": 1
    },
    {
      "key": "火狐资源",
      "name": "火狐资源",
      "type": 1,
      "api": "https://hhzyapi.com/api.php/provide/vod/",
      "playUrl": "",
      "searchable": 1,
      "quickSearch": 1
    },
    {
      "key": "人人影视",
      "name": "人人影视",
      "type": 1,
      "api": "https://www.rrvipw.com/api.php/provide/vod/",
      "playUrl": "",
      "searchable": 1,
      "quickSearch": 1
    },
    {
      "key": "csp_kuaikan",
      "name": "👀快看┃App",
      "type": 3,
      "api": "csp_Kuaikan",
      "searchable": 1,
      "quickSearch": 1,
      "filterable": 1
    },
    {
      "key": "csp_如如",
      "name": "🏵如如┃App",
      "type": 3,
      "api": "csp_AppYsV2",
      "searchable": 1,
      "quickSearch": 1,
      "filterable": 1,
      "ext": "http://cms.maoyingshi.cc/api.php/app/"
    },
    {
      "key": "速博资源",
      "name": "速博资源",
      "type": 1,
      "api": "https://subocaiji.com/api.php/provide/vod/",
      "playUrl": "",
      "searchable": 1,
      "quickSearch": 1
    },
    {
      "key": "虎牙资源",
      "name": "虎牙资源",
      "type": 1,
      "api": "https://www.huyaapi.com/api.php/provide/vod/",
      "playUrl": "",
      "searchable": 1,
      "quickSearch": 1
    },
    {
      "key": "八戒资源",
      "name": "八戒资源",
      "type": 1,
      "api": "http://cj.bajiecaiji.com/inc/apijson_vod.php",
      "playUrl": "",
      "searchable": 1,
      "quickSearch": 1
    },
    {
      "key": "光速资源",
      "name": "光速资源",
      "type": 1,
      "api": "http://guangsuzy.com/index.php/vod/",
      "searchable": 1,
      "quickSearch": 1,
      "filterable": 1,
      "playUrl": "https://www.gszyv.com/m3u8/?url="
    },
    {
      "key": "明地",
      "name": "明地官采/解析",
      "type": 1,
      "api": "http://cj.md214.cn/api.php/provide/vod/",
      "searchable": 1,
      "quickSearch": 1,
      "filterable": 0
    },
    {
      "key": "csp_Kuaikan",
      "name": "🐞快看影视",
      "type": 3,
      "api": "csp_Kuaikan",
      "searchable": 1,
      "quickSearch": 1,
      "filterable": 1
    },
    {
      "key": "最大资源",
      "name": "最大资源",
      "type": 1,
      "api": "http://zuidazy.me/api.php/provide/vod/",
      "playUrl": "",
      "searchable": 1,
      "quickSearch": 1
    },
    {
      "key": "金鹰资源",
      "name": "金鹰资源",
      "type": 1,
      "api": "https://jyzyapi.com/provide/vod/",
      "playUrl": "",
      "searchable": 1,
      "quickSearch": 1
    },
    {
      "key": "飘零影院",
      "name": "飘零影院",
      "type": 1,
      "api": "https://p2100.net/api.php/provide/vod/",
      "playUrl": "",
      "searchable": 1,
      "quickSearch": 1
    },
    {
      "key": "mtv_xp_虎牙直播",
      "name": "💦虎牙直播",
      "type": 3,
      "api": "csp_XPathMacFilter",
      "searchable": 1,
      "quickSearch": 1,
      "filterable": 1,
      "ext": "https://cn.kstore.space/download/3092/MaooXB/虎牙直播.json"
    },
    {
      "key": "mtv_xp_异次动漫",
      "name": "💦异次动漫",
      "type": 3,
      "api": "csp_XPathMacFilter",
      "searchable": 1,
      "quickSearch": 1,
      "filterable": 1,
      "ext": "https://cn.kstore.space/download/3092/MaooXB/异次动漫.json"
    },
    {
      "key": "Kuaikan",
      "name": "🈷️月光快看(SP)",
      "type": 3,
      "api": "csp_Kuaikan",
      "searchable": 1,
      "quickSearch": 1,
      "filterable": 1
    },
    {
      "key": "csp_appysv2_天天视频",
      "name": "天天视频(萝卜)",
      "type": 3,
      "api": "csp_AppYsV2",
      "searchable": 1,
      "quickSearch": 1,
      "filterable": 1,
      "ext": "http://app.qianju.cc/api.php/v1.vod"
    },
    {
      "key": "1080资源库",
      "name": "1080资源库(切)",
      "type": 1,
      "api": "https://api.1080zyku.com/inc/api_mac10.php",
      "searchable": 0,
      "quickSearch": 0
    },
    {
      "key": "红牛资源",
      "name": "红牛资源(切)",
      "type": 1,
      "api": "https://www.hongniuzy2.com/api.php/provide/vod/",
      "searchable": 1,
      "quickSearch": 1
    },
    {
      "key": "闪电资源",
      "name": "闪电资源(切)",
      "type": 1,
      "api": "http://sdzyapi.com/api.php/provide/vod/",
      "searchable": 1,
      "quickSearch": 1
    },
    {
      "key": "光速资源",
      "name": "光速资源(切)",
      "type": 1,
      "api": "https://api.guangsuapi.com/api.php/provide/vod/",
      "searchable": 1,
      "quickSearch": 1
    },
    {
      "key": "百度资源",
      "name": "百度资源(切)",
      "type": 1,
      "api": "https://api.apibdzy.com/api.php/provide/vod/",
      "searchable": 1,
      "quickSearch": 1
    },
    {
      "key": "无尽资源",
      "name": "无尽资源(切)",
      "type": 1,
      "api": "https://api.wujinapi.net/api.php/provide/vod/",
      "searchable": 1,
      "quickSearch": 1
    },
    {
      "key": "天空资源",
      "name": "天空资源(切)",
      "type": 1,
      "api": "https://api.tiankongapi.com/api.php/provide/vod/",
      "searchable": 1,
      "quickSearch": 1
    },
    {
      "key": "U酷资源",
      "name": "U酷资源(优)",
      "type": 1,
      "api": "https://api.ukuapi.com/api.php/provide/vod/",
      "searchable": 1,
      "quickSearch": 1
    },
    {
      "key": "39影视",
      "name": "39影视(聚)",
      "type": 1,
      "api": "https://www.39kan.com/api.php/provide/vod/",
      "searchable": 1,
      "quickSearch": 1
    },
    {
      "key": "明帝",
      "name": "明帝",
      "type": 1,
      "api": "http://cj.md214.cn/api.php/provide/vod/",
      "playUrl": "",
      "searchable": 1,
      "quickSearch": 1
    }
  ],
"parses": [
        {"name":"晨曦解析","type":1,"url":"http://jiexi1.itcxo.cn/api/?key=2NTgVWfapKzXNuue0h&url=
"}
  ],
    "flags": [
        "youku",
        "qq",
        "iqiyi",
        "qiyi",
        "letv",
        "sohu",
        "tudou",
        "pptv",
        "mgtv",
        "wasu",
        "xigua",
        "bilibili",
        "miaoparty",
        "miaoparty2",
        "miaoparty3",
        "longteng",
        "renrenmi",
        "优酷",
        "芒果",
        "腾讯",
        "爱奇艺",
        "奇艺",
        "乐视",
        "ltnb",
        "rx",
        "rongxing",
        "ld",
        "LD",
        "laodi",
        "xueren",
        "xfyun",
        "ziqie",
        "wuduzy",
        "CL4K",
        "xuanfeng",
        "1920l",
        "duoduozy"
    ],
  "ijk": [
    {
      "group": "软解码",
      "options": [
        {
          "category": 4,
          "name": "opensles",
          "value": "0"
        },
        {
          "category": 4,
          "name": "overlay-format",
          "value": "842225234"
        },
        {
          "category": 4,
          "name": "framedrop",
          "value": "1"
        },
        {
          "category": 4,
          "name": "soundtouch",
          "value": "1"
        },
        {
          "category": 4,
          "name": "start-on-prepared",
          "value": "1"
        },
        {
          "category": 1,
          "name": "http-detect-range-support",
          "value": "0"
        },
        {
          "category": 1,
          "name": "fflags",
          "value": "fastseek"
        },
        {
          "category": 2,
          "name": "skip_loop_filter",
          "value": "48"
        },
        {
          "category": 4,
          "name": "reconnect",
          "value": "1"
        },
        {
          "category": 4,
          "name": "max-buffer-size",
          "value": "5242880"
        },
        {
          "category": 4,
          "name": "enable-accurate-seek",
          "value": "0"
        },
        {
          "category": 4,
          "name": "mediacodec",
          "value": "0"
        },
        {
          "category": 4,
          "name": "mediacodec-auto-rotate",
          "value": "0"
        },
        {
          "category": 4,
          "name": "mediacodec-handle-resolution-change",
          "value": "0"
        },
        {
          "category": 4,
          "name": "mediacodec-hevc",
          "value": "0"
        }
      ]
    },
    {
      "group": "硬解码",
      "options": [
        {
          "category": 4,
          "name": "opensles",
          "value": "0"
        },
        {
          "category": 4,
          "name": "overlay-format",
          "value": "842225234"
        },
        {
          "category": 4,
          "name": "framedrop",
          "value": "1"
        },
        {
          "category": 4,
          "name": "soundtouch",
          "value": "1"
        },
        {
          "category": 4,
          "name": "start-on-prepared",
          "value": "1"
        },
        {
          "category": 1,
          "name": "http-detect-range-support",
          "value": "0"
        },
        {
          "category": 1,
          "name": "fflags",
          "value": "fastseek"
        },
        {
          "category": 2,
          "name": "skip_loop_filter",
          "value": "48"
        },
        {
          "category": 4,
          "name": "reconnect",
          "value": "1"
        },
        {
          "category": 4,
          "name": "max-buffer-size",
          "value": "5242880"
        },
        {
          "category": 4,
          "name": "enable-accurate-seek",
          "value": "0"
        },
        {
          "category": 4,
          "name": "mediacodec",
          "value": "1"
        },
        {
          "category": 4,
          "name": "mediacodec-auto-rotate",
          "value": "1"
        },
        {
          "category": 4,
          "name": "mediacodec-handle-resolution-change",
          "value": "1"
        },
        {
          "category": 4,
          "name": "mediacodec-hevc",
          "value": "1"
        }
      ]
    }
  ],
  "ads": [
    "mimg.0c1q0l.cn",
    "www.googletagmanager.com",
    "www.google-analytics.com",
    "mc.usihnbcq.cn",
    "mg.g1mm3d.cn",
    "mscs.svaeuzh.cn",
    "cnzz.hhttm.top",
    "tp.vinuxhome.com",
    "cnzz.mmstat.com",
    "www.baihuillq.com",
    "s23.cnzz.com",
    "z3.cnzz.com",
    "c.cnzz.com",
    "stj.v1vo.top",
    "z12.cnzz.com",
    "img.mosflower.cn",
    "tips.gamevvip.com",
    "ehwe.yhdtns.com",
    "xdn.cqqc3.com",
    "www.jixunkyy.cn",
    "sp.chemacid.cn",
    "hm.baidu.com",
    "s9.cnzz.com",
    "z6.cnzz.com",
    "um.cavuc.com",
    "mav.mavuz.com",
    "wofwk.aoidf3.com",
    "z5.cnzz.com",
    "xc.hubeijieshikj.cn",
    "tj.tianwenhu.com",
    "xg.gars57.cn",
    "k.jinxiuzhilv.com",
    "cdn.bootcss.com",
    "ppl.xunzhuo123.com",
    "xomk.jiangjunmh.top",
    "img.xunzhuo123.com",
    "z1.cnzz.com",
    "s13.cnzz.com",
    "xg.huataisangao.cn",
    "z7.cnzz.com",
    "xg.huataisangao.cn",
    "z2.cnzz.com",
    "s96.cnzz.com",
    "q11.cnzz.com",
    "thy.dacedsfa.cn",
    "xg.whsbpw.cn",
    "s19.cnzz.com",
    "z8.cnzz.com",
    "s4.cnzz.com",
    "f5w.as12df.top",
    "ae01.alicdn.com",
    "www.92424.cn",
    "k.wudejia.com",
    "vivovip.mmszxc.top",
    "qiu.xixiqiu.com",
    "cdnjs.hnfenxun.com",
    "cms.qdwght.com"
  ]
}
