{
  "spider": "https://pan.shangui.cc/f/v6Dztk/dj0.jar",
  "sites": [
 
    { "key": "横版影院", "name": "❤️短剧一
    ", "type": 1, "api": "https://cj.lzcaiji.com/api.php/provide/vod/from/liangzi/?ac=list", "searchable": 1, "quickSearch": 1, "filterable": 1, "categories": [ "短剧" ] }, 
{
            "key": "短剧1xyq1",
            "name": "🧡短剧二",
            "type": 3,
            "api": "csp_XYQHiker",
            "searchable": 1,
            "quickSearch": 1,
            "filterable": 1,
            "ext": "http://52bsj.vip:81/api/v3/file/get/168079/%E8%A7%84%E5%88%99%E5%90%8D_%20_%E9%A6%99%E9%9B%85%E6%83%85%E6%A8%A1%E6%9D%BF_,.txt?sign=3aG9J_c2ZOrR0welihMao35c-9dpWB7h_vu5Rlc9Hbc%3D%3A0","jar":"http://52bsj.vip:81/api/v3/file/get/168078/Yoursmile.zip?sign=R6qPnqaZO1r9RiyTlEuDIna2v13tH-Cu_J9FXAaKgU0%3D%3A0"},
   {
            "key": "csp_djtv",
            "name": "💚短剧三",
            "type": 3,"playerType":2,
            "api": "csp_XBPQ",
            "searchable": 1,
            "quickSearch": 1,
            "filterable": 1,
            "ext": "https://pan.shangui.cc/f/LapKT3/%E7%9F%AD%E5%89%A7.json"},            
          {
      "key": "PT",
      "name": "💙短剧四",
      "type": 3,
      "api": "csp_XBPQ",
      "ext": {
        "数组": "class=\"stui-vodlist__box&&</li",
        "分类url": "https://www.putaojuchang.com/show/{cateId}/area/{area}/class/{class}/by/{by}/page/{catePg}/year/{year}.html",
        "分类": "微剧场$1#言情$6#逆袭$7#战神$8#异能$9#生活$10#重生$12#复仇$20#爱情$11"
      }
    },
    {
      "key": "csp_短剧网香",
      "name": "🧡短剧五",
      "type": 3,
      "api": "csp_XYQHiker",
      "jar": "https://pan.shangui.cc/f/0BXPtj/dj2.jar",
      "searchable": 1,
      "quickSearch": 1,
      "filterable": 1,
      "ext": {
        "规则名": "短剧网",
        "规则作者": "醉卧东风",
        "请求头参数": "User-Agent$MOBILE_UA#Referer$WebView",
        "网页编码格式": "UTF-8",
        "图片是否需要代理": "0",
        "是否开启获取首页数据": "1",
        "首页推荐链接": "https://www.duanju5.com",
        "首页列表数组规则": "body&&.module-items",
        "首页片单列表数组规则": ".module-item",
        "首页片单是否Jsoup写法": "1",
        "分类起始页码": "1",
        "分类链接": "https://www.duanju5.com/vodtype/{cateId}-{catePg}.html",
        "分类名称": "逆袭&甜宠&虐恋&穿越&重生",
        "分类名称替换词": "nixi&tianchong&nuelian&chuanyue&chuanyue&chongsheng",
        "分类截取模式": "1",
        "分类列表数组规则": "body&&.module-item",
        "分类片单是否Jsoup写法": "1",
        "分类片单标题": "a&&title",
        "分类片单链接": "a&&href",
        "分类片单图片": ".lazyloaded||.lazyload&&data-src||data-original",
        "分类片单副标题": ".module-item-note||.module-item-text&&Text",
        "分类片单链接加前缀": "https://www.duanju5.com",
        "分类片单链接加后缀": "",
        "搜索请求头参数": "User-Agent$MOBILE_UA",
        "搜索链接": "https://www.duanju5.com/vodsearch/{wd}----------{SearchPg}---.html",
        "POST请求数据": "",
        "搜索截取模式": "1",
        "搜索列表数组规则": "body&&.module-search-item",
        "搜索片单是否Jsoup写法": "1",
        "搜索片单图片": ".lazyload&&data-src",
        "搜索片单标题": "h3&&Text",
        "搜索片单链接": "a&&href",
        "搜索片单副标题": ".video-serial&&Text",
        "搜索片单链接加前缀": "https://www.duanju5.com",
        "搜索片单链接加后缀": "",
        "链接是否直接播放": "0",
        "直接播放链接加前缀": "",
        "直接播放链接加后缀": "#isVideo=true#",
        "直接播放直链视频请求头": "",
        "详情是否Jsoup写法": "0",
        "类型详情": "",
        "年代详情": "",
        "地区详情": "",
        "演员详情": "主演：</span>&&</div>",
        "简介详情": "introduction\">&&</p>",
        "线路列表数组规则": ".module-player-tab&&.module-tab-item",
        "线路标题": "Text",
        "播放列表数组规则": "body&&.module-player-list:has(.scroll-content)",
        "选集列表数组规则": ".scroll-content&&a",
        "选集标题链接是否Jsoup写法": "1",
        "选集标题": "a&&Text",
        "选集链接": "a&&href",
        "是否反转选集序列": "0",
        "选集链接加前缀": "https://www.duanju5.com",
        "选集链接加后缀": "",
        "分析MacPlayer": "0",
        "是否开启手动嗅探": "1",
        "手动嗅探视频链接关键词": ".mp4#.m3u8#.flv#video/tos",
        "手动嗅探视频链接过滤词": ".html#?url=http"
      }
    },
    {
      "key": "yqkan_open",
      "name": "❤️短剧六",
      "type": 3,
      "api": "csp_YQKan",
      "searchable": 1,
      "quickSearch": 1,
      "filterable": 0
    },
    {
      "key": "csp_XBPQ_短剧",
      "name": "💛短剧七",
      "type": 3,
      "api": "csp_XBPQ",
      "searchable": 1,
      "quickSearch": 1,
      "filterable": 1,
      "ext": {
        "分类url": "https://mimiju.com/vodshow/{cateId}--{by}------{catePg}---.html",
        "分类": "短剧$20"
      }
    },
    {
      "key": "csp_XBPQ_vstv",
      "name": "💚短剧八",
      "type": 3,
      "api": "csp_XBPQ",
      "jar": "https://pan.shangui.cc/f/76MYUM/dj3.jar",
      "searchable": 1,
      "quickSearch": 1,
      "filterable": 1,
      "ext": {
        "分类url": "https://www.ytshengde.com/sanyisw/{cateId}-{area}-------{catePg}---{year}.html",
        "分类": "短剧$5#电视剧$2#电影$1#动漫$4#综艺$3"
      }
    },
    {
      "key": "姐姐",
      "name": "💜短剧九",
      "type": 3,
      "api": "csp_AppYsV2",
      "jar": "https://pan.shangui.cc/f/76MYUM/dj3.jar",
      "searchable": 1,
      "quickSearch": 1,
      "filterable": 1,
      "ext": "http://dytt996.com/api.php/app/"
    },
    {
      "key": "csp_AppYsV2_Mxone",
      "name": "🧡短剧十",
      "type": 3,
      "api": "csp_AppYsV2",
      "searchable": 1,
      "quickSearch": 1,
      "filterable": 1,
      "ext": "https://www.kuin.one/api.php/app/"
    },
    {
      "key":"陌陌",
      "name":"❤️短剧十一",
      "type":3,
      "api":"csp_AppYsV2",
      "searchable":1,
      "quickSearch":1,
      "changeable":1,
      "ext":"https://www.kuin.one/api.php/app/"
    },
    
    		{
			"key": "XBPQ_duanju5",
			"name": "💛短剧十二",
			"type": 3,
			"api": "csp_XBPQ",
			"searchable": 1,
			"quickSearch": 1,
			"filterable": 1,
			"ext": "分类url:https://m.duanju5.com/vodshow/{cateId}--{by}------{catePg}---{year}.html,分类:逆袭$nixi#甜宠$tianchong#虐恋$nuelian#穿越$chuanyue#重生$chongsheng",
			"jar": "https://pan.shangui.cc/f/46p5F0/xbpq.jar"
		},
    {
      "key": "csp_XYQHiker_VSYY",
      "name": "💚短剧十三",
      "type": 3,
      "searchable": 1,
      "quickSearch": 1,
      "filterable": 1,
      "api": "csp_XYQHiker",
      "jar": "https://pan.shangui.cc/f/o0Z8C7/dj4.jar",
      "ext": "https://pan.shangui.cc/f/AaNAUy/VS%E5%BD%B1%E9%99%A2.json"
    },
    {
      "key": "csp_XBPQ_aoaotv",
      "name": "💙短剧十四",
      "type": 3,
      "api": "csp_XBPQ",
      "searchable": 1,
      "quickSearch": 1,
      "filterable": 1,
      "ext": {
        "分类url": "https://aoao.tv/vodshow/{cateId}--------{catePg}---.html",
        "分类": "短剧$20#电视剧$21#电影$22#动漫$23#综艺$24"
      }
    }
  
  ],
  "lives": [
    {
      "group": "🇨🇳•频道",
      "channels": [
        {
          "name": "四川成都-東安湖體育公園",
          "urls": [
            "http://gcksc.v.kcdnvip.com/gc/btq01_1/index.m3u8"
          ]
        },
        {
          "name": "四川成都-東安湖體育公園",
          "urls": [
            "http://gcbsc.v.live.baishancdnx.cn/gc/btq01_1/index.m3u8"
          ]
        },
        {
          "name": "四川成都-東安湖體育公園",
          "urls": [
            "http://gcalic.v.myalicdn.com/gc/btq01_1/index.m3u8"
          ]
        },
        {
          "name": "四川成都-東安湖體育公園",
          "urls": [
            "http://gctxyc.liveplay.myqcloud.com/gc/btq01_1/index.m3u8"
          ]
        },
        {
          "name": "四川卫视",
          "urls": [
            "http://113.100.193.10:9901/tsfile/live/0123_1.m3u8"
          ]
        },
        {
          "name": "四川新闻",
          "urls": [
            "http://live.cooltv.top/tv/cdtv.php?id=scxw"
          ]
        },
        {
          "name": "四川经济",
          "urls": [
            "http://live.cooltv.top/tv/cdtv.php?id=scjj"
          ]
        },
        {
          "name": "四川文旅",
          "urls": [
            "http://live.cooltv.top/tv/cdtv.php?id=scwhly"
          ]
        },
        {
          "name": "四川影视",
          "urls": [
            "http://live.cooltv.top/tv/cdtv.php?id=scyswy"
          ]
        },
        {
          "name": "四川乡村",
          "urls": [
            "http://live.cooltv.top/tv/cdtv.php?id=scxc"
          ]
        },
        {
          "name": "四川成都新闻",
          "urls": [
            "http://live.cooltv.top/tv/cdtv.php?id=cdxwzh"
          ]
        },
        {
          "name": "四川成都经济",
          "urls": [
            "http://live.cooltv.top/tv/cdtv.php?id=cdjjzx"
          ]
        },
        {
          "name": "四川成都公共",
          "urls": [
            "http://live.cooltv.top/tv/cdtv.php?id=cdgg"
          ]
        },
        {
          "name": "四川成都影视",
          "urls": [
            "http://live.cooltv.top/tv/cdtv.php?id=cdyswy"
          ]
        },
        {
          "name": "凤凰中文",
          "urls": [
            "http://r.jdshipin.com/cCCzW"
          ]
        },
        {
          "name": "凤凰中文",
          "urls": [
            "http://kkwk1122.top/fh.php?id=fhzw"
          ]
        },
        {
          "name": "凤凰资讯",
          "urls": [
            "http://r.jdshipin.com/0Rp07"
          ]
        },
        {
          "name": "凤凰资讯",
          "urls": [
            "http://kkwk1122.top/fh.php?id=fhzx"
          ]
        },
        {
          "name": "翡翠台",
          "urls": [
            "http://r.jdshipin.com/qClQf"
          ]
        },
        {
          "name": "明珠台",
          "urls": [
            "http://r.jdshipin.com/ZQ4kN"
          ]
        },
        {
          "name": "华视",
          "urls": [
            "http://162.19.247.76:22222/live/huashi/index.m3u8"
          ]
        },
        {
          "name": "台视",
          "urls": [
            "http://162.19.247.76:22222/live/taishi/index.m3u8"
          ]
        },
        {
          "name": "中视",
          "urls": [
            "http://162.19.247.76:22222/live/zhongshi/index.m3u8"
          ]
        },
        {
          "name": "TVBS新闻台",
          "urls": [
            "http://38.64.72.148:80/hls/modn/list/4006/chunklist1.m3u8"
          ]
        },
        {
          "name": "民视新闻台",
          "urls": [
            "http://38.64.72.148/hls/modn/list/4012/chunklist1.m3u8"
          ]
        },
        {
          "name": "台视新闻台",
          "urls": [
            "http://38.64.72.148:80/hls/modn/list/4013/chunklist1.m3u8"
          ]
        },
        {
          "name": "中视新闻台",
          "urls": [
            "http://198.16.100.90:8278/zhongshinews_twn/playlist.m3u8?tid=MAAA4459856044598560&ct=19193&tsum=1b7bdea69c00cd48e31f13442c75c376"
          ]
        },
        {
          "name": "中天新闻",
          "urls": [
            "http://198.16.100.90:8278/ctinews/playlist.m3u8?tid=MC3C3915550439155504&ct=19193&tsum=a8168b7967dda9bfebdd5b1403dc19b0"
          ]
        }
      ]
    },
    {
      "group": "🇨🇳•央视频道",
      "channels": [
        {
          "name": "CCTV-1    2K",
          "urls": [
            "http://39.134.24.162/dbiptv.sn.chinamobile.com/PLTV/88888890/224/3221225804/index.m3u8?"
          ]
        },
        {
          "name": "CCTV-1    2K",
          "urls": [
            "http://a.xttv.top/xttv/27f43e697655f4d44c62d7f4d32fcctv.m3u8"
          ]
        },
        {
          "name": "CCTV-1    2K",
          "urls": [
            "http://39.134.24.166/dbiptv.sn.chinamobile.com/PLTV/88888890/224/3221225804/index.m3u8"
          ]
        },
        {
          "name": "CCTV-2    2K",
          "urls": [
            "http://39.134.24.162/dbiptv.sn.chinamobile.com/PLTV/88888890/224/3221226224/index.m3u8"
          ]
        },
        {
          "name": "CCTV-2    2K",
          "urls": [
            "http://39.134.24.162/dbiptv.sn.chinamobile.com/PLTV/88888890/224/3221226195/index.m3u8?"
          ]
        },
        {
          "name": "CCTV-3    2K",
          "urls": [
            "http://111.20.40.172/PLTV/88888893/224/3221226397/index.m3u8"
          ]
        },
        {
          "name": "CCTV-3    2K",
          "urls": [
            "http://125.39.177.227/bkhlsliveali-cdn.ysp.cctv.cn/ysp/2000203803.m3u8"
          ]
        },
        {
          "name": "CCTV-4    2K",
          "urls": [
            "http://jycb.f3322.net:85/tsfile/live/1000_1.m3u8?key=txiptv&playlive=1&authid=0"
          ]
        },
        {
          "name": "CCTV-4    2K",
          "urls": [
            "http://39.134.24.162/dbiptv.sn.chinamobile.com/PLTV/88888890/224/3221226191/index.m3u8?"
          ]
        },
        {
          "name": "CCTV-4    2K",
          "urls": [
            "http://39.134.24.161/dbiptv.sn.chinamobile.com/PLTV/88888890/224/3221226191/index.m3u8?"
          ]
        },
        {
          "name": "CCTV-5    2K",
          "urls": [
            "http://39.134.24.161/dbiptv.sn.chinamobile.com/PLTV/88888890/224/3221226395/index.m3u8?"
          ]
        },
        {
          "name": "CCTV-5    2K",
          "urls": [
            "http://39.134.24.166/dbiptv.sn.chinamobile.com/PLTV/88888890/224/3221226395/index.m3u8"
          ]
        },
        {
          "name": "CCTV-5    2K",
          "urls": [
            "http://39.134.24.162/dbiptv.sn.chinamobile.com/PLTV/88888890/224/3221226395/index.m3u8"
          ]
        },
        {
          "name": "CCTV-5+   2K",
          "urls": [
            "http://jycb.f3322.net:85/tsfile/live/1001_1.m3u8?key=txiptv&playlive=1&authid=0"
          ]
        },
        {
          "name": "CCTV-5+   2K",
          "urls": [
            "http://39.134.24.162/dbiptv.sn.chinamobile.com/PLTV/88888890/224/3221225761/index.m3u8?"
          ]
        },
        {
          "name": "CCTV-5+   2K",
          "urls": [
            "http://39.134.24.166/dbiptv.sn.chinamobile.com/PLTV/88888890/224/3221225761/index.m3u8"
          ]
        },
        {
          "name": "CCTV-6    2K",
          "urls": [
            "http://111.20.40.167/PLTV/88888893/224/3221226393/index.m3u8"
          ]
        },
        {
          "name": "CCTV-6    2K",
          "urls": [
            "http://111.20.40.166/PLTV/88888893/224/3221226393/index.m3u8"
          ]
        },
        {
          "name": "CCTV-7    2K",
          "urls": [
            "http://39.134.24.166/dbiptv.sn.chinamobile.com/PLTV/88888890/224/3221226192/index.m3u8"
          ]
        },
        {
          "name": "CCTV-7    2K",
          "urls": [
            "http://113.62.253.22/live.aishang.ctlcdn.com/00000110240248_1/playlist.m3u8?CONTENTID=00000110240248_1&AUTHINFO=FABqh274XDn8fkurD5614t%2B1RvYajgx%2Ba3PxUJe1SMO4OjrtFitM6ZQbSJEFffaD35hOAhZdTXOrK0W8QvBRom%2BXaXZYzB%2FQfYjeYzGgKhP%2Fdo%2BXpr4quVxlkA%2BubKvbU1XwJFRgrbX%2BnTs60JauQUrav8kLj%2FPH8LxkDFpzvkq75UfeY%2FVNDZygRZLw4j%2BXtwhj%2FIuXf1hJAU0X%2BheT7g%3D%3D&USERTOKEN=eHKuwve%2F35NVIR5qsO5XsuB0O2BhR0KR"
          ]
        },
        {
          "name": "CCTV-8    2K",
          "urls": [
            "http://39.134.24.162/dbiptv.sn.chinamobile.com/PLTV/88888890/224/3221226012/index.m3u8?"
          ]
        },
        {
          "name": "CCTV-8    2K",
          "urls": [
            "http://39.134.24.166/dbiptv.sn.chinamobile.com/PLTV/88888890/224/3221226391/index.m3u8"
          ]
        },
        {
          "name": "CCTV-8    2K",
          "urls": [
            "http://111.20.40.172/PLTV/88888893/224/3221226391/index.m3u8"
          ]
        },
        {
          "name": "CCTV-9    2K",
          "urls": [
            "http://39.134.24.162/dbiptv.sn.chinamobile.com/PLTV/88888890/224/3221226197/index.m3u8?"
          ]
        },
        {
          "name": "CCTV-9    2K",
          "urls": [
            "http://39.134.24.166/dbiptv.sn.chinamobile.com/PLTV/88888890/224/3221226197/index.m3u8"
          ]
        },
        {
          "name": "CCTV-9    2K",
          "urls": [
            "http://1.195.111.251:11190/tsfile/live/0009_1.m3u8"
          ]
        },
        {
          "name": "CCTV-10   2K",
          "urls": [
            "http://222.71.90.218:8888/newlive/live/hls/11/live.m3u8"
          ]
        },
        {
          "name": "CCTV-10   2K",
          "urls": [
            "http://39.134.24.162/dbiptv.sn.chinamobile.com/PLTV/88888890/224/3221226189/index.m3u8?"
          ]
        },
        {
          "name": "CCTV-11   2K",
          "urls": [
            "http://39.134.115.163:8080/PLTV-/88888910/224/3221225628/index.m3u8"
          ]
        },
        {
          "name": "CCTV-11   2K",
          "urls": [
            "http://125.39.177.227/bkhlsliveali-cdn.ysp.cctv.cn/ysp/2000204103.m3u8"
          ]
        },
        {
          "name": "CCTV-12   2K",
          "urls": [
            "http://113.62.253.22/live.aishang.ctlcdn.com/00000110240252_1/playlist.m3u8?CONTENTID=00000110240252_1&AUTHINFO=FABqh274XDn8fkurD5614t%2B1RvYajgx%2Ba3PxUJe1SMO4OjrtFitM6ZQbSJEFffaD35hOAhZdTXOrK0W8QvBRom%2BXaXZYzB%2FQfYjeYzGgKhP%2Fdo%2BXpr4quVxlkA%2BubKvbU1XwJFRgrbX%2BnTs60JauQUrav8kLj%2FPH8LxkDFpzvkq75UfeY%2FVNDZygRZLw4j%2BXtwhj%2FIuXf1hJAU0X%2BheT7g%3D%3D&USERTOKEN=eHKuwve%2F35NVIR5qsO5XsuB0O2BhR0KR"
          ]
        },
        {
          "name": "CCTV-12   2K",
          "urls": [
            "http://117.169.124.149:8080/live/HD-8000k-1080P-cctv12/index.m3u8"
          ]
        },
        {
          "name": "CCTV-13   2K",
          "urls": [
            "http://39.134.24.162/dbiptv.sn.chinamobile.com/PLTV/88888890/224/3221226233/index.m3u8?"
          ]
        },
        {
          "name": "CCTV-13   2K",
          "urls": [
            "https://live-play.cctvnews.cctv.com/cctv/merge_cctv13.m3u8"
          ]
        },
        {
          "name": "CCTV-13   2K",
          "urls": [
            "http://39.134.24.166/dbiptv.sn.chinamobile.com/PLTV/88888890/224/3221226233/index.m3u8"
          ]
        },
        {
          "name": "CCTV-13   2K",
          "urls": [
            "http://223.95.111.98:5555/newlive/live/hls/13/live.m3u8"
          ]
        },
        {
          "name": "CCTV-13   2K",
          "urls": [
            "http://cctvwbndali.v.myalicdn.com/cctvwbnd/cctv13_2/index.m3u8"
          ]
        },
        {
          "name": "CCTV-14   2K",
          "urls": [
            "http://39.134.24.166/dbiptv.sn.chinamobile.com/PLTV/88888890/224/3221226193/index.m3u8?"
          ]
        },
        {
          "name": "CCTV-15   2K",
          "urls": [
            "http://39.134.24.162/dbiptv.sn.chinamobile.com/PLTV/88888890/224/3221225785/index.m3u8?"
          ]
        },
        {
          "name": "CCTV-16   2K",
          "urls": [
            "http://39.134.24.162/dbiptv.sn.chinamobile.com/PLTV/88888890/224/3221226921/index.m3u8?"
          ]
        },
        {
          "name": "CCTV-16   2K",
          "urls": [
            "http://39.134.24.166/dbiptv.sn.chinamobile.com/PLTV/88888890/224/3221226921/index.m3u8"
          ]
        },
        {
          "name": "CCTV-16   2K",
          "urls": [
            "http://111.20.40.160/PLTV/88888893/224/3221226921/index.m3u8"
          ]
        },
        {
          "name": "CCTV兵器科技",
          "urls": [
            "http://58.205.220.58:8088/tlivectfree-cdn.ysp.cctv.cn/ysp/2012513402.m3u8"
          ]
        },
        {
          "name": "CCTV电视指南",
          "urls": [
            "http://58.205.220.58:8088/tlivectfree-cdn.ysp.cctv.cn/ysp/2012514002.m3u8"
          ]
        },
        {
          "name": "CCTV风云剧场",
          "urls": [
            "http://58.205.220.58:8088/tlivectfree-cdn.ysp.cctv.cn/ysp/2012513602.m3u8"
          ]
        },
        {
          "name": "CCTV风云音乐",
          "urls": [
            "http://58.205.220.58:8088/tlivectfree-cdn.ysp.cctv.cn/ysp/2012514102.m3u8"
          ]
        },
        {
          "name": "CCTV高尔夫网球",
          "urls": [
            "http://58.205.220.58:8088/tlivectfree-cdn.ysp.cctv.cn/ysp/2012512502.m3u8"
          ]
        },
        {
          "name": "CCTV怀旧剧场",
          "urls": [
            "http://58.205.220.58:8088/tlivectfree-cdn.ysp.cctv.cn/ysp/2012511202.m3u8"
          ]
        },
        {
          "name": "CCTV女性时尚",
          "urls": [
            "http://58.205.220.58:8088/tlivectfree-cdn.ysp.cctv.cn/ysp/2012513902.m3u8"
          ]
        },
        {
          "name": "CCTV世界地理",
          "urls": [
            "http://58.205.220.58:8088/tlivectfree-cdn.ysp.cctv.cn/ysp/2012513302.m3u8"
          ]
        },
        {
          "name": "CCTV卫生健康",
          "urls": [
            "http://58.205.220.58:8088/tlivectfree-cdn.ysp.cctv.cn/ysp/2012513502.m3u8"
          ]
        },
        {
          "name": "CCTV央视文化精品",
          "urls": [
            "http://58.205.220.58:8088/tlivectfree-cdn.ysp.cctv.cn/ysp/2012513802.m3u8"
          ]
        },
        {
          "name": "CCTV-1",
          "urls": [
            "http://39.134.24.162/dbiptv.sn.chinamobile.com/PLTV/88888888/224/3221225804/1.m3u8"
          ]
        },
        {
          "name": "CCTV-2",
          "urls": [
            "http://39.134.24.162/dbiptv.sn.chinamobile.com/PLTV/88888888/224/3221226195/1.m3u8"
          ]
        },
        {
          "name": "CCTV-2",
          "urls": [
            "http://39.134.24.162/dbiptv.sn.chinamobile.com/PLTV/88888888/224/3221226224/1.m3u8"
          ]
        },
        {
          "name": "CCTV-3",
          "urls": [
            "http://1.195.111.251:11190/tsfile/live/0003_1.m3u8"
          ]
        },
        {
          "name": "CCTV-4",
          "urls": [
            "http://39.134.24.162/dbiptv.sn.chinamobile.com/PLTV/88888888/224/3221226191/1.m3u8"
          ]
        },
        {
          "name": "CCTV-5",
          "urls": [
            "http://39.134.24.162/dbiptv.sn.chinamobile.com/PLTV/88888888/224/3221226395/1.m3u8"
          ]
        },
        {
          "name": "CCTV-5",
          "urls": [
            "http://39.134.24.166/dbiptv.sn.chinamobile.com/PLTV/88888888/224/3221226395/1.m3u8"
          ]
        },
        {
          "name": "CCTV-5+",
          "urls": [
            "http://39.134.24.166/dbiptv.sn.chinamobile.com/PLTV/88888888/224/3221225761/1.m3u8"
          ]
        },
        {
          "name": "CCTV-5+",
          "urls": [
            "http://39.134.24.162/dbiptv.sn.chinamobile.com/PLTV/88888888/224/3221225761/1.m3u8"
          ]
        },
        {
          "name": "CCTV-6",
          "urls": [
            "http://39.134.24.166/dbiptv.sn.chinamobile.com/PLTV/88888888/224/3221226393/1.m3u8"
          ]
        },
        {
          "name": "CCTV-7",
          "urls": [
            "http://39.134.24.166/dbiptv.sn.chinamobile.com/PLTV/88888888/224/3221226192/1.m3u8"
          ]
        },
        {
          "name": "CCTV-8",
          "urls": [
            "http://39.134.24.162/dbiptv.sn.chinamobile.com/PLTV/88888888/224/3221226012/1.m3u8"
          ]
        },
        {
          "name": "CCTV-8",
          "urls": [
            "http://39.134.24.162/dbiptv.sn.chinamobile.com/PLTV/88888888/224/3221226391/1.m3u8"
          ]
        },
        {
          "name": "CCTV-8",
          "urls": [
            "http://39.134.24.166/dbiptv.sn.chinamobile.com/PLTV/88888888/224/3221226012/1.m3u8"
          ]
        },
        {
          "name": "CCTV-8",
          "urls": [
            "http://39.134.24.166/dbiptv.sn.chinamobile.com/PLTV/88888888/224/3221226391/1.m3u8"
          ]
        },
        {
          "name": "CCTV-9",
          "urls": [
            "http://39.134.24.162/dbiptv.sn.chinamobile.com/PLTV/88888888/224/3221226197/1.m3u8"
          ]
        },
        {
          "name": "CCTV-9",
          "urls": [
            "http://39.134.24.166/dbiptv.sn.chinamobile.com/PLTV/88888888/224/3221226197/1.m3u8"
          ]
        },
        {
          "name": "CCTV-10",
          "urls": [
            "http://39.134.24.162/dbiptv.sn.chinamobile.com/PLTV/88888888/224/3221226189/1.m3u8"
          ]
        },
        {
          "name": "CCTV-11",
          "urls": [
            "http://1.195.111.251:11190/tsfile/live/0011_1.m3u8"
          ]
        },
        {
          "name": "CCTV-12",
          "urls": [
            "http://1.195.111.251:11190/tsfile/live/0012_1.m3u8"
          ]
        },
        {
          "name": "CCTV-13",
          "urls": [
            "http://39.134.24.162/dbiptv.sn.chinamobile.com/PLTV/88888888/224/3221226233/1.m3u8"
          ]
        },
        {
          "name": "CCTV-13",
          "urls": [
            "http://39.134.24.166/dbiptv.sn.chinamobile.com/PLTV/88888888/224/3221226233/1.m3u8"
          ]
        },
        {
          "name": "CCTV-14",
          "urls": [
            "http://39.134.24.166/dbiptv.sn.chinamobile.com/PLTV/88888888/224/3221226193/1.m3u8"
          ]
        },
        {
          "name": "CCTV-15",
          "urls": [
            "http://39.134.24.162/dbiptv.sn.chinamobile.com/PLTV/88888888/224/3221225785/1.m3u8"
          ]
        },
        {
          "name": "CCTV-16",
          "urls": [
            "http://39.134.24.162/dbiptv.sn.chinamobile.com/PLTV/88888888/224/3221226921/1.m3u8"
          ]
        }
      ]
    },
    {
      "group": "🇨🇳•央视卫视频道",
      "channels": [
        {
          "name": "CCTV-1高清",
          "urls": [
            "http://222.175.159.226:808/hls/20231/index.m3u8"
          ]
        },
        {
          "name": "CCTV-2高清",
          "urls": [
            "http://222.175.159.226:808/hls/20232/index.m3u8"
          ]
        },
        {
          "name": "CCTV-3高清",
          "urls": [
            "http://222.175.159.226:808/hls/20233/index.m3u8"
          ]
        },
        {
          "name": "CCTV-4高清",
          "urls": [
            "http://222.175.159.226:808/hls/20234/index.m3u8"
          ]
        },
        {
          "name": "CCTV-5高清",
          "urls": [
            "http://222.175.159.226:808/hls/20235/index.m3u8"
          ]
        },
        {
          "name": "CCTV5+高清",
          "urls": [
            "http://222.175.159.226:808/hls/20236/index.m3u8"
          ]
        },
        {
          "name": "CCTV-6高清",
          "urls": [
            "http://222.175.159.226:808/hls/20237/index.m3u8"
          ]
        },
        {
          "name": "CCTV-7高清",
          "urls": [
            "http://222.175.159.226:808/hls/20238/index.m3u8"
          ]
        },
        {
          "name": "CCTV-8高清",
          "urls": [
            "http://222.175.159.226:808/hls/20239/index.m3u8"
          ]
        },
        {
          "name": "CCTV-9高清",
          "urls": [
            "http://222.175.159.226:808/hls/202310/index.m3u8"
          ]
        },
        {
          "name": "CCTV-10高清",
          "urls": [
            "http://222.175.159.226:808/hls/202311/index.m3u8"
          ]
        },
        {
          "name": "CCTV-11高清",
          "urls": [
            "http://222.175.159.226:808/hls/202312/index.m3u8"
          ]
        },
        {
          "name": "CCTV-12高清",
          "urls": [
            "http://222.175.159.226:808/hls/202313/index.m3u8"
          ]
        },
        {
          "name": "CCTV-13高清",
          "urls": [
            "http://222.175.159.226:808/hls/202314/index.m3u8"
          ]
        },
        {
          "name": "CCTV-14高清",
          "urls": [
            "http://222.175.159.226:808/hls/202315/index.m3u8"
          ]
        },
        {
          "name": "CCTV-15高清",
          "urls": [
            "http://222.175.159.226:808/hls/202316/index.m3u8"
          ]
        },
        {
          "name": "CCTV-17高清",
          "urls": [
            "http://222.175.159.226:808/hls/202318/index.m3u8"
          ]
        },
        {
          "name": "山东卫视高清",
          "urls": [
            "http://222.175.159.226:808/hls/202319/index.m3u8"
          ]
        },
        {
          "name": "中国教育-1高清",
          "urls": [
            "http://222.175.159.226:808/hls/202332/index.m3u8"
          ]
        },
        {
          "name": "湖南卫视高清",
          "urls": [
            "http://222.175.159.226:808/hls/202341/index.m3u8"
          ]
        },
        {
          "name": "浙江卫视高清",
          "urls": [
            "http://222.175.159.226:808/hls/202342/index.m3u8"
          ]
        },
        {
          "name": "东方卫视高清",
          "urls": [
            "http://222.175.159.226:808/hls/202343/index.m3u8"
          ]
        },
        {
          "name": "江苏卫视高清",
          "urls": [
            "http://222.175.159.226:808/hls/202344/index.m3u8"
          ]
        },
        {
          "name": "北京卫视高清",
          "urls": [
            "http://222.175.159.226:808/hls/202345/index.m3u8"
          ]
        },
        {
          "name": "安徽卫视高清",
          "urls": [
            "http://222.175.159.226:808/hls/202346/index.m3u8"
          ]
        },
        {
          "name": "天津卫视高清",
          "urls": [
            "http://222.175.159.226:808/hls/202347/index.m3u8"
          ]
        },
        {
          "name": "辽宁卫视高清",
          "urls": [
            "http://222.175.159.226:808/hls/202348/index.m3u8"
          ]
        },
        {
          "name": "深圳卫视高清",
          "urls": [
            "http://222.175.159.226:808/hls/202349/index.m3u8"
          ]
        },
        {
          "name": "东南卫视高清",
          "urls": [
            "http://222.175.159.226:808/hls/202350/index.m3u8"
          ]
        },
        {
          "name": "湖北卫视高清",
          "urls": [
            "http://222.175.159.226:808/hls/202351/index.m3u8"
          ]
        },
        {
          "name": "广东卫视高清",
          "urls": [
            "http://222.175.159.226:808/hls/202352/index.m3u8"
          ]
        },
        {
          "name": "黑龙江卫视高清",
          "urls": [
            "http://222.175.159.226:808/hls/202353/index.m3u8"
          ]
        },
        {
          "name": "重庆卫视高清",
          "urls": [
            "http://222.175.159.226:808/hls/202354/index.m3u8"
          ]
        },
        {
          "name": "贵州卫视高清",
          "urls": [
            "http://222.175.159.226:808/hls/202355/index.m3u8"
          ]
        },
        {
          "name": "江西卫视高清",
          "urls": [
            "http://222.175.159.226:808/hls/202356/index.m3u8"
          ]
        },
        {
          "name": "河北卫视高清",
          "urls": [
            "http://222.175.159.226:808/hls/202357/index.m3u8"
          ]
        },
        {
          "name": "海南卫视高清",
          "urls": [
            "http://222.175.159.226:808/hls/202358/index.m3u8"
          ]
        },
        {
          "name": "四川卫视高清",
          "urls": [
            "http://222.175.159.226:808/hls/202359/index.m3u8"
          ]
        },
        {
          "name": "云南卫视高清",
          "urls": [
            "http://222.175.159.226:808/hls/202360/index.m3u8"
          ]
        },
        {
          "name": "河南卫视高清",
          "urls": [
            "http://222.175.159.226:808/hls/202361/index.m3u8"
          ]
        },
        {
          "name": "广西卫视高清",
          "urls": [
            "http://222.175.159.226:808/hls/202362/index.m3u8"
          ]
        },
        {
          "name": "吉林卫视高清",
          "urls": [
            "http://222.175.159.226:808/hls/202363/index.m3u8"
          ]
        },
        {
          "name": "山西卫视",
          "urls": [
            "http://222.175.159.226:808/hls/202364/index.m3u8"
          ]
        },
        {
          "name": "陕西卫视",
          "urls": [
            "http://222.175.159.226:808/hls/202365/index.m3u8"
          ]
        },
        {
          "name": "内蒙古卫视",
          "urls": [
            "http://222.175.159.226:808/hls/202366/index.m3u8"
          ]
        },
        {
          "name": "宁夏卫视",
          "urls": [
            "http://222.175.159.226:808/hls/202367/index.m3u8"
          ]
        },
        {
          "name": "青海卫视",
          "urls": [
            "http://222.175.159.226:808/hls/202317/index.m3u8"
          ]
        },
        {
          "name": "新疆卫视",
          "urls": [
            "http://222.175.159.226:808/hls/202368/index.m3u8"
          ]
        },
        {
          "name": "甘肃卫视高清",
          "urls": [
            "http://222.175.159.226:808/hls/202369/index.m3u8"
          ]
        },
        {
          "name": "青海卫视高清",
          "urls": [
            "http://222.175.159.226:808/hls/202370/index.m3u8"
          ]
        },
        {
          "name": "西藏卫视",
          "urls": [
            "http://222.175.159.226:808/hls/202371/index.m3u8"
          ]
        },
        {
          "name": "金鹰卡通",
          "urls": [
            "http://222.175.159.226:808/hls/202372/index.m3u8"
          ]
        },
        {
          "name": "BTV少儿",
          "urls": [
            "http://222.175.159.226:808/hls/202373/index.m3u8"
          ]
        },
        {
          "name": "优漫卡通",
          "urls": [
            "http://222.175.159.226:808/hls/202374/index.m3u8"
          ]
        },
        {
          "name": "炫动卡通",
          "urls": [
            "http://222.175.159.226:808/hls/202375/index.m3u8"
          ]
        },
        {
          "name": "兵团卫视",
          "urls": [
            "http://222.175.159.226:808/hls/202376/index.m3u8"
          ]
        },
        {
          "name": "农林卫视",
          "urls": [
            "http://222.175.159.226:808/hls/202377/index.m3u8"
          ]
        },
        {
          "name": "三沙卫视",
          "urls": [
            "http://222.175.159.226:808/hls/202378/index.m3u8"
          ]
        }
      ]
    },
    {
      "group": "🇨🇳•斗鱼",
      "channels": [
        {
          "name": "【RM-点播】点播！模式-24H欢乐不断",
          "urls": [
            "http://epg.112114.xyz/douyu/131977"
          ]
        },
        {
          "name": "【RM-轮播】轮播！模式-24H欢乐不断",
          "urls": [
            "http://epg.112114.xyz/douyu/7298973"
          ]
        },
        {
          "name": "计划！五一节の快乐",
          "urls": [
            "http://epg.112114.xyz/douyu/7528160"
          ]
        },
        {
          "name": "美味！蟹黄堡",
          "urls": [
            "http://epg.112114.xyz/douyu/8762358"
          ]
        },
        {
          "name": "海绵与大星直播间",
          "urls": [
            "http://epg.112114.xyz/douyu/2250349"
          ]
        },
        {
          "name": "【三笠】根本不存在解不开的迷！",
          "urls": [
            "http://epg.112114.xyz/douyu/7050342"
          ]
        },
        {
          "name": "宝可梦加油。感谢大家。",
          "urls": [
            "http://epg.112114.xyz/douyu/9765742"
          ]
        },
        {
          "name": "星矢-燃烧吧我的小宇宙",
          "urls": [
            "http://epg.112114.xyz/douyu/8458270"
          ]
        },
        {
          "name": "松开的手0.0",
          "urls": [
            "http://epg.112114.xyz/douyu/10210568"
          ]
        },
        {
          "name": "浦饭幽游藏马飞影桑原",
          "urls": [
            "http://epg.112114.xyz/douyu/9938431"
          ]
        },
        {
          "name": "妖精的直播间",
          "urls": [
            "http://epg.112114.xyz/douyu/5960746"
          ]
        },
        {
          "name": "【动画电影】童年回忆",
          "urls": [
            "http://epg.112114.xyz/douyu/10395973"
          ]
        },
        {
          "name": "【星星动画】童年热血搞笑爱情",
          "urls": [
            "http://epg.112114.xyz/douyu/4369939"
          ]
        },
        {
          "name": "【追忆】国语超清动画电影",
          "urls": [
            "http://epg.112114.xyz/douyu/6449849"
          ]
        },
        {
          "name": "【动漫】24小时不间断动漫专场",
          "urls": [
            "http://epg.112114.xyz/douyu/7493575"
          ]
        },
        {
          "name": "老爹:还有一件事",
          "urls": [
            "http://epg.112114.xyz/douyu/7134757"
          ]
        },
        {
          "name": "开心锤锤，开心快乐每一天！",
          "urls": [
            "http://epg.112114.xyz/douyu/9018297"
          ]
        },
        {
          "name": "舔狗波比的幸福生活",
          "urls": [
            "http://epg.112114.xyz/douyu/7620081"
          ]
        },
        {
          "name": "最好看的搞笑篮球动漫",
          "urls": [
            "http://epg.112114.xyz/douyu/9401305"
          ]
        },
        {
          "name": "中二日记搞笑日常更新",
          "urls": [
            "http://epg.112114.xyz/douyu/9505575"
          ]
        },
        {
          "name": "铁头与橘子（每周更新一起看霸总）",
          "urls": [
            "http://epg.112114.xyz/douyu/9450942"
          ]
        },
        {
          "name": "笑出腹肌动漫0",
          "urls": [
            "http://epg.112114.xyz/douyu/8380708"
          ]
        },
        {
          "name": "【贝爷MAX厅】科幻动作经典喜剧",
          "urls": [
            "http://epg.112114.xyz/douyu/4332"
          ]
        },
        {
          "name": "【西游】由爱故生怨，怨恨交缠，那又何苦",
          "urls": [
            "http://epg.112114.xyz/douyu/9518204"
          ]
        },
        {
          "name": "狄仁杰：想听听我的故事吗",
          "urls": [
            "http://epg.112114.xyz/douyu/674441"
          ]
        },
        {
          "name": "【牛叔】N分钟带你看完大片",
          "urls": [
            "http://epg.112114.xyz/douyu/2758565"
          ]
        },
        {
          "name": "古装经典",
          "urls": [
            "http://dx-aliyuncdncnc.inter.iqiyi.com/tslive/c54_lb_152_600_t10/c54_lb_152_600_t10.m3u8?key=007540012225a9e4fb39d113ea61819d0&dis"
          ]
        },
        {
          "name": "斗鱼电影",
          "urls": [
            "http://tc-tct.douyucdn2.cn/dyliveflv1/122402rK7MO9bXSq_2000.flv?wsAuth=8cea39337984fd3341cc9ec569502e4f&token=cpn-androidmpro-0-122402-0fcea45d2300cfa0ac75fafd8679bb53af10de8c33ae99d9&logo=0&expire=0&did=d010b07dcb997ada9934081c873542f0&origin=tct&vhost=p"
          ]
        },
        {
          "name": "斗鱼电影2",
          "urls": [
            "http://tc-tct.douyucdn2.cn/dyliveflv1/85894rmovieChow_2000.flv?wsAuth=7d054e041804e80af8aa7e975e2d8573&token=cpn-androidmpro-0-85894-a3575d938a4aa309c687f5fb85a1009fc65cfbeeb2672310&logo=0&expire=0&did=d010b07dcb997ada9934081c873542f0&origin=tct&vhost=pla"
          ]
        },
        {
          "name": "粤语综艺",
          "urls": [
            "http://epg.112114.xyz/douyu/7919720"
          ]
        },
        {
          "name": "华语经典",
          "urls": [
            "http://epg.112114.xyz/douyu/434971"
          ]
        },
        {
          "name": "吃米滴虫",
          "urls": [
            "http://epg.112114.xyz/douyu/315457"
          ]
        },
        {
          "name": "神乐影片1",
          "urls": [
            "http://epg.112114.xyz/douyu/122402"
          ]
        },
        {
          "name": "神乐影片2",
          "urls": [
            "http://epg.112114.xyz/douyu/85894"
          ]
        },
        {
          "name": "特辑影院",
          "urls": [
            "http://epg.112114.xyz/douyu/3637778"
          ]
        },
        {
          "name": "贝爷MAX厅",
          "urls": [
            "http://epg.112114.xyz/douyu/4332"
          ]
        },
        {
          "name": "漫威影片",
          "urls": [
            "http://epg.112114.xyz/douyu/6140589"
          ]
        },
        {
          "name": "周星驰电影",
          "urls": [
            "http://epg.112114.xyz/douyu/3990812"
          ]
        },
        {
          "name": "刘德华电影1",
          "urls": [
            "http://epg.112114.xyz/douyu/2516864"
          ]
        },
        {
          "name": "刘德华电影2",
          "urls": [
            "http://epg.112114.xyz/douyu/8985415"
          ]
        },
        {
          "name": "喜剧经典",
          "urls": [
            "http://epg.112114.xyz/douyu/9650887"
          ]
        },
        {
          "name": "豆瓣高分",
          "urls": [
            "http://epg.112114.xyz/douyu/8770422"
          ]
        },
        {
          "name": "林正英电影1",
          "urls": [
            "http://epg.112114.xyz/douyu/218859"
          ]
        },
        {
          "name": "林正英电影2",
          "urls": [
            "http://epg.112114.xyz/douyu/7356023"
          ]
        },
        {
          "name": "女神金电影",
          "urls": [
            "http://epg.112114.xyz/douyu/747764"
          ]
        },
        {
          "name": "贝爷影厅1",
          "urls": [
            "http://epg.112114.xyz/douyu/252802"
          ]
        },
        {
          "name": "贝爷影厅2",
          "urls": [
            "http://epg.112114.xyz/douyu/36337"
          ]
        },
        {
          "name": "霍格影片",
          "urls": [
            "http://epg.112114.xyz/douyu/8814650"
          ]
        },
        {
          "name": "可乐电影",
          "urls": [
            "http://epg.112114.xyz/douyu/20415"
          ]
        },
        {
          "name": "冰冰经典电影",
          "urls": [
            "http://epg.112114.xyz/douyu/74374"
          ]
        },
        {
          "name": "奶虫恐怖电影",
          "urls": [
            "http://epg.112114.xyz/douyu/263824"
          ]
        },
        {
          "name": "奶瓶科幻片",
          "urls": [
            "http://epg.112114.xyz/douyu/6655271"
          ]
        },
        {
          "name": "避风港影院",
          "urls": [
            "http://epg.112114.xyz/douyu/9826611"
          ]
        },
        {
          "name": "林林影院",
          "urls": [
            "http://epg.112114.xyz/douyu/9652323"
          ]
        },
        {
          "name": "漫威电影",
          "urls": [
            "http://epg.112114.xyz/douyu/4282654"
          ]
        },
        {
          "name": "恐怖经典",
          "urls": [
            "http://epg.112114.xyz/douyu/1165374"
          ]
        },
        {
          "name": "变种人电影",
          "urls": [
            "http://epg.112114.xyz/douyu/9651304"
          ]
        },
        {
          "name": "华语电影",
          "urls": [
            "http://epg.112114.xyz/douyu/3928"
          ]
        },
        {
          "name": "华语动作电影",
          "urls": [
            "http://epg.112114.xyz/douyu/1504768"
          ]
        },
        {
          "name": "怀旧90",
          "urls": [
            "http://epg.112114.xyz/douyu/9275635"
          ]
        },
        {
          "name": "国产影片",
          "urls": [
            "http://epg.112114.xyz/douyu/5423"
          ]
        },
        {
          "name": "麓山迷踪",
          "urls": [
            "http://epg.112114.xyz/douyu/4505431"
          ]
        },
        {
          "name": "高帧影片",
          "urls": [
            "http://epg.112114.xyz/douyu/6763930"
          ]
        },
        {
          "name": "米娅电影",
          "urls": [
            "http://epg.112114.xyz/douyu/6537888"
          ]
        },
        {
          "name": "小九电影",
          "urls": [
            "http://epg.112114.xyz/douyu/7136517"
          ]
        },
        {
          "name": "连续剧1",
          "urls": [
            "http://epg.112114.xyz/douyu/4549169"
          ]
        },
        {
          "name": "连续剧2",
          "urls": [
            "http://epg.112114.xyz/douyu/7623292"
          ]
        },
        {
          "name": "连续剧3",
          "urls": [
            "http://epg.112114.xyz/douyu/5689514"
          ]
        },
        {
          "name": "连续剧4",
          "urls": [
            "http://epg.112114.xyz/douyu/7476264"
          ]
        },
        {
          "name": "连续剧5",
          "urls": [
            "http://epg.112114.xyz/douyu/4396972"
          ]
        },
        {
          "name": "游戏解说",
          "urls": [
            "http://epg.112114.xyz/douyu/805235"
          ]
        },
        {
          "name": "斗鱼小品",
          "urls": [
            "http://epg.112114.xyz/douyu/3980787"
          ]
        },
        {
          "name": "斗鱼探险",
          "urls": [
            "http://epg.112114.xyz/douyu/3485629"
          ]
        },
        {
          "name": "斗鱼动画",
          "urls": [
            "http://epg.112114.xyz/douyu/7528160"
          ]
        },
        {
          "name": "斗鱼电影1",
          "urls": [
            "http://epg.112114.xyz/douyu/2935323"
          ]
        },
        {
          "name": "斗鱼电影2",
          "urls": [
            "http://epg.112114.xyz/douyu/7459925"
          ]
        },
        {
          "name": "斗鱼电影3",
          "urls": [
            "http://epg.112114.xyz/douyu/431460"
          ]
        },
        {
          "name": "斗鱼电影4",
          "urls": [
            "http://epg.112114.xyz/douyu/4246519"
          ]
        },
        {
          "name": "斗鱼电影5",
          "urls": [
            "http://epg.112114.xyz/douyu/7116591"
          ]
        },
        {
          "name": "斗鱼电影6",
          "urls": [
            "http://epg.112114.xyz/douyu/6776615"
          ]
        },
        {
          "name": "斗鱼电影7",
          "urls": [
            "http://epg.112114.xyz/douyu/7655471"
          ]
        },
        {
          "name": "斗鱼电影8",
          "urls": [
            "http://epg.112114.xyz/douyu/4290711"
          ]
        },
        {
          "name": "斗鱼电影9",
          "urls": [
            "http://epg.112114.xyz/douyu/6566671"
          ]
        },
        {
          "name": "斗鱼电影10",
          "urls": [
            "http://epg.112114.xyz/douyu/8475821"
          ]
        },
        {
          "name": "斗鱼电影11",
          "urls": [
            "http://epg.112114.xyz/douyu/338759"
          ]
        },
        {
          "name": "斗鱼电影12",
          "urls": [
            "http://epg.112114.xyz/douyu/2793084"
          ]
        },
        {
          "name": "斗鱼电影13",
          "urls": [
            "http://epg.112114.xyz/douyu/5067952"
          ]
        },
        {
          "name": "斗鱼电影14",
          "urls": [
            "http://epg.112114.xyz/douyu/413573"
          ]
        },
        {
          "name": "斗鱼电影15",
          "urls": [
            "http://epg.112114.xyz/douyu/5033502"
          ]
        },
        {
          "name": "斗鱼电影16",
          "urls": [
            "http://epg.112114.xyz/douyu/426517"
          ]
        },
        {
          "name": "斗鱼电影17",
          "urls": [
            "http://epg.112114.xyz/douyu/1274132"
          ]
        },
        {
          "name": "斗鱼电影18",
          "urls": [
            "http://epg.112114.xyz/douyu/7314294"
          ]
        },
        {
          "name": "斗鱼电影19",
          "urls": [
            "http://epg.112114.xyz/douyu/6582435"
          ]
        },
        {
          "name": "斗鱼电影20",
          "urls": [
            "http://epg.112114.xyz/douyu/323876"
          ]
        },
        {
          "name": "斗鱼4K",
          "urls": [
            "http://epg.112114.xyz/douyu/9249162"
          ]
        },
        {
          "name": "斗鱼电影HD1",
          "urls": [
            "http://epg.112114.xyz/douyu/20415"
          ]
        },
        {
          "name": "斗鱼电影HD2",
          "urls": [
            "http://epg.112114.xyz/douyu/10240553"
          ]
        },
        {
          "name": "斗鱼电影HD3",
          "urls": [
            "http://epg.112114.xyz/douyu/122402"
          ]
        },
        {
          "name": "斗鱼电影HD4",
          "urls": [
            "http://epg.112114.xyz/douyu/85894"
          ]
        },
        {
          "name": "斗鱼电影HD5",
          "urls": [
            "http://epg.112114.xyz/douyu/263824"
          ]
        },
        {
          "name": "斗鱼电影HD6",
          "urls": [
            "http://epg.112114.xyz/douyu/747764"
          ]
        },
        {
          "name": "斗鱼电影HD7",
          "urls": [
            "http://epg.112114.xyz/douyu/20415"
          ]
        },
        {
          "name": "斗鱼电影HD8",
          "urls": [
            "http://epg.112114.xyz/douyu/8663752"
          ]
        },
        {
          "name": "斗鱼电影HD9",
          "urls": [
            "http://epg.112114.xyz/douyu/323876"
          ]
        },
        {
          "name": "斗鱼电影HD10",
          "urls": [
            "http://epg.112114.xyz/douyu/6140589"
          ]
        },
        {
          "name": "斗鱼电影HD11",
          "urls": [
            "http://epg.112114.xyz/douyu/8770422"
          ]
        },
        {
          "name": "斗鱼电影HD12",
          "urls": [
            "http://epg.112114.xyz/douyu/2436390"
          ]
        },
        {
          "name": "斗鱼电影HD13",
          "urls": [
            "http://epg.112114.xyz/douyu/218859"
          ]
        },
        {
          "name": "斗鱼电影HD14",
          "urls": [
            "http://epg.112114.xyz/douyu/36337"
          ]
        },
        {
          "name": "斗鱼电影HD15",
          "urls": [
            "http://epg.112114.xyz/douyu/413573"
          ]
        },
        {
          "name": "斗鱼电影HD16",
          "urls": [
            "http://epg.112114.xyz/douyu/1504768"
          ]
        },
        {
          "name": "斗鱼电影HD17",
          "urls": [
            "http://epg.112114.xyz/douyu/3637726"
          ]
        },
        {
          "name": "斗鱼电影HD18",
          "urls": [
            "http://epg.112114.xyz/douyu/9292492"
          ]
        },
        {
          "name": "斗鱼电影HD19",
          "urls": [
            "http://epg.112114.xyz/douyu/3637765rrt97"
          ]
        },
        {
          "name": "斗鱼电影HD20",
          "urls": [
            "http://epg.112114.xyz/douyu/10395991"
          ]
        },
        {
          "name": "斗鱼电影HD21",
          "urls": [
            "http://epg.112114.xyz/douyu/10395986"
          ]
        },
        {
          "name": "斗鱼电影HD22",
          "urls": [
            "http://epg.112114.xyz/douyu/252802"
          ]
        },
        {
          "name": "斗鱼电影HD23",
          "urls": [
            "http://epg.112114.xyz/douyu/6079455"
          ]
        },
        {
          "name": "斗鱼电影HD24",
          "urls": [
            "http://epg.112114.xyz/douyu/315131"
          ]
        },
        {
          "name": "斗鱼电影HD25",
          "urls": [
            "http://epg.112114.xyz/douyu/8945323"
          ]
        },
        {
          "name": "斗鱼电影HD26",
          "urls": [
            "http://epg.112114.xyz/douyu/2516864"
          ]
        },
        {
          "name": "斗鱼电影HD27",
          "urls": [
            "http://epg.112114.xyz/douyu/248753"
          ]
        },
        {
          "name": "斗鱼电影HD28",
          "urls": [
            "http://epg.112114.xyz/douyu/4332"
          ]
        },
        {
          "name": "斗鱼电影HD29",
          "urls": [
            "http://epg.112114.xyz/douyu/9651304"
          ]
        },
        {
          "name": "斗鱼电影HD30",
          "urls": [
            "http://epg.112114.xyz/douyu/9650887"
          ]
        },
        {
          "name": "斗鱼电影HD31",
          "urls": [
            "http://epg.112114.xyz/douyu/8814650"
          ]
        },
        {
          "name": "斗鱼电影HD32",
          "urls": [
            "http://epg.112114.xyz/douyu/10240510"
          ]
        },
        {
          "name": "斗鱼电影HD33",
          "urls": [
            "http://epg.112114.xyz/douyu/52787"
          ]
        },
        {
          "name": "斗鱼电影HD34",
          "urls": [
            "http://epg.112114.xyz/douyu/8985415"
          ]
        },
        {
          "name": "斗鱼电影HD35",
          "urls": [
            "http://epg.112114.xyz/douyu/1165374"
          ]
        },
        {
          "name": "斗鱼电影HD36",
          "urls": [
            "http://epg.112114.xyz/douyu/1735337"
          ]
        },
        {
          "name": "斗鱼电影HD37",
          "urls": [
            "http://epg.112114.xyz/douyu/6537888"
          ]
        },
        {
          "name": "斗鱼电影HD38",
          "urls": [
            "http://epg.112114.xyz/douyu/6003761"
          ]
        },
        {
          "name": "斗鱼电影HD39",
          "urls": [
            "http://epg.112114.xyz/douyu/9683979"
          ]
        },
        {
          "name": "斗鱼电影HD40",
          "urls": [
            "http://epg.112114.xyz/douyu/1226741"
          ]
        },
        {
          "name": "斗鱼电影HD41",
          "urls": [
            "http://epg.112114.xyz/douyu/59612"
          ]
        },
        {
          "name": "斗鱼电影HD42",
          "urls": [
            "http://epg.112114.xyz/douyu/925724"
          ]
        },
        {
          "name": "斗鱼搞笑HD1",
          "urls": [
            "http://epg.112114.xyz/douyu/9220456"
          ]
        },
        {
          "name": "斗鱼搞笑HD2",
          "urls": [
            "http://epg.112114.xyz/douyu/9770949"
          ]
        },
        {
          "name": "斗鱼搞笑HD3",
          "urls": [
            "http://epg.112114.xyz/douyu/9067836"
          ]
        },
        {
          "name": "斗鱼搞笑HD4",
          "urls": [
            "http://epg.112114.xyz/douyu/9817729"
          ]
        },
        {
          "name": "斗鱼搞笑HD5",
          "urls": [
            "http://epg.112114.xyz/douyu/8737695"
          ]
        }
      ]
    },
    {
      "group": "🇨🇳•埋堆",
      "channels": [
        {
          "name": "埋堆堆1",
          "urls": [
            "http://43.128.40.42:198/虎牙直播/huya.php?id=23749096"
          ]
        },
        {
          "name": "埋堆堆2",
          "urls": [
            "http://43.128.40.42:198/虎牙直播/huya.php?id=23735126"
          ]
        },
        {
          "name": "埋堆堆3",
          "urls": [
            "http://43.128.40.42:198/虎牙直播/huya.php?id=23865152"
          ]
        },
        {
          "name": "埋堆堆4",
          "urls": [
            "http://43.128.40.42:198/虎牙直播/huya.php?id=23903196"
          ]
        },
        {
          "name": "埋堆堆5",
          "urls": [
            "http://43.128.40.42:198/虎牙直播/huya.php?id=23740156"
          ]
        },
        {
          "name": "埋堆堆6",
          "urls": [
            "http://43.128.40.42:198/虎牙直播/huya.php?id=23728660"
          ]
        },
        {
          "name": "埋堆堆7",
          "urls": [
            "http://43.128.40.42:198/虎牙直播/huya.php?id=23735153"
          ]
        },
        {
          "name": "埋堆堆8",
          "urls": [
            "http://43.128.40.42:198/虎牙直播/huya.php?id=23865058"
          ]
        },
        {
          "name": "埋堆堆9",
          "urls": [
            "http://43.128.40.42:198/虎牙直播/huya.php?id=23734183"
          ]
        },
        {
          "name": "埋堆堆10",
          "urls": [
            "http://43.128.40.42:198/虎牙直播/huya.php?id=23749068"
          ]
        },
        {
          "name": "埋堆堆11",
          "urls": [
            "http://43.128.40.42:198/虎牙直播/huya.php?id=23865036"
          ]
        },
        {
          "name": "埋堆堆12",
          "urls": [
            "http://43.128.40.42:198/虎牙直播/huya.php?id=23740162"
          ]
        },
        {
          "name": "埋堆堆13",
          "urls": [
            "http://43.128.40.42:198/虎牙直播/huya.php?id=23829474"
          ]
        },
        {
          "name": "埋堆堆14",
          "urls": [
            "http://43.128.40.42:198/虎牙直播/huya.php?id=23863833"
          ]
        },
        {
          "name": "埋堆堆15",
          "urls": [
            "http://43.128.40.42:198/虎牙直播/huya.php?id=23903106"
          ]
        },
        {
          "name": "埋堆堆16",
          "urls": [
            "http://43.128.40.42:198/虎牙直播/huya.php?id=23865025"
          ]
        },
        {
          "name": "埋堆堆17",
          "urls": [
            "http://43.128.40.42:198/虎牙直播/huya.php?id=23728689"
          ]
        },
        {
          "name": "埋堆堆18",
          "urls": [
            "http://43.128.40.42:198/虎牙直播/huya.php?id=23824171"
          ]
        },
        {
          "name": "埋堆堆19",
          "urls": [
            "http://43.128.40.42:198/虎牙直播/huya.php?id=23860057"
          ]
        },
        {
          "name": "埋堆堆20",
          "urls": [
            "http://43.128.40.42:198/虎牙直播/huya.php?id=23865072"
          ]
        },
        {
          "name": "埋堆堆21",
          "urls": [
            "http://43.128.40.42:198/虎牙直播/huya.php?id=23734176"
          ]
        },
        {
          "name": "埋堆堆22",
          "urls": [
            "http://43.128.40.42:198/虎牙直播/huya.php?id=23728651"
          ]
        },
        {
          "name": "埋堆堆23",
          "urls": [
            "http://43.128.40.42:198/虎牙直播/huya.php?id=23734246"
          ]
        },
        {
          "name": "埋堆堆24",
          "urls": [
            "http://43.128.40.42:198/虎牙直播/huya.php?id=23865179"
          ]
        },
        {
          "name": "埋堆堆25",
          "urls": [
            "http://43.128.40.42:198/虎牙直播/huya.php?id=23734196"
          ]
        },
        {
          "name": "埋堆堆26",
          "urls": [
            "http://43.128.40.42:198/虎牙直播/huya.php?id=23734211"
          ]
        },
        {
          "name": "埋堆堆27",
          "urls": [
            "http://43.128.40.42:198/虎牙直播/huya.php?id=23865086"
          ]
        },
        {
          "name": "埋堆堆28",
          "urls": [
            "http://43.128.40.42:198/虎牙直播/huya.php?id=23863796"
          ]
        },
        {
          "name": "埋堆堆29",
          "urls": [
            "http://43.128.40.42:198/虎牙直播/huya.php?id=23863822"
          ]
        },
        {
          "name": "埋堆堆30",
          "urls": [
            "http://43.128.40.42:198/虎牙直播/huya.php?id=23749083"
          ]
        },
        {
          "name": "埋堆堆31",
          "urls": [
            "http://43.128.40.42:198/虎牙直播/huya.php?id=23734243"
          ]
        },
        {
          "name": "埋堆堆32",
          "urls": [
            "http://43.128.40.42:198/虎牙直播/huya.php?id=23864480"
          ]
        },
        {
          "name": "埋堆堆33",
          "urls": [
            "http://43.128.40.42:198/虎牙直播/huya.php?id=23746486"
          ]
        },
        {
          "name": "埋堆堆34",
          "urls": [
            "http://43.128.40.42:198/虎牙直播/huya.php?id=23860049"
          ]
        },
        {
          "name": "埋堆堆35",
          "urls": [
            "http://43.128.40.42:198/虎牙直播/huya.php?id=23749074"
          ]
        },
        {
          "name": "埋堆堆36",
          "urls": [
            "http://43.128.40.42:198/虎牙直播/huya.php?id=23863882"
          ]
        },
        {
          "name": "埋堆堆37",
          "urls": [
            "http://43.128.40.42:198/虎牙直播/huya.php?id=23863778"
          ]
        },
        {
          "name": "埋堆堆38",
          "urls": [
            "http://43.128.40.42:198/虎牙直播/huya.php?id=23824164"
          ]
        },
        {
          "name": "埋堆堆39",
          "urls": [
            "http://43.128.40.42:198/虎牙直播/huya.php?id=23829537"
          ]
        },
        {
          "name": "埋堆堆40",
          "urls": [
            "http://43.128.40.42:198/虎牙直播/huya.php?id=23863809"
          ]
        },
        {
          "name": "埋堆堆41",
          "urls": [
            "http://43.128.40.42:198/虎牙直播/huya.php?id=23865096"
          ]
        },
        {
          "name": "埋堆堆42",
          "urls": [
            "http://43.128.40.42:198/虎牙直播/huya.php?id=23863804"
          ]
        },
        {
          "name": "埋堆堆43",
          "urls": [
            "http://43.128.40.42:198/虎牙直播/huya.php?id=23728630"
          ]
        },
        {
          "name": "埋堆堆44",
          "urls": [
            "http://43.128.40.42:198/虎牙直播/huya.php?id=23863895"
          ]
        },
        {
          "name": "埋堆堆45",
          "urls": [
            "http://43.128.40.42:198/虎牙直播/huya.php?id=23863787"
          ]
        },
        {
          "name": "埋堆堆46",
          "urls": [
            "http://43.128.40.42:198/虎牙直播/huya.php?id=23728637"
          ]
        },
        {
          "name": "埋堆堆47",
          "urls": [
            "http://43.128.40.42:198/虎牙直播/huya.php?id=23865142"
          ]
        },
        {
          "name": "埋堆堆48",
          "urls": [
            "http://43.128.40.42:198/虎牙直播/huya.php?id=23903085"
          ]
        },
        {
          "name": "埋堆堆49",
          "urls": [
            "http://43.128.40.42:198/虎牙直播/huya.php?id=23903183"
          ]
        },
        {
          "name": "埋堆堆50",
          "urls": [
            "http://43.128.40.42:198/虎牙直播/huya.php?id=23728647"
          ]
        },
        {
          "name": "埋堆堆51",
          "urls": [
            "http://43.128.40.42:198/虎牙直播/huya.php?id=23746691"
          ]
        },
        {
          "name": "埋堆堆52",
          "urls": [
            "http://43.128.40.42:198/虎牙直播/huya.php?id=23829447"
          ]
        },
        {
          "name": "埋堆堆53",
          "urls": [
            "http://43.128.40.42:198/虎牙直播/huya.php?id=23728693"
          ]
        },
        {
          "name": "埋堆堆54",
          "urls": [
            "http://43.128.40.42:198/虎牙直播/huya.php?id=23903130"
          ]
        },
        {
          "name": "埋堆堆55",
          "urls": [
            "http://43.128.40.42:198/虎牙直播/huya.php?id=23734223"
          ]
        },
        {
          "name": "埋堆堆56",
          "urls": [
            "http://43.128.40.42:198/虎牙直播/huya.php?id=23734169"
          ]
        },
        {
          "name": "埋堆堆57",
          "urls": [
            "http://43.128.40.42:198/虎牙直播/huya.php?id=23865124"
          ]
        },
        {
          "name": "埋堆堆58",
          "urls": [
            "http://43.128.40.42:198/虎牙直播/huya.php?id=23865186"
          ]
        },
        {
          "name": "埋堆堆59",
          "urls": [
            "http://43.128.40.42:198/虎牙直播/huya.php?id=23902225"
          ]
        },
        {
          "name": "埋堆堆60",
          "urls": [
            "http://43.128.40.42:198/虎牙直播/huya.php?id=23903164"
          ]
        },
        {
          "name": "埋堆堆61",
          "urls": [
            "http://43.128.40.42:198/虎牙直播/huya.php?id=23728674"
          ]
        },
        {
          "name": "埋堆堆62",
          "urls": [
            "http://43.128.40.42:198/虎牙直播/huya.php?id=23863818"
          ]
        }
      ]
    },
    {
      "group": "🇨🇳•YY电影",
      "channels": [
        {
          "name": "蛋蛋房间",
          "urls": [
            "http://jxiptv.xn--9kqp7k2rd.com/svip/yy.php?t=1382764593"
          ]
        },
        {
          "name": "yy古惑仔",
          "urls": [
            "http://jxiptv.xn--9kqp7k2rd.com/svip/yy.php?t=1354507447"
          ]
        },
        {
          "name": "yy电影",
          "urls": [
            "http://jxiptv.xn--9kqp7k2rd.com/svip/yy.php?t=1355479289"
          ]
        },
        {
          "name": "yy电影1",
          "urls": [
            "http://jxiptv.xn--9kqp7k2rd.com/svip/yy.php?t=1454587259"
          ]
        },
        {
          "name": "yy电影2",
          "urls": [
            "http://jxiptv.xn--9kqp7k2rd.com/svip/yy.php?t=1382749892"
          ]
        },
        {
          "name": "yy电影3",
          "urls": [
            "http://jxiptv.xn--9kqp7k2rd.com/svip/yy.php?t=1382735573"
          ]
        },
        {
          "name": "yy电影4",
          "urls": [
            "http://jxiptv.xn--9kqp7k2rd.com/svip/yy.php?t=24921161"
          ]
        },
        {
          "name": "yy电影5",
          "urls": [
            "http://jxiptv.xn--9kqp7k2rd.com/svip/yy.php?t=59719179"
          ]
        },
        {
          "name": "yy电影6",
          "urls": [
            "http://jxiptv.xn--9kqp7k2rd.com/svip/yy.php?t=1382736803"
          ]
        },
        {
          "name": "yy电影7",
          "urls": [
            "http://jxiptv.xn--9kqp7k2rd.com/svip/yy.php?t=1354930924"
          ]
        },
        {
          "name": "yy电影8",
          "urls": [
            "http://jxiptv.xn--9kqp7k2rd.com/svip/yy.php?t=1382745095"
          ]
        },
        {
          "name": "yy电影9",
          "urls": [
            "http://jxiptv.xn--9kqp7k2rd.com/svip/yy.php?t=1355171357"
          ]
        },
        {
          "name": "yy电影10",
          "urls": [
            "http://jxiptv.xn--9kqp7k2rd.com/svip/yy.php?t=24066336"
          ]
        },
        {
          "name": "yy电影-李连杰",
          "urls": [
            "http://jxiptv.xn--9kqp7k2rd.com/svip/yy.php?t=1459869766"
          ]
        },
        {
          "name": "YY電影-成龍",
          "urls": [
            "http://jxiptv.xn--9kqp7k2rd.com/svip/yy.php?t=1354888751"
          ]
        },
        {
          "name": "YY電影-林正英03",
          "urls": [
            "http://jxiptv.xn--9kqp7k2rd.com/svip/yy.php?t=1351505899"
          ]
        },
        {
          "name": "YY電影-林正英04",
          "urls": [
            "http://jxiptv.xn--9kqp7k2rd.com/svip/yy.php?t=1353685311"
          ]
        },
        {
          "name": "YY電影-電影輪播01",
          "urls": [
            "http://jxiptv.xn--9kqp7k2rd.com/svip/yy.php?t=1353059120"
          ]
        },
        {
          "name": "YY電影-歐美電影",
          "urls": [
            "http://jxiptv.xn--9kqp7k2rd.com/svip/yy.php?t=24923327"
          ]
        },
        {
          "name": "YY電影-歐美科幻",
          "urls": [
            "http://jxiptv.xn--9kqp7k2rd.com/svip/yy.php?t=37988782"
          ]
        },
        {
          "name": "YY電影-歐美動作電影",
          "urls": [
            "http://jxiptv.xn--9kqp7k2rd.com/svip/yy.php?t=1382745089"
          ]
        },
        {
          "name": "YY連續劇04",
          "urls": [
            "http://jxiptv.xn--9kqp7k2rd.com/svip/yy.php?t=1352227227"
          ]
        },
        {
          "name": "YY影视",
          "urls": [
            "http://jxiptv.xn--9kqp7k2rd.com/svip/yy.php?t=1382702247"
          ]
        },
        {
          "name": "yy小玖电影",
          "urls": [
            "http://jxiptv.xn--9kqp7k2rd.com/svip/yy.php?t=3389718"
          ]
        },
        {
          "name": "yy经典怀旧",
          "urls": [
            "http://jxiptv.xn--9kqp7k2rd.com/svip/yy.php?t=1382627144"
          ]
        },
        {
          "name": "yy电视剧2",
          "urls": [
            "http://jxiptv.xn--9kqp7k2rd.com/svip/yy.php?t=1354143966"
          ]
        },
        {
          "name": "yy电视剧",
          "urls": [
            "http://jxiptv.xn--9kqp7k2rd.com/svip/yy.php?t=28099939"
          ]
        },
        {
          "name": "yy电视剧1",
          "urls": [
            "http://jxiptv.xn--9kqp7k2rd.com/svip/yy.php?t=1455460998"
          ]
        },
        {
          "name": "周星驰②",
          "urls": [
            "http://jxiptv.xn--9kqp7k2rd.com/svip/yy.php?t=1353881242"
          ]
        },
        {
          "name": "周星驰③",
          "urls": [
            "http://jxiptv.xn--9kqp7k2rd.com/svip/yy.php?t=1352227227"
          ]
        },
        {
          "name": "射雕英雄",
          "urls": [
            "http://jxiptv.xn--9kqp7k2rd.com/svip/yy.php?t=1354210357"
          ]
        },
        {
          "name": "薛刚反唐",
          "urls": [
            "http://jxiptv.xn--9kqp7k2rd.com/svip/yy.php?t=31313785"
          ]
        },
        {
          "name": "神雕侠侣",
          "urls": [
            "http://jxiptv.xn--9kqp7k2rd.com/svip/yy.php?t=1351762426"
          ]
        },
        {
          "name": "高清亮剑",
          "urls": [
            "http://jxiptv.xn--9kqp7k2rd.com/svip/yy.php?t=1353392400"
          ]
        },
        {
          "name": "好看电影",
          "urls": [
            "http://http://jxiptv.xn--9kqp7k2rd.com/svip/yy.php?t=1353312849"
          ]
        },
        {
          "name": "好看电影",
          "urls": [
            "http://jxiptv.xn--9kqp7k2rd.c"
          ]
        },
        {
          "name": "萌儿陪看",
          "urls": [
            "http://jxiptv.xn--9kqp7k2rd.com/svip/yy.php?t=29216766"
          ]
        },
        {
          "name": "武侠玄幻",
          "urls": [
            "http://jxiptv.xn--9kqp7k2rd.com/svip/yy.php?t=28099939"
          ]
        },
        {
          "name": "YY济公",
          "urls": [
            "http://jxiptv.xn--9kqp7k2rd.com/svip/yy.php?t=25519088"
          ]
        },
        {
          "name": "野外生存",
          "urls": [
            "http://jxiptv.xn--9kqp7k2rd.com/svip/yy.php?t=1355244168"
          ]
        },
        {
          "name": "电视剧35",
          "urls": [
            "http://jxiptv.xn--9kqp7k2rd.com/svip/yy.php?t=1382764587"
          ]
        },
        {
          "name": "YY东北二人转",
          "urls": [
            "http://jxiptv.xn--9kqp7k2rd.com/svip/yy.php?t=1356033451"
          ]
        },
        {
          "name": "YY古惑仔",
          "urls": [
            "http://jxiptv.xn--9kqp7k2rd.com/svip/yy.php?t=1354507447"
          ]
        },
        {
          "name": "yy小品",
          "urls": [
            "http://jxiptv.xn--9kqp7k2rd.com/svip/yy.php?t=1354931503"
          ]
        },
        {
          "name": "yy小品2",
          "urls": [
            "http://jxiptv.xn--9kqp7k2rd.com/svip/yy.php?t=1382741642"
          ]
        },
        {
          "name": "yy小品3",
          "urls": [
            "http://jxiptv.xn--9kqp7k2rd.com/svip/yy.php?t=1354936198"
          ]
        }
      ]
    },
    {
      "group": "🇨🇳•虎牙",
      "channels": [
        {
          "name": "虎牙-周星星",
          "urls": [
            "http://43.138.170.29:35455/huya/24470631"
          ]
        },
        {
          "name": "虎牙-林正英",
          "urls": [
            "http://43.138.170.29:35455/huya/11342421"
          ]
        },
        {
          "name": "虎牙-沈腾",
          "urls": [
            "http://43.138.170.29:35455/huya/11601968"
          ]
        },
        {
          "name": "虎牙-猫和老鼠",
          "urls": [
            "http://43.138.170.29:35455/huya/11352879"
          ]
        },
        {
          "name": "虎牙-成龙",
          "urls": [
            "http://43.138.170.29:35455/huya/11342386"
          ]
        },
        {
          "name": "虎牙-李连杰",
          "urls": [
            "http://43.138.170.29:35455/huya/11342390"
          ]
        },
        {
          "name": "虎牙-刘德华",
          "urls": [
            "http://43.138.170.29:35455/huya/11342424"
          ]
        },
        {
          "name": "虎牙-王晶",
          "urls": [
            "http://43.138.170.29:35455/huya/11602058"
          ]
        },
        {
          "name": "虎牙-中华小当家",
          "urls": [
            "http://43.138.170.29:35455/huya/11342413"
          ]
        },
        {
          "name": "虎牙-杰森·斯坦森",
          "urls": [
            "http://43.138.170.29:35455/huya/21059588"
          ]
        },
        {
          "name": "虎牙-喜剧专场",
          "urls": [
            "http://43.138.170.29:35455/huya/11602044"
          ]
        },
        {
          "name": "虎牙-甄子丹",
          "urls": [
            "http://43.138.170.29:35455/huya/11352935"
          ]
        },
        {
          "name": "虎牙-巨石强森",
          "urls": [
            "http://43.138.170.29:35455/huya/21059581"
          ]
        },
        {
          "name": "虎牙-洪金宝",
          "urls": [
            "http://43.138.170.29:35455/huya/11279251"
          ]
        },
        {
          "name": "虎牙-詹姆斯邦德",
          "urls": [
            "http://43.138.170.29:35455/huya/21059585"
          ]
        },
        {
          "name": "虎牙-徐克",
          "urls": [
            "http://43.138.170.29:35455/huya/11352909"
          ]
        },
        {
          "name": "虎牙-周润发",
          "urls": [
            "http://43.138.170.29:35455/huya/11342387"
          ]
        },
        {
          "name": "虎牙-徐峥",
          "urls": [
            "http://43.138.170.29:35455/huya/11602043"
          ]
        },
        {
          "name": "虎牙-许氏三杰",
          "urls": [
            "http://43.138.170.29:35455/huya/11602033"
          ]
        },
        {
          "name": "虎牙-黄渤",
          "urls": [
            "http://43.138.170.29:35455/huya/11352876"
          ]
        },
        {
          "name": "虎牙-张卫健",
          "urls": [
            "http://43.138.170.29:35455/huya/11342423"
          ]
        },
        {
          "name": "虎牙-冯小刚",
          "urls": [
            "http://43.138.170.29:35455/huya/11352906"
          ]
        },
        {
          "name": "虎牙-百鸟朝凤",
          "urls": [
            "http://43.138.170.29:35455/huya/15894162"
          ]
        },
        {
          "name": "虎牙-陈翔六点半",
          "urls": [
            "http://43.138.170.29:35455/huya/11274154"
          ]
        },
        {
          "name": "虎牙-电锯惊魂系列",
          "urls": [
            "http://43.138.170.29:35455/huya/11352903"
          ]
        },
        {
          "name": "虎牙-电影",
          "urls": [
            "http://43.138.170.29:35455/huya/618917"
          ]
        },
        {
          "name": "虎牙-港台电影",
          "urls": [
            "http://43.138.170.29:35455/huya/880261"
          ]
        },
        {
          "name": "虎牙-高分电影",
          "urls": [
            "http://43.138.170.29:35455/huya/16615910"
          ]
        },
        {
          "name": "虎牙-搞笑僵尸片",
          "urls": [
            "http://43.138.170.29:35455/huya/11352963"
          ]
        },
        {
          "name": "虎牙-国产青春",
          "urls": [
            "http://43.138.170.29:35455/huya/11602075"
          ]
        },
        {
          "name": "虎牙-好莱坞",
          "urls": [
            "http://43.138.170.29:35455/huya/21059587"
          ]
        },
        {
          "name": "虎牙-黑帮斗争",
          "urls": [
            "http://43.138.170.29:35455/huya/11342419"
          ]
        },
        {
          "name": "虎牙-红海行动",
          "urls": [
            "http://43.138.170.29:35455/huya/11601986"
          ]
        },
        {
          "name": "虎牙-极限挑战",
          "urls": [
            "http://43.138.170.29:35455/huya/11352914"
          ]
        },
        {
          "name": "虎牙-金庸的武侠世界",
          "urls": [
            "http://43.138.170.29:35455/huya/11342435"
          ]
        },
        {
          "name": "虎牙-金庸电影",
          "urls": [
            "http://43.138.170.29:35455/huya/11352897"
          ]
        },
        {
          "name": "虎牙-经典高智商",
          "urls": [
            "http://43.138.170.29:35455/huya/11352962"
          ]
        },
        {
          "name": "虎牙-经典好片",
          "urls": [
            "http://43.138.170.29:35455/huya/11342427"
          ]
        },
        {
          "name": "虎牙-经典喜剧片",
          "urls": [
            "http://43.138.170.29:35455/huya/11352894"
          ]
        },
        {
          "name": "虎牙-精彩不断",
          "urls": [
            "http://43.138.170.29:35455/huya/24396428"
          ]
        },
        {
          "name": "虎牙-精忠岳飞南征北战",
          "urls": [
            "http://43.138.170.29:35455/huya/11336578"
          ]
        },
        {
          "name": "虎牙-警匪",
          "urls": [
            "http://43.138.170.29:35455/huya/11352886"
          ]
        },
        {
          "name": "虎牙-看救援电影",
          "urls": [
            "http://43.138.170.29:35455/huya/21059586"
          ]
        },
        {
          "name": "虎牙-科幻电影",
          "urls": [
            "http://43.138.170.29:35455/huya/11602034"
          ]
        },
        {
          "name": "虎牙-路飞",
          "urls": [
            "http://43.138.170.29:35455/huya/16913382"
          ]
        },
        {
          "name": "虎牙-麻雀",
          "urls": [
            "http://43.138.170.29:35455/huya/11352881"
          ]
        },
        {
          "name": "虎牙-命案十三宗",
          "urls": [
            "http://43.138.170.29:35455/huya/11601981"
          ]
        },
        {
          "name": "虎牙-魔法世界",
          "urls": [
            "http://43.138.170.29:35455/huya/21059580"
          ]
        },
        {
          "name": "虎牙-欧美电影",
          "urls": [
            "http://43.138.170.29:35455/huya/11352880"
          ]
        },
        {
          "name": "虎牙-欧美电影",
          "urls": [
            "http://43.138.170.29:35455/huya/21059581"
          ]
        },
        {
          "name": "虎牙-欧美娱乐",
          "urls": [
            "http://43.138.170.29:35455/huya/21059574"
          ]
        },
        {
          "name": "虎牙-倩女幽魂",
          "urls": [
            "http://43.138.170.29:35455/huya/11601970"
          ]
        },
        {
          "name": "女神影院",
          "urls": [
            "http://hpull.kktv8.com/livekktv/99350550/playlist.m3u8"
          ]
        },
        {
          "name": "港台电影",
          "urls": [
            "http://43.138.170.29:35455/huya/880261"
          ]
        },
        {
          "name": "黑帮斗争",
          "urls": [
            "http://43.138.170.29:35455/huya/11342419"
          ]
        },
        {
          "name": "未知",
          "urls": [
            "http://43.138.170.29:35455/huya/11601986"
          ]
        },
        {
          "name": "极限挑战",
          "urls": [
            "http://43.138.170.29:35455/huya/11352914"
          ]
        },
        {
          "name": "金庸电影",
          "urls": [
            "http://43.138.170.29:35455/huya/11352897"
          ]
        },
        {
          "name": "经典电影",
          "urls": [
            "http://43.138.170.29:35455/huya/11352962"
          ]
        },
        {
          "name": "经典好片",
          "urls": [
            "http://43.138.170.29:35455/huya/11342427"
          ]
        },
        {
          "name": "经典喜剧片",
          "urls": [
            "http://43.138.170.29:35455/huya/11352894"
          ]
        },
        {
          "name": "警匪",
          "urls": [
            "http://43.138.170.29:35455/huya/11352886"
          ]
        },
        {
          "name": "救援电影",
          "urls": [
            "http://43.138.170.29:35455/huya/21059586"
          ]
        },
        {
          "name": "科幻电影",
          "urls": [
            "http://43.138.170.29:35455/huya/11602034"
          ]
        },
        {
          "name": "电影22",
          "urls": [
            "http://43.138.170.29:35455/huya/11601981"
          ]
        },
        {
          "name": "欧美电影",
          "urls": [
            "http://43.138.170.29:35455/huya/11352880"
          ]
        },
        {
          "name": "欧美电影",
          "urls": [
            "http://43.138.170.29:35455/huya/21059581"
          ]
        },
        {
          "name": "电影23",
          "urls": [
            "http://43.138.170.29:35455/huya/11601970"
          ]
        },
        {
          "name": "电影33",
          "urls": [
            "http://43.138.170.29:35455/huya/11602077"
          ]
        },
        {
          "name": "史诗级战争电影",
          "urls": [
            "http://43.138.170.29:35455/huya/21059556"
          ]
        },
        {
          "name": "电影24",
          "urls": [
            "http://43.138.170.29:35455/huya/21059579"
          ]
        },
        {
          "name": "电影55",
          "urls": [
            "http://43.138.170.29:35455/huya/23652317"
          ]
        },
        {
          "name": "喜剧专场",
          "urls": [
            "http://43.138.170.29:35455/huya/11602044"
          ]
        },
        {
          "name": "电影26",
          "urls": [
            "http://43.138.170.29:35455/huya/21059577"
          ]
        },
        {
          "name": "电影77",
          "urls": [
            "http://43.138.170.29:35455/huya/11601971"
          ]
        },
        {
          "name": "电影78",
          "urls": [
            "http://43.138.170.29:35455/huya/11342414"
          ]
        },
        {
          "name": "金马影院",
          "urls": [
            "http://hpull.kktv8.com/livekktv/128600025/playlist.m3u8"
          ]
        },
        {
          "name": "虎牙-庆余年",
          "urls": [
            "http://43.138.170.29:35455/huya/11352960"
          ]
        },
        {
          "name": "虎牙-三国演义",
          "urls": [
            "http://43.138.170.29:35455/huya/11602077"
          ]
        },
        {
          "name": "虎牙-神话",
          "urls": [
            "http://43.138.170.29:35455/huya/11352913"
          ]
        },
        {
          "name": "虎牙-生活大爆炸",
          "urls": [
            "http://43.138.170.29:35455/huya/11342417"
          ]
        },
        {
          "name": "虎牙-史诗级战争电影",
          "urls": [
            "http://43.138.170.29:35455/huya/21059556"
          ]
        },
        {
          "name": "虎牙-孙悟空",
          "urls": [
            "http://43.138.170.29:35455/huya/11342395"
          ]
        },
        {
          "name": "虎牙-太空混战",
          "urls": [
            "http://43.138.170.29:35455/huya/21059579"
          ]
        },
        {
          "name": "虎牙-天雷滚滚",
          "urls": [
            "http://43.138.170.29:35455/huya/11352945"
          ]
        },
        {
          "name": "虎牙-天龙八部",
          "urls": [
            "http://43.138.170.29:35455/huya/11602041"
          ]
        },
        {
          "name": "虎牙-歪果仁动作",
          "urls": [
            "http://43.138.170.29:35455/huya/21059552"
          ]
        },
        {
          "name": "虎牙-文成公主",
          "urls": [
            "http://43.138.170.29:35455/huya/11352974"
          ]
        },
        {
          "name": "虎牙-我是大哥大",
          "urls": [
            "http://43.138.170.29:35455/huya/23652317"
          ]
        },
        {
          "name": "虎牙-喜剧合家欢",
          "urls": [
            "http://43.138.170.29:35455/huya/11352877"
          ]
        },
        {
          "name": "虎牙-喜剧专场",
          "urls": [
            "http://43.138.170.29:35455/huya/11602044"
          ]
        },
        {
          "name": "虎牙-小鲤鱼",
          "urls": [
            "http://43.138.170.29:35455/huya/11601961"
          ]
        },
        {
          "name": "虎牙-新三国",
          "urls": [
            "http://43.138.170.29:35455/huya/11352944"
          ]
        },
        {
          "name": "虎牙-悬疑推理",
          "urls": [
            "http://43.138.170.29:35455/huya/17445539"
          ]
        },
        {
          "name": "虎牙-杨门女将",
          "urls": [
            "http://43.138.170.29:35455/huya/11336590"
          ]
        },
        {
          "name": "虎牙-医馆笑传",
          "urls": [
            "http://43.138.170.29:35455/huya/11352891"
          ]
        },
        {
          "name": "虎牙-异形世界",
          "urls": [
            "http://43.138.170.29:35455/huya/21059577"
          ]
        },
        {
          "name": "虎牙-甄嬛传",
          "urls": [
            "http://43.138.170.29:35455/huya/11601971"
          ]
        },
        {
          "name": "虎牙-止戈电影",
          "urls": [
            "http://43.138.170.29:35455/huya/19863777"
          ]
        },
        {
          "name": "虎牙-中国功夫",
          "urls": [
            "http://43.138.170.29:35455/huya/11352941"
          ]
        },
        {
          "name": "虎牙-朱雀青龙",
          "urls": [
            "http://43.138.170.29:35455/huya/11352905"
          ]
        },
        {
          "name": "虎牙-捉妖记",
          "urls": [
            "http://43.138.170.29:35455/huya/11342414"
          ]
        },
        {
          "name": "虎牙-周星星",
          "urls": [
            "http://epg.112114.xyz/huya/11342412"
          ]
        },
        {
          "name": "虎牙-林正英",
          "urls": [
            "http://epg.112114.xyz/huya/11342421"
          ]
        },
        {
          "name": "虎牙-沈腾",
          "urls": [
            "http://epg.112114.xyz/huya/11601968"
          ]
        },
        {
          "name": "虎牙-猫和老鼠",
          "urls": [
            "http://epg.112114.xyz/huya/11352879"
          ]
        },
        {
          "name": "虎牙-成龙",
          "urls": [
            "http://epg.112114.xyz/huya/11342386"
          ]
        },
        {
          "name": "虎牙-李连杰",
          "urls": [
            "http://epg.112114.xyz/huya/11342390"
          ]
        },
        {
          "name": "虎牙-刘德华",
          "urls": [
            "http://epg.112114.xyz/huya/11342424"
          ]
        },
        {
          "name": "虎牙-王晶",
          "urls": [
            "http://epg.112114.xyz/huya/11602058"
          ]
        },
        {
          "name": "虎牙-中华小当家",
          "urls": [
            "http://epg.112114.xyz/huya/11342413"
          ]
        },
        {
          "name": "虎牙-杰森·斯坦森",
          "urls": [
            "http://epg.112114.xyz/huya/21059588"
          ]
        },
        {
          "name": "虎牙-喜剧专场",
          "urls": [
            "http://epg.112114.xyz/huya/11602044"
          ]
        },
        {
          "name": "虎牙-甄子丹",
          "urls": [
            "http://epg.112114.xyz/huya/11352935"
          ]
        },
        {
          "name": "虎牙-巨石强森",
          "urls": [
            "http://epg.112114.xyz/huya/21059581"
          ]
        },
        {
          "name": "虎牙-洪金宝",
          "urls": [
            "http://epg.112114.xyz/huya/11279251"
          ]
        },
        {
          "name": "虎牙-詹姆斯邦德",
          "urls": [
            "http://epg.112114.xyz/huya/21059585"
          ]
        },
        {
          "name": "虎牙-徐克",
          "urls": [
            "http://epg.112114.xyz/huya/11352909"
          ]
        },
        {
          "name": "虎牙-周润发",
          "urls": [
            "http://epg.112114.xyz/huya/11342387"
          ]
        },
        {
          "name": "虎牙-徐峥",
          "urls": [
            "http://epg.112114.xyz/huya/11602043"
          ]
        },
        {
          "name": "虎牙-许氏三杰",
          "urls": [
            "http://epg.112114.xyz/huya/11602033"
          ]
        },
        {
          "name": "虎牙-黄渤",
          "urls": [
            "http://epg.112114.xyz/huya/11352876"
          ]
        },
        {
          "name": "虎牙-张卫健",
          "urls": [
            "http://epg.112114.xyz/huya/11342423"
          ]
        },
        {
          "name": "虎牙-冯小刚",
          "urls": [
            "http://epg.112114.xyz/huya/11352906"
          ]
        },
        {
          "name": "虎牙-百鸟朝凤",
          "urls": [
            "http://epg.112114.xyz/huya/15894162"
          ]
        },
        {
          "name": "虎牙-陈翔六点半",
          "urls": [
            "http://epg.112114.xyz/huya/11274154"
          ]
        },
        {
          "name": "虎牙-电锯惊魂系列",
          "urls": [
            "http://epg.112114.xyz/huya/11352903"
          ]
        },
        {
          "name": "虎牙-电影",
          "urls": [
            "http://epg.112114.xyz/huya/618917"
          ]
        },
        {
          "name": "虎牙-港台电影",
          "urls": [
            "http://epg.112114.xyz/huya/880261"
          ]
        },
        {
          "name": "虎牙-高分电影",
          "urls": [
            "http://epg.112114.xyz/huya/16615910"
          ]
        },
        {
          "name": "虎牙-搞笑僵尸片",
          "urls": [
            "http://epg.112114.xyz/huya/11352963"
          ]
        },
        {
          "name": "虎牙-国产青春",
          "urls": [
            "http://epg.112114.xyz/huya/11602075"
          ]
        },
        {
          "name": "虎牙-好莱坞",
          "urls": [
            "http://epg.112114.xyz/huya/21059587"
          ]
        },
        {
          "name": "虎牙-黑帮斗争",
          "urls": [
            "http://epg.112114.xyz/huya/11342419"
          ]
        },
        {
          "name": "虎牙-红海行动",
          "urls": [
            "http://epg.112114.xyz/huya/11601986"
          ]
        },
        {
          "name": "虎牙-极限挑战",
          "urls": [
            "http://epg.112114.xyz/huya/11352914"
          ]
        },
        {
          "name": "虎牙-金庸的武侠世界",
          "urls": [
            "http://epg.112114.xyz/huya/11342435"
          ]
        },
        {
          "name": "虎牙-金庸电影",
          "urls": [
            "http://epg.112114.xyz/huya/11352897"
          ]
        },
        {
          "name": "虎牙-经典高智商",
          "urls": [
            "http://epg.112114.xyz/huya/11352962"
          ]
        },
        {
          "name": "虎牙-经典好片",
          "urls": [
            "http://epg.112114.xyz/huya/11342427"
          ]
        },
        {
          "name": "虎牙-经典喜剧片",
          "urls": [
            "http://epg.112114.xyz/huya/11352894"
          ]
        },
        {
          "name": "虎牙-精彩不断",
          "urls": [
            "http://epg.112114.xyz/huya/24396428"
          ]
        },
        {
          "name": "虎牙-精忠岳飞南征北战",
          "urls": [
            "http://epg.112114.xyz/huya/11336578"
          ]
        },
        {
          "name": "虎牙-警匪",
          "urls": [
            "http://epg.112114.xyz/huya/11352886"
          ]
        },
        {
          "name": "虎牙-看救援电影",
          "urls": [
            "http://epg.112114.xyz/huya/21059586"
          ]
        },
        {
          "name": "虎牙-科幻电影",
          "urls": [
            "http://epg.112114.xyz/huya/11602034"
          ]
        },
        {
          "name": "虎牙-路飞",
          "urls": [
            "http://epg.112114.xyz/huya/16913382"
          ]
        },
        {
          "name": "虎牙-麻雀",
          "urls": [
            "http://epg.112114.xyz/huya/11352881"
          ]
        },
        {
          "name": "虎牙-命案十三宗",
          "urls": [
            "http://epg.112114.xyz/huya/11601981"
          ]
        },
        {
          "name": "虎牙-魔法世界",
          "urls": [
            "http://epg.112114.xyz/huya/21059580"
          ]
        },
        {
          "name": "虎牙-欧美电影",
          "urls": [
            "http://epg.112114.xyz/huya/11352880"
          ]
        },
        {
          "name": "虎牙-欧美电影",
          "urls": [
            "http://epg.112114.xyz/huya/21059581"
          ]
        },
        {
          "name": "虎牙-欧美娱乐",
          "urls": [
            "http://epg.112114.xyz/huya/21059574"
          ]
        },
        {
          "name": "虎牙-倩女幽魂",
          "urls": [
            "http://epg.112114.xyz/huya/11601970"
          ]
        }
      ]
    }
  ]
}
