{
	"sites": [
	     {
            "key": "996",
            "name": "老6专用",
            "type": 3,
            "filterable": 1,
            "api": "csp_XBPQ",
            "ext": {
                "分类url": "https://www.cs1369.com/show/id/index.php/vod/show/area/{area}/id/{cateId}/page/{catePg}/year/{year}.html",
                "分类": "电影$1#电视剧$2#动漫$3#爽文短剧$4#动作片$6#喜剧片$7#爱情片$8#科幻片$9#恐怖片$10#剧情片$11#战争片$12#动画片$13#纪录片$14",
                "筛选": "1"
            }
        },
{
"key": "csp_xBPQ_jishu",
"name": "💖大哥带带我",
"type": 3,
"api": "csp_XBPQ",
"searchable": 1,
"quickSearch": 1,
"filterable": 0,
"ext": "https://jihulab.com/0004/000/-/raw/main/xbpq/极速.json"},
{
			"key": "南坊",
			"name": "💖分享南坊",
			"type": 3,
			"api": "csp_XBPQ",
			"ext": "https://download.kstore.space/download/4127/Xbpq/南坊.json"
		},
{
      "key": "6V磁力",
      "name": "💘6V磁┃4K",
      "type": 3,
      "api": "csp_XYQHiker",
      "searchable": 1,
      "quickSearch": 1,
      "filterable": 1,
      "ext": "https://www.macms.pro/box/lib/6v.json"
    },
    {
      "key": "电影港",
      "name": "💘DYG磁┃4K",
      "type": 3,
      "api": "csp_XYQHiker",
      "searchable": 1,
      "quickSearch": 1,
      "filterable": 1,
      "ext": "https://www.macms.pro/box/lib/dyg.json"
    },
{"key":"奈飞狗","name":"🐶奈飞狗仔","type":3,"api":"csp_AppYs", "searchable": 1, "quickSearch": 1, "filterable": 1, "ext": "https://netflixdog.club/api.php/app/"},
{
          "key": "alist",
                "name": "🍰┃小鸭┃网盘",
                      "type": 3,
                            "api": "csp_AList",
                                  "searchable": 1,
                                        "quickSearch": 1,
                                              "filterable": 1,
                                                    "ext": "http://alist.xn--z7x900a.live/alist.json"
},
    {
              "key": "种子短剧",
                    "name": "💮┃短剧┃视频",
                          "type": 1,
                                "api": "http://zzdj.cc/api.php/provide/vod"
    },
 {
            "key": "qiyue",
            "name": "👑七月蓝光👑",
            "type": 3,"playerType":2,
            "api": "csp_XBPQ",
             "searchable": 1,
             "quickSearch": 1,
             "filterable": 1,
            "ext": "https://jihulab.com/ymz1231/json/-/raw/main/%E4%B8%83%E6%9C%88%E5%BD%B1%E8%A7%86.json"
        },
{
            "key": "csp_短剧网香",
            "name": "👑短剧真香👑",
            "type": 3,
            "api": "csp_XYQHiker",
            "style": {
                "type": "rect",
                "ratio": 1.33
            },
            "searchable": 1,
            "quickSearch": 1,
            "filterable": 1,
            "ext": {
                "请求头参数": "User-Agent$MOBILE_UA#Referer$WebView",
                "网页编码格式": "UTF-8",
                "图片是否需要代理": "0",
                "是否开启获取首页数据": "1",
                "首页推荐链接": "https://www.duanju5.com",
                "首页列表数组规则": "body&&.module-items",
                "首页片单列表数组规则": ".module-item",
                "首页片单是否Jsoup写法": "1",
                "分类起始页码": "1",
                "分类链接": "https://www.duanju5.com/vodtype/{cateId}-{catePg}.html",
                "分类名称": "逆袭&甜宠&虐恋&穿越&重生",
                "分类名称替换词": "nixi&tianchong&nuelian&chuanyue&chuanyue&chongsheng",
                "分类截取模式": "1",
                "分类列表数组规则": "body&&.module-item",
                "分类片单是否Jsoup写法": "1",
                "分类片单标题": "a&&title",
                "分类片单链接": "a&&href",
                "分类片单图片": ".lazyloaded||.lazyload&&data-src||data-original",
                "分类片单副标题": ".module-item-note||.module-item-text&&Text",
                "分类片单链接加前缀": "https://www.duanju5.com",
                "分类片单链接加后缀": "",
                "搜索请求头参数": "User-Agent$MOBILE_UA",
                "搜索链接": "https://www.duanju5.com/vodsearch/{wd}----------{SearchPg}---.html",
                "搜索截取模式": "1",
                "搜索列表数组规则": "body&&.module-search-item",
                "搜索片单是否Jsoup写法": "1",
                "搜索片单图片": ".lazyload&&data-src",
                "搜索片单标题": "h3&&Text",
                "搜索片单链接": "a&&href",
                "搜索片单副标题": ".video-serial&&Text",
                "搜索片单链接加前缀": "https://www.duanju5.com",
                "链接是否直接播放": "0",
                "直接播放链接加后缀": "#isVideo=true#",
                "直接播放直链视频请求头": "",
                "详情是否Jsoup写法": "0",
                "演员详情": "主演：</span>&&</div>",
                "简介详情": "introduction\">&&</p>",
                "线路列表数组规则": ".module-player-tab&&.module-tab-item",
                "线路标题": "Text",
                "播放列表数组规则": "body&&.module-player-list:has(.scroll-content)",
                "选集列表数组规则": ".scroll-content&&a",
                "选集标题链接是否Jsoup写法": "1",
                "选集标题": "a&&Text",
                "选集链接": "a&&href",
                "是否反转选集序列": "0",
                "选集链接加前缀": "https://www.duanju5.com",
                "分析MacPlayer": "0",
                "是否开启手动嗅探": "1",
                "手动嗅探视频链接关键词": ".mp4#.m3u8#.flv#video/tos",
                "手动嗅探视频链接过滤词": ".html#?url=http"
            }
        },
{
            "key": "hanju",
            "name": "👑天天韩剧👑",
            "type": 3,"playerType":2,
            "api": "csp_XBPQ",
             "searchable": 1,
             "quickSearch": 1,
             "filterable": 1,
            "ext": "https://jihulab.com/ymz1231/json/-/raw/main/%E5%A4%A9%E5%A4%A9%E9%9F%A9%E5%89%A7.json"},
 {   "key":"csp_nm",
    "name":"👑稳定农民👑",
    "type":3,
    "api":"csp_XBPQ",
    "searchable":1,
    "quickSearch":1,
    "filterable":0,
    "ext":"{
    \"请求头\":\"手机\",
    \"倒序\":\"1\",
    \"主演\":\"主演:&&</div>\",
    \"副标题\":\"<span>&&<em>\",
    \"播放数组\":\"class=\\\"numList&&</div>\",
    \"简介\":\"简&nbsp;&nbsp;&nbsp;&nbsp;&nbsp;&nbsp;&nbsp;&nbsp;介：&&</p>\",
    \"线路数组\":\"javascript:;&&/a>\",
    \"线路标题\":\">&&<\",
    \"分类\":\"短剧$26#电影$1#电视剧$2#国产剧$12#港剧$13#美剧$15#动漫$4#综艺$3\",
    \"分类url\":\"https://m.xiangdao.me/vod-list-id-{cateId}-pg-{catePg}-order--by-{by}-class--year-{year}-letter--area-{area}-lang-.html\"}"},
    {"key": "csp_XYQHikerAL_玩偶哥哥","name":"👑玩偶香佬👑","type":3,"api":"csp_XYQHikerAL","playerType":1,"searchable":1,"quickSearch":1,"filterable":1,"ext":"https://agit.ai/Yemaozhi123/yemao/raw/branch/master/XBPQ/%E7%8E%A9%E5%81%B6%E5%93%A5%E5%93%A5.json"},
    {
			"key": "py_央视片库",
			"name": "👑cctv片库👑",
			"type": 3,"playerType":2,
			"api": "py_cctv",
			"ext": "https://gitcode.net/m0_73989217/ymz/-/raw/master/JS/%E5%A4%AE%E8%A7%86%E7%89%87%E5%BA%93.py"},
{
            "key": "腾讯资源",
            "name": "️🐧腾讯影视",
            "type": 1,
            "api": "http://playersll.gaoxin155.com.cn/api.php/provide/vod/from/qq/?at/xml/",
            "playUrl":"https://jx.jsonplayer.com/player/?url=",
            "searchable": 1,
            "quickSearch": 1,
            "filterable": 1,
            "categories":["国产剧","韩国剧","香港剧","台湾剧","欧美剧","动作片","科幻片","战争片","奇幻片","喜剧片","爱情片","恐怖片","犯罪片","悬疑片","惊悚片","剧情片","冒险片","记录片","综艺","动漫"]
        },
{
            "key": "索尼",
            "name": "🌸宝盒VIP专享1080P-B",
            "type": 1,
            "api": "https://suoniapi.com/api.php/provide/vod/?ac=list",
            "playUrl": "",
            "searchable": 1,
            "quickSearch": 1,
            "filterable": 1,
            "categories": ["动作片",
            "喜剧片",
            "爱情片",
            "科幻片",
            "恐怖片",
            "剧情片",
            "战争片",
            "国产剧",
            "欧美剧",
            "韩剧",
            "日剧",
            "港剧",
            "台剧",
	     "泰剧",
	     "记录片",
            "海外剧",
            "大陆综艺",
	    "日韩综艺",
	    "港台综艺",
	    "欧美综艺",
	     "足球",
	    "影视解说",
            "国产动漫"
          ]
        },
{
    "key":"csp_XBPQ_六度",
    "name":"🍹六度影视",
    "type":3,
    "api":"csp_XBPQ",
    "searchable":1,
    "quickSearch":1,
    "filterable":0,
    "ext":"{
    \"副标题\":\"class=\\\"pic-text text-right\\\">&&</span>\",
    \"线路数组\":\"data-toggle&&</li>\",
    \"线路标题\":\">&&/a>\",
    \"播放链接\":\"href=\\\'&&\\\'\",
    \"播放标题\":\">&&\",
    \"播放数组\":\"class=\\\"stui-content__playlist clearfix&&</ul>\",
    \"分类\":\"电影$1#电视剧$2#综艺$4#动漫$3\",
    \"分类url\":\"https://6d.zzdacou.com/whole/{cateId}_______0_addtime_{catePg}.html\"}"},
{
    "key":"csp_XBPQ_dudu30",
    "name":"🍹嘟嘟影视",
    "type":3,
    "api":"csp_XBPQ",
    "searchable":1,
    "quickSearch":1,
    "filterable":0,
    "ext":"{
    \"请求头\":\"手机\",
    \"简介\":\"介绍：&&</span>\",
    \"副标题\":\"class=\\\"other\\\">&&</p>\",
    \"线路数组\":\"playerico ico-Azhan&&/li>\",
    \"线路标题\":\"</i>&&<\",
   
    \"分类\":\"电影$1#电视剧$2#国产剧$12#港剧$21#综艺$31#动漫$26\",
    \"分类url\":\"http://www.dudu30.com/?m=vod-type-id-{cateId}-pg-{catePg}.html\"}"},
{
            "key": "芒果资源",
            "name": "️🥭芒果影视",
            "type": 1,
            "api": "http://playersll.gaoxin155.com.cn/api.php/provide/vod/from/mgtv/?at/xml/",
            "playUrl":"https://vip.lianfaka.com/vip/?url=",
            "searchable": 1,
            "quickSearch": 1,
            "filterable": 1,
            "categories":["国产剧","韩国剧","香港剧","台湾剧","欧美剧","动作片","科幻片","战争片","奇幻片","喜剧片","爱情片","恐怖片","犯罪片","悬疑片","惊悚片","剧情片","冒险片","记录片","综艺","动漫"]
        },
        {
            "key": "爱奇艺资源",
            "name": "️🥝奇艺影视",
            "type": 1,
            "api": "http://playersll.gaoxin155.com.cn/api.php/provide/vod/from/qiyi/?at/xml/",
            "playUrl":"https://jxdp.codermart.net/?url=",
            "searchable": 1,
            "quickSearch": 1,
            "filterable": 1,
            "categories":["国产剧","韩国剧","香港剧","台湾剧","欧美剧","动作片","科幻片","战争片","奇幻片","喜剧片","爱情片","恐怖片","犯罪片","悬疑片","惊悚片","剧情片","冒险片","记录片","综艺","动漫"]
        },
	{
            "key": "优酷资源",
            "name": "️👔优酷影视",
            "type": 1,
            "api": "http://playersll.gaoxin155.com.cn/api.php/provide/vod/from/youku/?at/xml/",
            "playUrl":"https://www.cgdyw.net/jiexi/jiexi-gf/?url=",
            "searchable": 1,
            "quickSearch": 1,
            "filterable": 1,
            "categories":["国产剧","韩国剧","香港剧","台湾剧","欧美剧","动作片","科幻片","战争片","奇幻片","喜剧片","爱情片","恐怖片","犯罪片","悬疑片","惊悚片","剧情片","冒险片","记录片","综艺","动漫"]
        },
           {"key": "耐看点播",
            "name": "🔺耐看自建",
            "type": 3,
            "api": "csp_XBPQ",
            "ext": {
                "分类数组":"swiper-wrapper\"*&&</ul>",
                "分类url": "https://www.nkvod.com/show/{cateId}--------{catePg}---{year}.html"
            }},
    {
      "key": "4KHDR",
      "name": "💘HDR磁┃4K",
      "type": 3,
      "api": "csp_XYQHikerAL",
      "searchable": 1,
      "quickSearch": 1,
      "filterable": 1,
      "ext": "https://www.macms.pro/box/lib/4KHDR.json"
    },
    {
      "key": "csp_WDzy",
      "name": "💘万达影院",
      "type": 1,
      "api": "http://www.duse.pro//api.php/provide/vod/?ac=list",
      "searchable": 1,
      "quickSearch": 1,
      "filterable": 1,
      "categories": [
        "电影直播-放映厅",
        "电视直播-放映厅",
        "体育直播-放映厅",
        "爱情片",
        "剧情片",
        "战争片",
        "记录片",
        "国产剧",
        "欧美剧",
        "香港剧",
        "韩国剧",
        "台湾剧",
        "日本剧",
        "海外剧",
        "泰国剧",
        "国产动漫",
        "日韩动漫",
        "欧美动漫",
        "港台动漫",
        "海外动漫",
        "大陆综艺",
        "港台综艺",
        "日韩综艺",
        "欧美综艺"
      ]
    },
{
		    "key": "自营短剧",
		    "name": "📺影院短剧",
		    "type": 3,
		    "api": "csp_AppYsV2",
		    "searchable": 1,
		    "quickSearch": 1,
		    "filterable": 1,
		    "ext": "http://122.228.84.103:6822/api.php/app/"
		},
{
      "key": "Lib",
      "name": "Lib",
      "type": 3,
      "api": "csp_Libvio",
      "searchable": 1,
      "quickSearch": 1,
      "changeable": 1,
      "ext": "https://www.libvio.pro/"
    },
{
      "key": "csp_XBPQ_短视频",
      "name": "☘️短视频",
      "type": 3,
      "api": "csp_XBPQ",
      "searchable": 0,
      "quickSearch": 0,
      "filterable": 1,
      "ext": "https://jihulab.com/yueer/yueera/-/raw/main/9.25/vip/duanshipin.json"
    },
{
      "key": "csp_New6v",
      "name": "🌝看直播就用电信路线",
      "type": 3,
      "api": "csp_New6v",
      "searchable": 1,
      "quickSearch": 1,
      "filterable": 1,
      "ext": "http://www.xb6v.com"
    },
{

      "key": "超级123",

      "name": "1080P-1",

      "type": 1,

      "api": "https://49zyw.com/api.php/provide/vod/?ac=list",

      "searchable": 1,

      "quickSearch": 1,

      "filterable": 1,

      "changeable": 1,

      "categories": [

        "国产剧",

        "纪录片",

        "欧美剧",

        "香港剧",

        "动作片",

        "爱情片",

        "科幻片",

        "恐怖片",

        "剧情片",

        "战争片",

        "喜剧片",

        "动画片",

        "犯罪片",

        "韩国剧",

        "动漫",

        "电影",

        "大陆综艺",

        "港台综艺",

        "日韩综艺",

        "欧美综艺",

        "台湾剧",

        "国产动漫",

        "日本动漫",

        "欧美动漫",

        "泰国剧",

        "日剧",

        "电影解说",

        "奇幻片",

        "灾难片",

        "悬疑片",

        "其他片",

        "体育赛事",

        "海外剧"

      ]

    },
{"key": "开心影院","name": "开心就好😁","type": 1,"api": "http://www.ttkx.site:33/api.php/provide/vod/","playerType": 2,"searchable": 1,"quickSearch": 1,"filterable": 1,"categories": ["动作片","战争片","国产剧","港台剧","日韩剧","欧美剧","国产动漫","动漫","综艺","日韩动漫","港台动漫","动画片","短剧","国产综艺","喜剧片","爱情片","科幻片","恐怖片","剧情片","灾难片","悬疑片","犯罪片","奇幻片","纪录片"]},
{
      "key": "Bili",
      "name": "🅱哔哔┃合集",
      "type": 3,
      "api": "csp_Bili",
      "style": {
        "type": "rect",
        "ratio": 1.597
      },
      "searchable": 1,
      "quickSearch": 0,
      "changeable": 0,
      "ext": "https://agit.ai/fantaiying/fty/raw/branch/master/ext/bilibili.json"
    },
{
      "key": "Biliych",
      "name": "🅱哔哔┃歌曲",
      "type": 3,
      "api": "csp_Bili",
      "style": {
        "type": "rect",
        "ratio": 1.597
      },
      "searchable": 1,
      "quickSearch": 0,
      "changeable": 0,
      "ext": "https://agit.ai/fantaiying/fty/raw/branch/master/ext/biliych.json"
    },
{
		    "key": "飞龙在天",
		    "name": "秒播-A",
		    "playerType": 1,
		    "type": 3,
		    "api": "csp_AppYsV2",
		    "searchable": 1,
		    "quickSearch": 1,
		    "filterable": 1,
		    "ext": "http://122.228.84.103:6117/api.php/app/"
		},
		{
		    "key": "直捣黄龙",
		    "name": "秒播-B",
		    "playerType": 1,
		    "type": 3,
		    "api": "csp_AppYsV2",
		    "searchable": 1,
		    "quickSearch": 1,
		    "filterable": 1,
		    "ext": "http://122.228.84.103:6119/api.php/app/"
		},
		{
		    "key": "黯然销魂",
		    "name": "秒播-C",
		    "playerType": 1,
		    "type": 3,
		    "api": "csp_AppYsV2",
		    "searchable": 1,
		    "quickSearch": 1,
		    "filterable": 1,
		    "ext": "http://122.228.84.103:6118/api.php/app/"
		},
{
      "key": "有声小说js",
      "name": "🎧有声┃小说",
      "type": 3,
      "api": "https://agit.ai/fantaiying/fty/raw/branch/master/ext/drpy2.min.js",
      "ext": "https://agit.ai/fantaiying/dr_py/raw/branch/main/js/有声小说吧.js",
      "style": {
        "type": "rect",
        "ratio": 1
      },
      "searchable": 0,
      "quickSearch": 0,
      "changeable": 0
    },
{
      "key": "鑫鑫影视",
      "name": "🕯鑫鑫影视",
      "type": 3,
      "api": "csp_AppYsV2",
      "searchable": 1,
      "quickSearch": 1,
      "filterable": 1,
      "ext": "http://yingszj.xn--654a.cc/api.php/app/"
    },
    {
      "key": "毛驴",
      "name": "毛驴",
      "type": 3,
      "api": "csp_MLYS",
      "searchable": 1,
      "quickSearch": 1,
      "changeable": 1,
      "ext": "https://www.maolvys.com/"
    },
{"key":"骚火","name":"💢骚火","type":3,"api":"csp_XBPQ","playerType":"2","searchable":1,"quickSearch":1,"filterable":1,"ext":{"嗅探词":".m3u8#.mp4#.m3u8?#freeok.mp4","分类url":"https://shdy2.com/list/{cateId}-{catePg}.html;;vr1au0","分类":"电影$1#电视剧$2#韩剧$22#美剧$23#动漫$4","数组二次截取":"class=\"v_list\">&&</ul>","数组":"\"v_img\"&&/div>","标题":"title=\"&&\"","副标题":"v_note\"&&</div","跳转播放链接":"<iframe*src=\"&&\"","二次跳转播放链接":"https://hhjx.hhplayer.com/api.php;post;url=+var url*\"&&\"+&t=+var t*\"&&\"+&key=+var key*\"&&\"+&act=0+&play=1","三次跳转播放链接":"\"url\"*\"&&\""}},
{"key":"奇优","name":"️💢奇优","type":3,"api":"csp_XBPQ","searchable":1,"quickSearch":1,"filterable":1,"ext":"https://agit.ai/Yoursmile7/TVBox/raw/branch/master/sub/奇优.json"},
{"key":"云播","name":"💢云播","type":3,"api":"csp_XBPQ","searchable":1,"quickSearch":1,"filterable":1,"changeable":1,"ext":{"影片类型":"分类：&&主演","导演":"导演：</span>&&</p>","主演":"主演：</span>&&</p>","简介":"class=\"sketch content\">&&</span>","数组":"myui-vodlist__thumb&&</a>","标题":"title=\"&&\"","副标题":"pic-tag pic-tag-top\">&&</span>","图片":"data-original=\"&&\"","链接":"href=\"&&\"","搜索模式":"1","搜索url":"http://www.hktvyun.com/index.php/ajax/suggest?mid=1&wd={wd}&limit=500","搜索二次截取":"\"list\":[&&]","搜索数组":"{&&}","搜索标题":"\"name\":\"&&\"","搜索图片":"\"pic\":\"&&\"","搜索链接":"http://www.hktvyun.com/vod/detail/id/+\"id\":&&,+html","嗅探词":".m3u8#mp4","线路数组":"</a><h3&&/h3>","线路标题":"title\">&&<","播放数组":"<ul class=\"myui-content__list scrollbar&&</ul>","播放标题":">&&<","播放列表":"<a&&/a>","分类url":"http://www.hktvyun.com/vod/show/area/{area}/by/{by}/class/{class}/id/{cateId}/lang/{lang}/page/{catePg}/year/{year}.html;;a","分类":"电影$1#电视剧$2#综艺$3#动漫$4"}},
{"key":"Freeok","name":"💢Freeok","type":3,"api":"csp_XBPQ","playerType":"1","searchable":1,"quickSearch":1,"filterable":1,"ext":{"分类url":"https://www.freeok.vip/vod-show/{cateId}-{area}-------{catePg}---{year}.html","分类":"FREE电影&FREE剧集&FREE动漫&FREE综艺&FREE短剧&FREE少儿","分类值":"1&2&3&4&12&5","播放请求头":"User-Agent$Mozilla/5.0 (Macintosh; Intel Mac OS X 10_15_7) AppleWebKit/537.36 (KHTML, like Gecko) Chrome/118.0.0.0 Safari/537.36","副标题":"<div class=\"module-item-note\">&&</div>","嗅探词":"m3u8#.m3u8#.mp4#freeok.mp4#/obj/","线路数组":"data-dropdown-value=&&</div>[不包含:夸克]","线路标题":"<span>&&</small>","导演":"导演：&&</div>","主演":"主演：&&</div>","简介":"<p>&&</p>"}},
{"key":"drpy_js_短剧网","name":"🗽短剧网","type":3,"api":"https://agit.ai/Yoursmile7/TVBox/raw/branch/master/js/lib/drpy2.min.js","searchable":0,"quickSearch":0,"filterable":0,"ext":"https://agit.ai/Yoursmile7/TVBox/raw/branch/master/js/短剧网.js"},
        {"key":"csp_AppYsV2","name":"🚛69美剧","type":3,"api":"csp_AppYsV2","searchable":1,"quickSearch":1,"filterable":1,"ext":"https://www.69mj.com/xgapp.php/v2/"},
        {
            "key": "东方4K专线",
            "name": "✨4K1",
            "type": 3,
            "api": "csp_WoGG",
            "searchable": 1,
            "quickSearch": 1,
            "changeable": 0,
            "ext": "http://127.0.0.1:9978/file/tvfan/token.txt+4k|auto|fhd$$$https://www.wogg.xyz/$$$弹"
        },
            {
      "key": "csp_FanYY",
      "name": "✨4K2",
      "type": 3,
      "api": "csp_WoGG",
      "searchable": 1,
      "quickSearch": 1,
      "filterable": 1,
      "ext": "http://127.0.0.1:9978/file/fatcat/token.txt$$$https://wogg.xyz/"
    },
     {
      "key": "影探",
      "name": " 超清4K",
      "type": 3,
      "api": "https://d.kstore.space/download/6296/js/lib/drpy2.min.js",
      "ext": "https://d.kstore.space/download/6296/js/yt.js"
    },
         {
            "key": "PanSearch",
            "name": "✨4K备用",
            "type": 3,
            "api": "csp_PanSearch",
            "searchable": 1,
            "quickSearch": 1,
            "filterable": 0,
            "ext": "http://127.0.0.1:9978/file/tvbox/token.txt"
        },
{
      "key": "量子",
      "name": "🍡量子",
      "type": 0,
      "api": "https://cj.lziapi.com/api.php/provide/vod/at/xml/",
      "searchable": 1,
      "changeable": 1,
      "categories": [
        "国产动漫",
        "日韩动漫",
        "国产剧",
        "韩国剧",
        "日本剧",
        "电影片",
        "连续剧",
        "综艺片",
        "动漫片",
        "动作片",
        "喜剧片",
        "爱情片",
        "科幻片",
        "恐怖片",
        "剧情片",
        "战争片",
        "台湾剧",
        "香港剧",
        "欧美剧",
        "记录片",
        "海外剧",
        "泰国剧",
        "大陆综艺",
        "港台综艺",
        "日韩综艺",
        "欧美综艺",
        "欧美动漫",
        "港台动漫",
        "海外动漫",
        "体育",
        "足球",
        "篮球",
        "网球",
        "斯诺克"
      ]
    },
    {
      "key": "非凡",
      "name": "🍉非凡",
      "type": 0,
      "api": "http://cj.ffzyapi.com/api.php/provide/vod/at/xml/",
      "searchable": 1,
      "changeable": 1,
      "categories": [
        "国产动漫",
        "日韩动漫",
        "国产剧",
        "韩国剧",
        "日本剧",
        "电影片",
        "连续剧",
        "综艺片",
        "动漫片",
        "动作片",
        "喜剧片",
        "爱情片",
        "科幻片",
        "恐怖片",
        "剧情片",
        "战争片",
        "香港剧",
        "欧美剧",
        "记录片",
        "台湾剧",
        "海外剧",
        "泰国剧",
        "大陆综艺",
        "港台综艺",
        "日韩综艺",
        "欧美综艺",
        "欧美动漫",
        "港台动漫",
        "海外动漫"
      ]
    },
 {
      "key": "索尼",
      "name": "🔥超清1080A",
      "type": 1,
      "api": "https://suoniapi.com/api.php/provide/vod/?ac=list",
      "playUrl": "",
      "searchable": 1,
      "quickSearch": 1,
      "filterable": 1,
      "categories": [
        "国产剧",
        "大陆综艺",
        "动作片",
        "国产动漫",
        "喜剧片",
        "爱情片",
        "科幻片",
        "恐怖片",
        "剧情片",
        "战争片",
        "欧美剧",
        "韩剧",
        "日剧",
        "港剧",
        "台剧",
        "泰剧",
        "记录片",
        "海外剧",
        "日韩综艺",
        "港台综艺",
        "欧美综艺",
        "足球",
        "影视解说"
      ]
    },
      {
      "key": "freeok",
      "name": "🔥超清1080-B",
      "type": 3,
      "api": "csp_XBPQ",
      "playerType": "1",
      "jar": "http://luoye.shop/b.jar;md5;bb155c3f0133bbce4756ad52003f5968",
      "ext": {
        "分类url": "https://www.freeok.vip/vodshow/{cateId}-{area}-{by}-{class}-----{catePg}---{year}.html",
        "分类": "最新热榜&今日更新&FREE电影&FREE剧集&FREE动漫&FREE综艺",
        "分类值": "hot&new&1&2&3&4",
        "播放请求头": "User-Agent$Mozilla/5.0 (Macintosh; Intel Mac OS X 10_15_7) AppleWebKit/537.36 (KHTML, like Gecko) Chrome/118.0.0.0 Safari/537.36",
        "嗅探词": "m3u8#.m3u8#.mp4#freeok.mp4#/obj/",
        "线路数组": "data-dropdown-value=&&</div>[不包含:夸克]",
        "线路标题": "<span>&&</small>",
        "导演": "导演：&&</div>",
        "主演": "主演：&&</div>",
        "简介": "<p>&&</p>"
      }
    },
        {
			"key": "lurenjia",
			"name": "🔥超清1080-C",
			"type": 1,
			"api": "https://www.dytt996.com/api.php/provide/vod/?ac=list",
			"searchable": 1,
			"quickSearch": 1,
			"filterable": 1,
			"playUrl": "json:https://gg.dytt996.com/quad.php?url="
        },
        {"key":"💞老鸭资源💞","name":"💞关💞","type":1,"api":"https://api.apilyzy.com/api.php/provide/vod/","searchable":0,"quickSearch":0},
{"key":"*博天堂","name":"注","type":0,"api":"http://bttcj.com/inc/sapi.php","searchable":1,"quickSearch":1,"filterable":0},
{"key":"zp028","name":"我","type":0,"api":"http://mygzycj.com/api.php?ac=list","searchable":1,"quickSearch":1,"filterable":0},
{"key":"*淫水机资源","name":"还","type":0,"api":"https://www.xrbsp.com/api/xml.php","searchable":1,"quickSearch":1,"filterable":0},
{"key":"*小湿妹资源","name":"有","type":0,"api":"https://www.afasu.com/api/xml.php","searchable":1,"quickSearch":1,"filterable":0},
{"key":"*香奶儿资源","name":"意","type":0,"api":"https://www.gdlsp.com/api/xml.php","searchable":1,"quickSearch":1,"filterable":0},
{"key":"💞色猫资源💞","name":"想","type":1,"api":"https://api.maozyapi.com/inc/apijson_vod.php","searchable":0,"quickSearch":0},
{"key":"💞色窝资源💞","name":"不","type":1,"api":"https://sewozyapi.com/api.php/provide/vod/","searchable":0,"quickSearch":0},
{"key":"*老鸭1","name":"*到","type":1,"api":"https://api.apilyzy.com/api.php/provide/vod/?ac=list","searchable":1,"quickSearch":1,"filterable":0},
    {"key":"*老鸭2","name":"*的惊喜","type":0,"api":"https://api.apilyzy.com/api.php/provide/vod/at/xml","searchable":1,"quickSearch":1,"filterable":0},
     {
      "key": "爱迪",
      "name": "欧美大片",
      "type": 3,
      "api": "csp_AppYsV2",
      "searchable": 1,
      "quickSearch": 1,
      "filterable": 1,
      "playerType": 2,
      "ext": "https://api123.adys.app/xgapp.php/v3/"
    },
{
      "key": "Lib",
      "name": "🌟利播┃直连",
      "type": 3,
      "api": "csp_Libvio",
      "searchable": 1,
      "quickSearch": 1,
      "changeable": 1,
      "ext": "https://www.libvio.pro/"
    },
{
      "key": "zxzj",
      "name": "📗在线┃直连",
      "type": 3,
      "api": "csp_Zxzj",
      "searchable": 1,
      "quickSearch": 1,
      "changeable": 1,
      "ext": "https://www.zxzj.pro/"
    },
{
      "key": "毛驴",
      "name": "🍓毛驴┃直连",
      "type": 3,
      "api": "csp_MLYS",
      "searchable": 1,
      "quickSearch": 1,
      "changeable": 1,
      "ext": "https://www.maolvys.com/"
    },
{
      "key": "Czsapp",
      "name": "📔厂长┃直连",
      "type": 3,
      "api": "csp_Czsapp",
      "playerType": 2,
      "searchable": 1,
      "quickSearch": 1,
      "changeable": 1,
      "ext": "https://www.czzy22.com/"
    },
    {
  "key": "csp_XPath_企鹅体育",
     "name": "🐧企鹅┃体育",
    "type": 3,
    "api": "csp_XPath",
"style": {
    "type": "list"
         },
    "searchable": 0,
"quickSearch": 0,
    "changeable": 0,
    "ext": "https://agit.ai/fantaiying/fty/raw/branch/master/ext/企鹅直播.json"
    },
           {
            "key": "88js",
            "name": "🏀⚽ 球赛直播",
            "type": 3,
            "api": "https://agit.ai/fantaiying/fty/raw/branch/master/ext/drpy2.min.js",
            "ext": "https://agit.ai/fantaiying/fty/raw/branch/master/ext/88看球.js",
            "style": {
                "type": "rect",
                "ratio": 1
            },
            "searchable": 0,
            "quickSearch": 0,
            "changeable": 0
        },
    {
     "key": "酷奇js",
     "name": "🎤酷奇┃MV",
     "type": 3,
     "api": "https://agit.ai/fantaiying/fty/raw/branch/master/ext/drpy2.min.js",
     "ext": "https://agit.ai/fantaiying/dr_py/raw/branch/main/js/酷奇MV.js",
     "style": {
     "type": "rect",
     "ratio": 1.597
    },
 "searchable": 0,
  "quickSearch": 0,
     "changeable": 0
    },
    {
      "key": "虎牙直播js",
      "name": "🐯虎牙┃直播",
      "type": 3,
      "api": "https://agit.ai/fantaiying/fty/raw/branch/master/ext/drpy2.min.js",
      "ext": "https://agit.ai/fantaiying/dr_py/raw/branch/main/js/虎牙直播.js",
      "style": {
        "type": "list"
      },
      "searchable": 0,
      "quickSearch": 0,
      "changeable": 0
    },
    {
      "key": "csp_XYQBiu_斗鱼",
      "name": "🐟斗鱼┃直播",
      "type": 3,
      "api": "https://agit.ai/fantaiying/fty/raw/branch/master/ext/drpy2.min.js",
      "ext": "https://agit.ai/fantaiying/dr_py/raw/branch/main/js/斗鱼直播.js",
      "style": {
        "type": "list"
      },
      "searchable": 0,
      "quickSearch": 0,
      "changeable": 0
    },
     {"key":"音乐","name":"🎤音乐现场","api":"csp_Bili","type":3,"filterable":1,"quickSearch":0,"searchable":0,"ext":"https://agit.ai/mabox/box/raw/branch/main/json/%e9%9f%b3%e4%b9%90%e7%8e%b0%e5%9c%ba.json"},
    {"key":"csp_Bili","name":"🅱沙雕动漫","type":3,"api":"csp_Bili","searchable":0,"quickSearch":0,"filterable":1,"ext":"https://agit.ai/Yoursmile7/TVBox/raw/branch/master/sub/Bili.json"},
     {
            "key": "相声小品",
            "name": "🅱️相声小品",
            "type": 3,
            "api": "csp_Bili",
            "searchable": 0,
            "quickSearch": 0,
            "filterable": 1,
            "ext": "https://agit.ai/Yoursmile7/TVBox/raw/branch/master/sub/Blixs.json"
        },
        {
            "key": "戏曲",
            "name": "🅱️戏曲",
            "type": 3,
            "api": "csp_Bili",
            "searchable": 0,
            "quickSearch": 0,
            "filterable": 1,
            "ext": "https://agit.ai/Yoursmile7/TVBox/raw/branch/master/sub/Blixq.json"
        },
         {
      "key": "dr_兔小贝",
      "name": "📚儿童┃启蒙",
      "type": 3,
      "api": "https://agit.ai/fantaiying/fty/raw/branch/master/ext/drpy2.min.js",
      "ext": "https://agit.ai/fantaiying/fty/raw/branch/master/ext/%E5%85%94%E5%B0%8F%E8%B4%9D.js",
      "style": {
        "type": "rect",
        "ratio": 1.597
      },
      "searchable": 0,
      "quickSearch": 0,
      "changeable": 0
    },
     {
            "key": "少儿教育",
            "name": "📚少儿┃教育",
            "type": 3,
            "api": "csp_Bili",
            "style": {
                "type": "rect",
                "ratio": 1.597
            },
            "searchable": 0,
            "quickSearch": 0,
            "changeable": 0,
            "ext": "https://agit.ai/fantaiying/fty/raw/branch/master/ext/少儿教育.json"
        },
        {
            "key": "小学课堂",
            "name": "📚小学┃课堂",
            "type": 3,
            "api": "csp_Bili",
            "style": {
                "type": "rect",
                "ratio": 1.597
            },
            "searchable": 0,
            "quickSearch": 0,
            "changeable": 0,
            "ext": "https://agit.ai/fantaiying/fty/raw/branch/master/ext/小学课堂.json"
        },
        {
            "key": "初中课堂",
            "name": "📚初中┃课堂",
            "type": 3,
            "api": "csp_Bili",
            "style": {
                "type": "rect",
                "ratio": 1.597
            },
            "searchable": 0,
            "quickSearch": 0,
            "changeable": 0,
            "ext": "https://agit.ai/fantaiying/fty/raw/branch/master/ext/初中课堂.json"
        },
        {
            "key": "高中教育",
            "name": "📚高中┃课堂",
            "type": 3,
            "api": "csp_Bili",
            "style": {
                "type": "rect",
                "ratio": 1.597
            },
            "searchable": 0,
            "quickSearch": 0,
            "changeable": 0,
            "ext": "https://agit.ai/fantaiying/fty/raw/branch/master/ext/高中课堂.json"
        }],
        "parses":[

{"name":"智能解析","type":2,"url": "Sequence"},
{"name": "自动解析","type": 2,"url": "Parallel"},
{"name":"超级解析","type":3,"url":"Demo"},
{"name":"超级嗅探","type":3,"url":"Web"},
{"name":"💕推荐199","type":1,"url":"https://jx.xmflv.com/?url="},
		{
		"name": "💕推荐",
		"type": 1,
		"url": "http://42.157.129.144:2323/CH/caihong_1993138546.php?url="},
		{
      "name": "💕推荐0",
      "type": 1,
      "url": "https://json.oorl.cn/api/?key=gajpAki7cu8560ro4C&url="},
		{"name":"💕推荐1","type":1,"url":"http://pandown.pro/app/kkdy.php?url="},
        {"name":"💕推荐2","type":1,"url":"http://103.42.31.123:5821/jx/?url= "},
		{"name":"💕分享默认","type":1,"url":"https://www.qiaoji8.com/tvbox/neibu.php?url="},
		{
      "name": "💋分享蓝光",
      "type": 1,
      "url": "https://yinshi.eatuo.com/index.php/mvod/jx2?url="
    },
    {
            "name": "分享智能",
            "type": 1,
            "url": "http://json.84jia.com/home/api?type=ys&uid=335253&key=acefhmqsxEMPRVYZ26&url="
        },
        {
            "name": "分享智能1",
            "type": 1,
            "url": "http://119.91.123.253:2345/Api/yun.php?url="
        },
        {
      "name": "分享智能2",
      "type": 1,
      "url": "https://jx.shaoze.xyz/web/json?token=5201340&url="},
      {"name":"分享飞魚","type":1,"url":"http://103.42.31.123:5821/jx/?url="},
             {"name": "分享聚合1", "type": 1, "url": "https://api.xn--od1aq39b.net/api/?key=l80ttV8dvu7OXdFShJ&url="},
 {"name": "分享聚合2", "type": 1, "url": "https://jxjson.cf/json_balabala.php?url="},
			{
  "name": "分享聚合", 
  "type": 1, "url": "http://42.51.37.161:5678/json/520239app9/gf2.php?url="},  
   {
      "name": "分享VIP1",
      "type": 0,
      "url": "https://jx.xmflv.com/?url="},
  {
            "name": "分享VIP",
            "type": 0,
            "url": "https://vip.lianfaka.com/vip/?url="},
                { "name": "测试", "type": 0, "url": "http://192.168.9.99/xy/?url=" },
        {
			"name": "分享官解",
			"type": 1,
			"url": "http://jx.lem.icu/api/?key=027181cefdc41cfdd2efa074f2fcf722&url="},
			{
      "name": "分享官解2",
      "type": 1,
      "url": "http://json.84jia.com/home/api?type=ys&uid=162970&key=ilqtBFJKOSUW016789&url="
    },
    {
      "name": "分享有鱼", 
      "type": 1,
      "url": "http://json.84jia.com/home/api?type=ys&uid=4361364&key=eghprtvxEJPRUWX039&url="
    },
			{
			"name": "分享遇见1",
			"type": 1,
			"url": "http://jx.lem.icu/api/?key=027181cefdc41cfdd2efa074f2fcf722&url="
		},
{
      "name": "分享遇见",
      "type": 1,
      "url": "https://jxjson.cf/json.php?url="},

{"name":"推荐💕","type":1,"url":"http://27.124.4.42:4567/jhjson/ceshi.php?url="},

       {
           "name": "分享77",
           "type": 1,
           "url": "https://api.tyun77.cn/api.php/provide/parseDicturl?url="
       },
    
    {"name":"分享自建","type":1,"url":"http://json.xn--654a.cc/home/api?type=ys&uid=1323246&key=afghlpwxAEGLX01235&url="},
        {"name":"🎯分享有爱","type":1,"url":"https://svip.cygc.xyz/api/?key=dVtcmaBX6lt954hcKJ&url="},
        {
			"name": "分享小成",
			"type": 1,
			"url": "https://bfq.cddys.me/nimasile2/API.php?url="},

{"name":"★左岸★","type":1,"url":"http://110.42.2.247:880/analysis/json/?uid=2449&my=acfgikquvzFGJRW459&url=","ext": {
        "flag": [
          "qq",
          "腾讯",
          "qiyi",
          "爱奇艺",
          "奇艺",
          "youku",
          "优酷",
          "sohu",
          "搜狐",
          "letv",
          "乐视",
          "mgtv",
          "芒果",
          "rx",
          "ltnb",
          "bilibili",
          "1905",
          "xigua"
        ]}}
],
"flags":["youku","qq","QQ","iqiyi","qiyi","letv","sohu","tudou","pptv","PPTV","mgtv","ltnb","rx","SLYS4k","BYGA","BYGB","luanzi","dxzy","QEYSS","aliyun","AliS","122","chuangying","CL4K","xfyun","wuduzy","wasu","bilibili","kuying -you","YuMi-vip","douyin","renrenmi","xmm","xigua","m1905","funshion","优酷","芒果","腾讯","爱奇艺","奇艺","哔哩哔哩","哔哩","西瓜视频","腾讯视频","奇艺视频","优酷视频","芒果视频","乐视视频"],

"rules": [
	    {
	    	"name": "嗅探过滤",
	    	"host": "*",
	    	"rule": [
	    		"http((?!http).){12,}?\\.(m3u8|mp4|ts|flv|avi|mkv|rm|wmv|mpg|m4a)\\?.*"
	    	],
	    	"filter": [
	    		"http((?!http).){12,}?\\.(js|css|png|jpg|png|ico|ru=)\\?.*"
	    	]
	    
	    }
	],
"rules": [
	    {
	    	"name": "嗅探过滤",
	    	"host": "*",
	    	"rule": [
	    		"http((?!http).){12,}?\\.(m3u8|mp4|ts|flv|avi|mkv|rm|wmv|mpg|m4a)\\?.*"
	    	],
	    	"filter": [
	    		"http((?!http).){12,}?\\.(js|css|png|jpg|png|ico|ru=)\\?.*"
	    	]
	    
	    }
	],
 "rules": [
	    {
	    	"name": "嗅探过滤",
	    	"host": "*",
	    	"rule": [
	    		"http((?!http).){12,}?\\.(m3u8|mp4|ts|flv|avi|mkv|rm|wmv|mpg|m4a)\\?.*"
	    	],
	    	"filter": [
	    		"http((?!http).){12,}?\\.(js|css|png|jpg|png|ico|ru=)\\?.*"
	    	]
	    
	    }
	],
 "rules": [
    {"host": "*","rule": ["default.365yg.com"]},
    {"host": "dyxs20.com","rule": [".m3u8"]},
    {"host": "www.agemys.cc","rule": ["cdn-tos","obj/tos-cn"]},
    {"host": "zjmiao.com","rule": ["play.videomiao.vip/API.php","time="]},
    {"host": "www.sharenice.net","rule": ["http.*?/play.{0,3}\\?[^url]{2,8}=.*"]},
    {"host": "www.sharenice.net","rule": ["qianpailive.com","vid="]},
    {"host": "*","rule": ["douyin.com/aweme","video_id="]},
    {"host": "*","rule": ["huoshan.com","/item/video/"]},
    {"host": "*","rule": ["http((?!http).){12,}?\\.(m3u8|mp4|flv|avi|mkv|rm|wmv|mpg|m4a)\\?.*"]},
    {"host": "*","rule": ["http((?!http).){12,}\\.(m3u8|mp4|flv|avi|mkv|rm|wmv|mpg|m4a)"]}],
    "lives" : [
            {
      "name": "sao0",
      "type": 0,
      "url": "https://xhdwc.tk/tvlive.txt",
      "playerType": 1,
      "ua": "okhttp/3.15",
      "epg": "http://epg.112114.xyz/?ch={name}&date={date}",
      "logo": "https://epg.112114.xyz/logo/{name}.png"
    },
    {
      "name": "ipv6",
      "type": 0,
      "url": "https://live.fanmingming.com/tv/m3u/ipv6.m3u",
      "playerType": 1,
      "ua": "okhttp/3.15",
      "epg": "http://epg.112114.xyz/?ch={name}&date={date}",
      "logo": "https://epg.112114.xyz/logo/{name}.png"
    }],
	"spider": "https://zjqliling.oss-cn-shanghai.aliyuncs.com/Yoursmile.jar;md5;a8b67c6e7ae00f56c43f6946764f0102",
	"parses": [
	    {"name":"Json并发","type":2,"url":"Parallel"},
	    {"name":"解析聚合","type":3,"url":"Demo"},
        {"name":"Json轮询","type":2,"url":"Sequence"}
	],
	"lives": [
    {
      "name": "live2",
      "type": 0,
      "url": "https://mirror.ghproxy.com/https://raw.githubusercontent.com/1245410/Luck/main/live.txt",
      "ua": "okhttp/3.12.13",
      "epg": "http://epg.112114.xyz/?ch={name}&date={date}",
      "logo": "https://epg.112114.xyz/logo/{name}.png"
    }
  ],
	"ijk": [
		{
			"group": "硬解码",
			"options": [
				{
					"category": 4,
					"name": "opensles",
					"value": "0"
				},
				{
					"category": 4,
					"name": "overlay-format",
					"value": "842225234"
				},
				{
					"category": 4,
					"name": "framedrop",
					"value": "1"
				},
				{
					"category": 4,
					"name": "soundtouch",
					"value": "1"
				},
				{
					"category": 4,
					"name": "start-on-prepared",
					"value": "1"
				},
				{
					"category": 1,
					"name": "http-detect-range-support",
					"value": "0"
				},
				{
					"category": 1,
					"name": "fflags",
					"value": "fastseek"
				},
				{
					"category": 2,
					"name": "skip_loop_filter",
					"value": "48"
				},
				{
					"category": 4,
					"name": "reconnect",
					"value": "1"
				},
				{
					"category": 4,
					"name": "enable-accurate-seek",
					"value": "0"
				},
				{
					"category": 4,
					"name": "mediacodec",
					"value": "1"
				},
				{
					"category": 4,
					"name": "mediacodec-auto-rotate",
					"value": "1"
				},
				{
					"category": 4,
					"name": "mediacodec-handle-resolution-change",
					"value": "1"
				},
				{
					"category": 4,
					"name": "mediacodec-hevc",
					"value": "1"
				},
				{
					"category": 1,
					"name": "dns_cache_timeout",
					"value": "600000000"
				}
			]
		},
		{
			"group": "软解码",
			"options": [
				{
					"category": 4,
					"name": "opensles",
					"value": "0"
				},
				{
					"category": 4,
					"name": "overlay-format",
					"value": "842225234"
				},
				{
					"category": 4,
					"name": "framedrop",
					"value": "1"
				},
				{
					"category": 4,
					"name": "soundtouch",
					"value": "1"
				},
				{
					"category": 4,
					"name": "start-on-prepared",
					"value": "1"
				},
				{
					"category": 1,
					"name": "http-detect-range-support",
					"value": "0"
				},
				{
					"category": 1,
					"name": "fflags",
					"value": "fastseek"
				},
				{
					"category": 2,
					"name": "skip_loop_filter",
					"value": "48"
				},
				{
					"category": 4,
					"name": "reconnect",
					"value": "1"
				},
				{
					"category": 4,
					"name": "enable-accurate-seek",
					"value": "0"
				},
				{
					"category": 4,
					"name": "mediacodec",
					"value": "0"
				},
				{
					"category": 4,
					"name": "mediacodec-auto-rotate",
					"value": "0"
				},
				{
					"category": 4,
					"name": "mediacodec-handle-resolution-change",
					"value": "0"
				},
				{
					"category": 4,
					"name": "mediacodec-hevc",
					"value": "0"
				},
				{
					"category": 1,
					"name": "dns_cache_timeout",
					"value": "600000000"
				}
			]
		}
	],
	"ads": [
		"mimg.0c1q0l.cn",
		"www.googletagmanager.com",
		"www.google-analytics.com",
		"mc.usihnbcq.cn",
		"mg.g1mm3d.cn",
		"mscs.svaeuzh.cn",
		"cnzz.hhttm.top",
		"tp.vinuxhome.com",
		"cnzz.mmstat.com",
		"www.baihuillq.com",
		"s23.cnzz.com",
		"z3.cnzz.com",
		"c.cnzz.com",
		"stj.v1vo.top",
		"z12.cnzz.com",
		"img.mosflower.cn",
		"tips.gamevvip.com",
		"ehwe.yhdtns.com",
		"xdn.cqqc3.com",
		"www.jixunkyy.cn",
		"sp.chemacid.cn",
		"hm.baidu.com",
		"videocdn-znjson.cos.ap-guangzhou.cluod.cn/v9-default-nsdsb",
		"s9.cnzz.com",
		"z6.cnzz.com",
		"um.cavuc.com",
		"mav.mavuz.com",
		"wofwk.aoidf3.com",
		"z5.cnzz.com",
		"xc.hubeijieshikj.cn",
		"tj.tianwenhu.com",
		"xg.gars57.cn",
		"k.jinxiuzhilv.com",
		"cdn.bootcss.com",
		"ppl.xunzhuo123.com",
		"xomk.jiangjunmh.top",
		"img.xunzhuo123.com",
		"z1.cnzz.com",
		"s13.cnzz.com",
		"xg.huataisangao.cn",
		"z7.cnzz.com",
		"xg.huataisangao.cn",
		"z2.cnzz.com",
		"s96.cnzz.com",
		"q11.cnzz.com",
		"thy.dacedsfa.cn",
		"xg.whsbpw.cn",
		"s19.cnzz.com",
		"z8.cnzz.com",
		"s4.cnzz.com",
		"f5w.as12df.top",
		"ae01.alicdn.com",
		"www.92424.cn",
		"k.wudejia.com",
		"vivovip.mmszxc.top",
		"qiu.xixiqiu.com",
		"cdnjs.hnfenxun.com",
		"cms.qdwght.com"
	]
 }
