{




"spider":"https://agit.ai/guot54/ygbh/raw/branch/master/JAR/0606.jar;md5;3A017244A8B8691E10152BBCA9C4DE6F",

"lives":[


    
{
      "name": "live",
      "url": "http://52bsj.vip:81/api/v3/file/get/79119/ZB.txt?sign=iChDXDC7WJRTp7yWAyVdbY3si5sJ5eFwEgaR35YQGSo%3D%3A0",
      "type": 0,
      "epg": "http://epg.51zmt.top:8000/api/diyp/?ch={name}&date={date}",
      "logo": "https://epg.112114.xyz/logo/{name}.png",
      "ua": "Mozilla/5.0 (Windows NT 10.0; Win64; x64) AppleWebKit/537.36 (KHTML, like Gecko) Chrome/108.0.0.0 Safari/537.36"
    },    
    {"group":"redirect",
    "channels":[{
    "name":"redirect",
    "urls":["proxy://do=live&type=txt&ext=aHR0cDovLzUyYnNqLnZpcDo4MS9hcGkvdjMvZmlsZS9nZXQvNzkxMTkvWkIudHh0P3NpZ249aUNoRFhEQzdXSlJUcDd5V0F5VmRiWTNzaTVzSjVlRndFZ2FSMzVZUUdTbyUzRCUzQTA="]}]
    }],
"sites":[
  
{
            "key": "js豆瓣1",
            "name": "🌈免费接口，请勿贩售 公众号：宝盒没宝",
            "type": 3,
            "api": "https://agit.ai/guot54/ygbhx/raw/branch/master/lib/drpy2.min.js",
            "ext": "https://agit.ai/guot54/ygbh/raw/branch/master/JS/29_022812_drpy.js",
            "searchable": 0,
            "quickSearch": 0,
            "filterable": 0
        },{"key":"好趣网","name":"📺电视直播","type":3,"api":"https://agit.ai/guot54/ygbhx/raw/branch/master/lib/drpy2.min.js","ext":"https://agit.ai/guot54/ygbh/raw/branch/master/JS/%e5%a5%bd%e8%b6%a3%e7%bd%91.js"},{
      "key": "csp_liteApple",
      "name": "🍎小苹果",
      "type": 3,
      "api": "csp_XBPQ",
      "searchable": 1,
      "quickSearch": 1,
      "filterable": 1,
      "ext": "https://jihulab.com/ygbh1/box/-/raw/main/H/nmys2.json"
    },
    {
                "key": "maiyoux",
                "name": "maiyoux",
                "type": 3,
                "api": "https://agit.ai/guot54/ygbh/raw/branch/master/maiyoux_open.js"
            },{
            "key": "索尼",
            "name": "🛸索尼影视",
            "type": 1,
            "api": "https://suoniapi.com/api.php/provide/vod/?ac=list",
            "playUrl": "",
            "searchable": 1,
            "quickSearch": 1,
            "filterable": 1,
            "categories": ["动作片",
            "喜剧片",
            "爱情片",
            "科幻片",
            "恐怖片",
            "剧情片",
            "战争片",
            "国产剧",
            "欧美剧",
            "韩剧",
            "日剧",
            "港剧",
            "台剧",
	     "泰剧",
	     "记录片",
            "海外剧",
            "大陆综艺",
	    "日韩综艺",
	    "港台综艺",
	    "欧美综艺",
	     "足球",
	    "影视解说",
            "国产动漫"
          ]
        },{"key":"豪华资源","name":"🛫豪华原生","type":1,"api":"https://hhzyapi.com/api.php/provide/vod/","searchable":1,"quickSearch":1},
{"key":"主力源","name":"🚄索尼影视","type":1,"api":"https://suoniapi.com/api.php/provide/vod/?ac=list","playUrl":"","searchable":1,"quickSearch":1,"filterable":1,"categories":["科幻片","动作片","恐怖片","纪录片","爱情片","战争片","剧情片","喜剧片","大陆剧","港澳剧","台湾剧","欧美剧","动漫电影","韩剧","日剧","泰剧"]},
{"key":"暴风采集","name":"🚄暴风影音","type":1,"api":"https://app.bfzyapi.com/api.php/provide/vod/","playUrl":"","categories":["国产剧","国产动漫","动作片","科幻片","剧情片","喜剧片","爱情片","恐怖片","战争片","香港剧","台湾剧","日本剧","欧美剧","泰国剧","日本动漫","综艺频道","大陆综艺","港台综艺","日本综艺","新马泰综艺","纪录片"]},
{"key":"OXS","name":"🚆O先生影视","type":3,"api":"csp_XBPQ","searchable":1,"quickSearch":1,"filterable":1,"ext":{"分类url":"https://www.osirmovie.com/vodshow/{cateId}-{area}-{by}-{class}-----{catePg}---{year}.html","分类":"电影$1#电视剧$2#综艺$3#动漫$4"}},
{"key":"csp_AppYsV2_嘉靓","name":"🚍嘉靓影视","type":3,"api":"csp_AppYsV2","playerType":2,"searchable":1,"quickSearch":1,"filterable":1,"ext":"http://cms.jialiangos.com/api.php/app/"},  {
      "key": "49zy",
      "name": "🍚49影视",
      "type": 1,
      "api": "https://49zyw.com/api.php/provide/vod/?ac=list",
      "searchable": 1,
      "quickSearch": 1,
      "filterable": 1,
      "changeable": 1,
      "categories": [
        "国产剧",
        "纪录片",
        "欧美剧",
        "香港剧",
        "动作片",
        "爱情片",
        "科幻片",
        "恐怖片",
        "剧情片",
        "战争片",
        "喜剧片",
        "动画片",
        "犯罪片",
        "韩国剧",
        "动漫",
        "电影",
        "大陆综艺",
        "港台综艺",
        "日韩综艺",
        "欧美综艺",
        "台湾剧",
        "国产动漫",
        "日本动漫",
        "欧美动漫",
        "泰国剧",
        "日剧",
        "电影解说",
        "奇幻片",
        "灾难片",
        "悬疑片",
        "其他片",
        "体育赛事",
        "海外剧"
      ]
    }, {"key":"drpy_js_追剧猫","name":"🐱追剧猫","type":3,"api":"https://agit.ai/guot54/ygbhx/raw/branch/master/lib/drpy2.min.js","ext":"https://agit.ai/guot54/ygbh/raw/branch/master/JS/rjm.js"},
     {
      "key": "csp_FreeOK",
      "name": "💰️富瑞影视",
      "type": 3,
      "api": "csp_XBPQ",
      "searchable": 1,
      "quickSearch": 1,
      "filterable": 1,
      "ext": "https://jihulab.com/ygbh1/box/-/raw/main/H/free.json"
    },{
      "key": "AppYs_南瓜",
      "name": "🎇南瓜影视",
      "type": 3,
      "playerType": 2,
      "api": "https://agit.ai/Yemaozhi123/yemao/raw/branch/master/lib/drpy2.min.js",
      "changeable": 0,
      "searchable": 1,
      "quickSearch": 1,
      "ext": "https://gitcode.net/m0_73989217/ymz/-/raw/master/JS/%E5%8D%97%E7%93%9C.js"
    },  {
      "key": "Xinsj",
      "name": "👓新视觉",
      "type": 3,
      "api": "csp_Xinsj",
      "searchable": 1,
      "quickSearch": 1,
      "changeable": 1,
      "ext": "https://www.6080yy3.com/","jar": "https://jihulab.com/ygbh1/box/-/raw/main/JAR/fan.jar"
    },  
   {"key":"csp_XBPQTVB影视","name":"☁️极速云播","type":3,"api":"csp_xBPQ","searchable":1,"quickSearch":1,"filterable":1,"ext":"http://52bsj.vip:81/api/v3/file/get/63303/TVB%E4%BA%91%E6%92%AD%28xBPQ%29.json?sign=D7u6b1vB57heVQdexskilQyAnu6CAOY0J1gIxm0wDvs%3D%3A0","jar":"http://52bsj.vip:81/api/v3/file/get/61833/xBPQ_1106.jar?sign=OVzxP6WlxeCthygathb2n4nXosg5HkE6NM9vkf3IFVk%3D%3A0"},{"key":"csp_WoGG","name":"📀阿里玩偶|4K","type":3,"api":"csp_WoGG","searchable":1,"quickSearch":1,"filterable":1,"ext": "http://127.0.0.1:9978/file/tvfan/token.txt+4k|fhd|auto$$$http://tvfan.xxooo.cf/","jar": "https://agit.ai/guot54/ygbh/raw/branch/master/JAR/f.jar"},

        {"key":"csp_Kunyu77","name":"🌍77影视","type":3,"api":"csp_Kunyu77","searchable":1,"quickSearch":1,"filterable":1,"jar": "https://agit.ai/guot54/ygbh/raw/branch/master/JAR/83.jar"},{"key":"乐猪影视","name":"🐖乐猪影视","type":3,"api":"csp_XBPQ","searchable":1,"quickSearch":1,"filterable":1,"ext":"https://agit.ai/guot54/ygbh/raw/branch/master/h/lezhu.json"},{"key":"sc影视","name":"🌸盛城影视","type":3,"api":"csp_XBPQ","searchable":1,"quickSearch":1,"filterable":1,"ext":"https://agit.ai/guot54/ygbh/raw/branch/master/h/sc1080.json"},{"key":"suying影视","name":"🍓速映影视","type":3,"api":"csp_XBPQ","searchable":1,"quickSearch":1,"filterable":1,"ext":"https://agit.ai/guot54/ygbh/raw/branch/master/h/suying.json"},{"key":"笑笑影视","name":"🌹笑笑影视","type":3,"api":"csp_XBPQ","searchable":1,"quickSearch":1,"filterable":1,"ext":"https://agit.ai/guot54/ygbh/raw/branch/master/h/xiaoxiao.json"},{ "key": "365", "name": "🌙365秒播", "type": 3, "api":"csp_AppYsV2","searchable":1,"quickSearch":1,"filterable":1,"ext":"http://guan.yy365.vip/api.php/app/"},{"key":"畅梦","name":"🍋畅梦秒播","type":3,"api":"https://agit.ai/guot54/ygbhx/raw/branch/master/lib/drpy2.min.js","ext":"https://agit.ai/guot54/ygbh/raw/branch/master/h/changmeng.js"},
        {"key":"csp_Ddys","name":"⛳低端影视","type":3,"api":"csp_Ddys","searchable":1,"quickSearch":1,"filterable":1,"jar": "https://agit.ai/guot54/ygbh/raw/branch/master/JAR/83.jar"},{"key":"达达龟","name":"🐢哒哒龟","type":3,"api":"csp_XBPQ","searchable":1,"quickSearch":1,"filterable":0,"playerType": "1","ext":"https://agit.ai/guot54/ygbh/raw/branch/master/h/dadagui.json"},
        {
      "key": "csp_zxzj",
      "name": "📗超前点播",
      "type": 3,
      "api": "csp_Zxzj",
      "searchable": 1,
      "quickSearch": 1,
      "filterable": 1,
      "ext": "https://www.zxzj.pro/"
    }, {"key":"drpy_js_超前点播","name":"🍌VIP影视","type":3,"api":"https://agit.ai/guot54/ygbhx/raw/branch/master/lib/drpy2.min.js","ext":"https://jihulab.com/ygbh1/box/-/raw/main/yg/js/%E8%B6%85%E5%89%8D%E7%82%B9%E6%92%AD.js"}, 
	{"key":"csp_YQKAPP","name":"👩‍👦一起看电视","type":3,"api":"csp_YQKAPP","playerType":2,"searchable":1,"quickSearch":1,"filterable":1,"ext":"https://api-aws.11ty.top"},
	{"key": "csp_XYQHiker_臭蛋蛋影视","name":"🎗臭蛋蛋影视","type":3,"api":"csp_XYQHiker","searchable":1,"quickSearch":1,"filterable":1,"ext":"https://agit.ai/guot54/ygbh/raw/branch/master/h/cdd.json","jar": "https://agit.ai/guot54/ygbh/raw/branch/master/JAR/83.jar"},
 {
      "key": "瑞丰",
      "name": "🌈彩虹影视",
      "type": 3,
      "api": "csp_AppYs",
      "jar": "http://xhww.fun:63/小米/5.jar;md5;c570b052645834a1109b54421c1552f9",
      "searchable": 1,
      "quickSearch": 1,
      "filterable": 1,
      "ext": "http://www.miniku.cc/xgapp.php/v2/"
    }, {
      "key": "落落",
      "name": "️🍇落落APP",
      "type": 3,
      "api": "csp_AppYs",
      "jar": "http://xhww.fun:63/小米/5.jar;md5;c570b052645834a1109b54421c1552f9",
      "searchable": 1,
      "quickSearch": 1,
      "filterable": 1,
      "ext": "http://tv.hyjy666.top/icciu_api.php/v1.vod"
    }, {
            "key" : "drpy_js_蛋蛋剧",
            "name" : "🥚蛋蛋影视剧",
            "type" : 3,
            "api" : "https://agit.ai/guot54/ygbhx/raw/branch/master/lib/drpy2.min.js",
            "ext" : "https://jihulab.com/ygbh1/box/-/raw/main/yg/js/%E8%9B%8B%E8%9B%8B%E5%89%A7.js"
        }, {
            "key":"drpy_js_Voflix",
            "name":"🍭Voflix",
            "type":3,
            "api":"https://agit.ai/guot54/ygbhx/raw/branch/master/lib/drpy2.min.js",
            "ext":"https://xhdwc.tk/js/Voflix.js"
        },{
            "key":"drpy_js_子子影视",
            "name":"🥏子子影视",
            "type":3,
            "api":"https://agit.ai/guot54/ygbhx/raw/branch/master/lib/drpy2.min.js",
            "ext":"https://xhdwc.tk/js/子子影视.js"
        }, {
      "key": "厂长",
      "name": "🏭厂长影视",
      "type": 3,
      "api": "csp_Czsapp",
      "searchable": 1,
      "quickSearch": 1,
      "filterable": 1,
      "playerType": 2,
      "ext": "https://cz01.me/"
    },{ "key":"drpy_js_素白白", "name":"🍧素白白", "type":3, "api":"https://agit.ai/guot54/ygbhx/raw/branch/master/lib/drpy2.min.js", "ext":"https://agit.ai/guot54/ygbh/raw/branch/master/h/sbb.js" },  { "key":"drpy_js_sh", "name":"💄骚火电影", "type":3, "api":"https://agit.ai/guot54/ygbhx/raw/branch/master/lib/drpy2.min.js", "ext":"https://agit.ai/guot54/ygbh/raw/branch/master/h/sh.js" }, 
    {"key": "csp_XBPQ_6V",
  "name": "🌙宝盒4K磁力",
  "type": 3,
  "api": "csp_XBPQ",
  "searchable": 1,
  "quickSearch": 1,
  "filterable": 1,
  "ext":"https://agit.ai/guot54/ygbh/raw/branch/master/XB/6V%e7%a3%81.json"},
          {
      "key": "荐片",
      "name": "🧲荐片磁力",
      "type": 3,
      "playerType": "1",
      "api": "https://agit.ai/guot54/ygbhx/raw/branch/master/lib/drpy2.min.js",
      "ext": "https://agit.ai/guot54/ygbh/raw/branch/master/JS/jp.js"
    },{
      "key": "555一（APP）",
      "name": "🌙555（APP）",
      "type": 3,
      "api": "csp_AppYsV2",
      "ext": "https://555dy3.com/api.php/app/"
   },
   {
      "key": "旧梦影视（APP）",
      "name": "🌙旧梦影视（APP）",
      "type": 3,
      "api": "csp_AppYsV2",
      "ext": "http://43.139.139.17:4433/api.php/app/"
   },
   {
      "key": "大米星球（APP）",
      "name": "🌙大米星球（APP）",
      "type": 3,
      "api": "csp_AppYsV2",
      "ext": "https://dmdy2.vip/api.php/app/"
   },
   {
      "key": "HOHO（APP）",
      "name": "🌙HOHO（APP）",
      "type": 3,
      "api": "csp_AppYsV2",
      "ext": "https://hoho.tv/api.php/app/"
   },
   {
      "key": "落攻阁（APP）",
      "name": "🌙落攻阁（APP）",
      "type": 3,
      "api": "csp_AppYsV2",
      "ext": "https://www.lggys.cn/api.php/app/"
   },
   {
      "key": "空气屋（APP）",
      "name": "🌙空气屋（APP）",
      "type": 3,
      "api": "csp_AppYsV2",
      "ext": "https://www.airfun.fun/xgapp.php/v2/"
   },
   {
      "key": "布衣（APP）",
      "name": "🌙布衣（APP）",
      "type": 3,
      "api": "csp_AppYsV2",
      "ext": "https://byyy5.com/api.php/app/"
   },
   {
      "key": "明帝（APP）",
      "name": "🌙明帝（APP）",
      "type": 3,
      "api": "csp_AppYsV2",
      "ext": "https://ys.md214.cn/api.php/app/"
   },
   {
      "key": "速看100（APP）",
      "name": "🌙速看100（APP）",
      "type": 3,
      "api": "csp_AppYsV2",
      "ext": "https://sk100.tv/api.php/app/"
   },
   {
      "key": "木白（APP）",
      "name": "🌙木白（APP）",
      "type": 3,
      "api": "csp_AppYsV2",
      "ext": "https://www.chiguafilm.com/api.php/v1.vod "
   },
   {
      "key": "阿里（APP）",
      "name": "🌙阿里（APP）",
      "type": 3,
      "api": "csp_AppYsV2",
      "ext": "http://aliys.cn:91/api.php/v1.vod"
   },
   {
      "key": "看剧吧（APP）",
      "name": "🌙看剧吧（APP）",
      "type": 3,
      "api": "csp_AppYsV2",
      "ext": "http://app.ishen520.com/api.php/v1.vod "
   },
   {
      "key": "宝仙（APP）",
      "name": "🌙宝仙（APP）",
      "type": 3,
      "api": "csp_AppYsV2",
      "ext": "https://webdillo.com/api.php/app/"
   },
   {
      "key": "何以（APP）",
      "name": "🌙何以（APP）",
      "type": 3,
      "api": "csp_AppYsV2",
      "ext": "http://www.heyik.cn/api.php/v1.vod"
   },
   {
      "key": "少泽影客（APP）",
      "name": "🌙少泽影客（APP）",
      "type": 3,
      "api": "csp_AppYsV2",
      "ext": "https://yk.shaozeyy.com/api.php/app/"
   },
   {
      "key": "无限影视网（APP）",
      "name": "🌙无限影视网（APP）",
      "type": 3,
      "api": "csp_AppYsV2",
      "ext": "https://www.wxtv.net/api.php/app/"
   },
   {
      "key": "TV酷（APP）",
      "name": "🌙TV酷（APP）",
      "type": 3,
      "api": "csp_AppYsV2",
      "ext": "https://www.tvkuys.xyz/api.php/app/"
   },{
      "key": "天天美剧网（APP）",
      "name": "🌙天天美剧网（APP）",
      "type": 3,
      "api": "csp_AppYsV2",
      "ext": "https://www.ttmja.com/api.php/app/"
   },
   {
      "key": "迷你库（APP）",
      "name": "🌙迷你库（APP）",
      "type": 3,
      "api": "csp_AppYsV2",
      "ext": "http://www.miniku.cc/xgapp.php/v1/"
   },
   {
      "key": "真爱（APP）",
      "name": "🌙真爱（APP）",
      "type": 3,
      "api": "csp_AppYsV2",
      "ext": "https://www.chiguafilm.com/api.php/v1.vod "
   },
   {
      "key": "悟空（APP）",
      "name": "🌙悟空（APP）",
      "type": 3,
      "api": "csp_AppYsV2",
      "ext": "http://dapi.pntao.com/api.php/v1.vod "
   },
   {
      "key": "君离（APP）",
      "name": "🌙君离（APP）",
      "type": 3,
      "api": "csp_AppYsV2",
      "ext": "http://jlys6.top/mogai_api.php/v1.vod"
   },
   {
      "key": "映迷（APP-搜索需用繁体字、海外源需挂梯子）",
      "name": "🌙映迷（APP）",
      "type": 3,
      "api": "csp_AppYsV2",
      "ext": "https://www.inmi.app/xgapp.php/v1/"
   }, { "key": "csp_XYQHiker_‍dyx", "name": "🧲电影磁力4k", "type": 3, "api": "csp_XYQHiker", "searchable": 1, "quickSearch": 1, "filterable": 1, "ext": "https://agit.ai/guot54/ygbh/raw/branch/master/XB/dyg.json","jar": "https://agit.ai/guot54/ygbh/raw/branch/master/JAR/spider.txt;md5;B880BBAD2845D16CFB86CCA0331B2621"},
        {"key": "csp_Mp4Mov","name": "🧲Mp4电影","type": 3,"api": "csp_Mp4Mov","searchable": 1,"quickSearch": 1,"filterable": 1,"jar": "https://agit.ai/guot54/ygbh/raw/branch/master/JAR/83.jar"},
        {"key": "csp_New6v","name": "🧲新6V","type": 3,"api": "csp_New6v","searchable": 1,"quickSearch": 1,"filterable": 1,"ext":"http://www.xb6v.com","jar": "https://agit.ai/guot54/ygbh/raw/branch/master/JAR/83.jar"},
        {"key":"csp_SeedHub","name":"🧲SeedHub","type":3,"api":"csp_SeedHub","playerType":1,"searchable":1,"quickSearch":1,"filterable":1,"jar": "https://agit.ai/guot54/ygbh/raw/branch/master/JAR/83.jar"},
        {"key":"csp_KubaCL","name":"🧲酷吧电影","type":3,"api":"csp_KubaCL","playerType":1,"searchable":1,"quickSearch":1,"filterable":1,"jar": "https://agit.ai/guot54/ygbh/raw/branch/master/JAR/83.jar"},
        {"key":"csp_MeijuTT","name":"🧲美剧天堂","type":3,"api":"csp_MeijuTT","playerType":1,"searchable":1,"quickSearch":1,"filterable":1,"jar": "https://agit.ai/guot54/ygbh/raw/branch/master/JAR/83.jar"},
        {"key":"csp_MeijuMi","name":"🧲美剧迷","type":3,"api":"csp_MeijuMi","playerType":1,"searchable":1,"quickSearch":1,"filterable":1,"jar": "https://agit.ai/guot54/ygbh/raw/branch/master/JAR/83.jar"},
        {"key":"csp_BLSGod","name":"🧲80S影视","type":3,"api":"csp_BLSGod","playerType":1,"searchable":1,"quickSearch":1,"filterable":1,"jar": "https://agit.ai/guot54/ygbh/raw/branch/master/JAR/83.jar"},
        {
       "key":"bdcili",
       "name":"🧲哔嘀磁力",
       "type":3,
       "api":"csp_XYQHiker",
       "searchable":1,
       "quickSearch":1,
       "filterable":1,
       "playerType":1,  
       "parse":0,
       "ext":"https://agit.ai/guot54/ygbh/raw/branch/master/h/bd.json",
       "jar": "https://agit.ai/guot54/ygbh/raw/branch/master/JAR/cl.jar"
    },
        {"key":"csp_Xunlei8","name":"🧲迅雷吧","type":3,"api":"csp_Xunlei8","playerType":1,"searchable":1,"quickSearch":1,"filterable":1,"jar": "https://agit.ai/guot54/ygbh/raw/branch/master/JAR/83.jar"},
        {"key": "csp_XYQHikerAL_4KHDR","name":"🧲📀4KHDR(盘/磁)","type":3,"api":"csp_XYQHikerAL","playerType":1,"searchable":0,"quickSearch":0,"filterable":1,"ext":"https://agit.ai/guot54/ygbh/raw/branch/master/h/4KHDR.json","jar": "https://agit.ai/guot54/ygbh/raw/branch/master/JAR/83.jar"},
        {"key": "csp_XYQHiker_BT天堂","name":"🧲✈️BT天堂","type":3,"api":"csp_XYQHiker","searchable":1,"quickSearch":1,"filterable":1,"ext":"https://agit.ai/guot54/ygbh/raw/branch/master/h/BT%e5%a4%a9%e5%a0%82.json","jar": "https://agit.ai/guot54/ygbh/raw/branch/master/JAR/83.jar"},
        {"key": "csp_XYQHiker_极影网","name":"🧲极影网","type":3,"api":"csp_XYQHiker","searchable":1,"quickSearch":1,"filterable":1,"ext":"https://agit.ai/guot54/ygbh/raw/branch/master/h/%e6%9e%81%e5%bd%b1%e7%bd%91.json","jar": "https://agit.ai/guot54/ygbh/raw/branch/master/JAR/83.jar"},
         {"key":"七夜","name":"📀阿里七夜4K","type":3,"api":"csp_Dovx","searchable":1,"filterable":0,"changeable":0,"ext": "http://127.0.0.1:9978/file/tvfan/token.txt+4k|fhd|auto$$$http://tvfan.xxooo.cf/","jar": "https://agit.ai/guot54/ygbh/raw/branch/master/JAR/f.jar"},
{"key":"Gitcafe","name":"📀阿里纸条","type":"3","api":"csp_Paper","searchable":"1","quickSearch":"1","filterable":"1","ext":"http://ali.饭太硬.ml/alitoken","jar": "https://agit.ai/guot54/ygbh/raw/branch/master/JAR/f.jar"},
    {"key":"Upso","name":"📀阿里云搜","type":"3","api":"csp_UpYun","searchable":"1","quickSearch":"1","filterable":"1","ext":"http://ali.饭太硬.ml/alitoken","jar": "https://agit.ai/guot54/ygbh/raw/branch/master/JAR/f.jar"},
    {"key":"Zhaozy","name":"📀阿里资源","type":"3","api":"csp_Zhaozy","searchable":"1","quickSearch":"1","filterable":"1","ext":"http://ali.饭太硬.ml/alitoken$$$yingshi$$$abcd1234","jar": "https://agit.ai/guot54/ygbh/raw/branch/master/JAR/f.jar"},
    {"key":"YiSo","name":"📀阿里易搜","type":"3","api":"csp_YiSo","searchable":"1","quickSearch":"1","filterable":"1","ext":"http://127.0.0.1:9978/file/tvfan/token.txt+4k|fhd|auto","jar": "https://agit.ai/guot54/ygbh/raw/branch/master/JAR/f.jar"},
    {"key":"AliPS","name":"📀阿里盘搜","type":"3","api":"csp_PanSou","searchable":"1","quickSearch":"1","filterable":"1","ext":"http://127.0.0.1:9978/file/tvfan/token.txt+4k|fhd|auto","jar": "https://agit.ai/guot54/ygbh/raw/branch/master/JAR/f.jar"},
   {
      "key": "TuGou",
      "name": "📀阿里狗搜索",
      "type": 3,
      "api": "csp_TuGou",
      "searchable": 1,
      "quickSearch": 1,
      "changeable": 0,
      "ext": "http://127.0.0.1:9978/file/tvfan/token.txt"
    ,"jar": "https://agit.ai/guot54/ygbh/raw/branch/master/JAR/f.jar"},
    {
      "key": "UpYun",
      "name": "📀阿里Up搜索",
      "type": 3,
      "api": "csp_UpYun",
      "searchable": 1,
      "quickSearch": 1,
      "filterable": 0,
      "changeable": 0,
      "ext": "http://127.0.0.1:9978/file/tvfan/token.txt+4k|fhd|auto"
    ,"jar": "https://agit.ai/guot54/ygbh/raw/branch/master/JAR/f.jar"},
    {
      "key": "PanSearch",
      "name": "📀阿里盘搜索",
      "type": 3,
      "api": "csp_PanSearch",
      "searchable": 1,
      "quickSearch": 1,
      "filterable": 0,
      "ext": "http://127.0.0.1:9978/file/tvfan/token.txt+4k|fhd|auto"
    ,"jar": "https://agit.ai/guot54/ygbh/raw/branch/master/JAR/0613.jar"}, 
	  {
      "key": "小艺",
      "name": "🥩小艺影视",
      "type": 3,
      "api": "csp_AppYsV2",
      "searchable": 1,
      "quickSearch": 1,
      "filterable": 1,
      "ext": "https://lg.tvcms.top/api.php/app/"
    },   
{
      "key": "cjzy_快看",
      "name": "👁️‍🗨️快看",
      "type": 1,
      "api": "https://kuaikan-api.com/api.php/provide/vod/from/kuaikan/",
      "playUrl": "",
      "changeable": 1,
      "playerType": 2,
      "categories": [
        "国产剧",
        "港台剧",
        "国产动漫",
        "日韩剧",
        "欧美剧",
        "海外剧",
        "动作片",
        "爱情片",
        "剧情片",
        "科幻片",
        "奇幻片",
        "战争片",
        "犯罪片",
        "恐怖片",
        "悬疑片",
        "惊悚片",
        "冒险片"
      ]
    },
 {"key": "csp_XBPQ_yl影院",
  "name": "🐉御龙高清",
  "type": 3,
  "api": "csp_XBPQ",
  "searchable": 1,
  "quickSearch": 1,
  "filterable": 1,
  "ext":"https://jihulab.com/ymz1231/json/-/raw/main/御龙高清.json"}, 
 
{ 
   "key": "直播转点播", 
   "name": "🐼电视直播", 
   "type": 3, 
   "api": "https://agit.ai/guot54/ygbh/raw/branch/master/JS/%e7%9b%b4%e6%92%ad%e8%bd%ac%e5%88%86%e7%ba%bf%e7%82%b9%e6%92%ad2.js", 
   "ext": "https://agit.ai/guot54/ygbh/raw/branch/master/zB/%e7%9b%b4%e6%92%ad.js" 
  },
  {
            "key": "酷影",
            "name": "😎酷影视",
            "type": 3,
            "api": "csp_AppYsV2",
            "searchable": 1,
            "quickSearch": 1,
            "filterable": 1,
            "ext": "http://124.222.175.111:89/api.php/app/"
        },
    	{
            "key" : "drpy_js_007",
            "name" : "🎫007电影",
            "type" : 3,
            "api" : "https://agit.ai/guot54/TVBOXZY/raw/branch/main/JS/lib/drpy.min.js",
            "ext" : "http://52bsj.vip:81/api/v3/file/get/155350/007%E5%BD%B1%E8%A7%86.js?sign=EkntLloZ5Uy72KNgioKclay4YDRZtPXWpw2hCdQApuE%3D%3A0"
        },
        {
            "key" : "drpy_js_NIKE影视",
            "name" : "📞NIKE影视",
            "type" : 3,
            "api" : "https://agit.ai/guot54/TVBOXZY/raw/branch/main/JS/lib/drpy.min.js",
            "ext" : "http://52bsj.vip:81/api/v3/file/get/155398/Nike%E5%BD%B1%E8%A7%86.js?sign=EdVfcAVZsJLm7zD131x4NvQIQj2B3ZAfB3y3JFFLP7o%3D%3A0"
        },
        {
      "key": "csp_fantuan",
      "name": "🍙饭团影视",
      "type": 3,
      "api": "csp_Fantuan",
      "playerType": 1,
      "searchable": 1,
      "quickSearch": 1,
      "filterable": 1
      ,"jar": "https://files.zohopublic.com.cn/public/workdrive-public/download/uyv0t678c488189af47bb91dc108484d17431;md5;09baf4a03d362d96f0fc14085c343191"
    },
        {
            "key" : "drpy_js_139",
            "name" : "🎞139电影",
            "type" : 3,
            "api" : "https://agit.ai/guot54/TVBOXZY/raw/branch/main/JS/lib/drpy.min.js",
            "ext" : "http://52bsj.vip:81/api/v3/file/get/155352/139%E5%BD%B1%E8%A7%86.js?sign=ezVUJAHaQY2oCFMZaSeE9XYlaZpamu_Hr35Fz1JH7s8%3D%3A0"
        },	
     {
      "key": "csp_黄黄",
      "name": "😎黄黄影视",
      "api": "csp_AppYsV2",
      "type": 3,
      "filterable": 1,
      "quickSearch": 1,
      "searchable": 1,
      "ext": "https://yayayaaapp.ynf.icu/api.php/app/"
    },
    
{
      "key": "量子",
      "name": "🍡量子",
      "type": 0,
      "api": "https://cj.lziapi.com/api.php/provide/vod/at/xml/",
      "searchable": 1,
      "changeable": 1,
      "categories": [
        "国产动漫",
        "日韩动漫",
        "国产剧",
        "韩国剧",
        "日本剧",
        "电影片",
        "连续剧",
        "综艺片",
        "动漫片",
        "动作片",
        "喜剧片",
        "爱情片",
        "科幻片",
        "恐怖片",
        "剧情片",
        "战争片",
        "台湾剧",
        "香港剧",
        "欧美剧",
        "记录片",
        "海外剧",
        "泰国剧",
        "大陆综艺",
        "港台综艺",
        "日韩综艺",
        "欧美综艺",
        "欧美动漫",
        "港台动漫",
        "海外动漫",
        "体育",
        "足球",
        "篮球",
        "网球",
        "斯诺克"
      ]
    },
    {
      "key": "非凡",
      "name": "🍉非凡",
      "type": 0,
      "api": "http://cj.ffzyapi.com/api.php/provide/vod/at/xml/",
      "searchable": 1,
      "changeable": 1,
      "categories": [
        "国产动漫",
        "日韩动漫",
        "国产剧",
        "韩国剧",
        "日本剧",
        "电影片",
        "连续剧",
        "综艺片",
        "动漫片",
        "动作片",
        "喜剧片",
        "爱情片",
        "科幻片",
        "恐怖片",
        "剧情片",
        "战争片",
        "香港剧",
        "欧美剧",
        "记录片",
        "台湾剧",
        "海外剧",
        "泰国剧",
        "大陆综艺",
        "港台综艺",
        "日韩综艺",
        "欧美综艺",
        "欧美动漫",
        "港台动漫",
        "海外动漫"
      ]
    },
  { "key": "csp_XYQHikerlg4k", "name": "💋云盘4k", "type": 3, "api": "csp_XYQHiker", "searchable": 1, "quickSearch": 1, "filterable": 1, "ext": "https://jihulab.com/ymz1231/json/-/raw/main/4KHDR.json","jar": "https://agit.ai/guot54/ygbh/raw/branch/master/JAR/spider.txt;md5;B880BBAD2845D16CFB86CCA0331B2621"}, { "key": "csp_XYQHiker4klg", "name": "💅🏻原盘4k", "type": 3, "api": "csp_XYQHiker", "searchable": 1, "quickSearch": 1, "filterable": 1, "ext": "https://jihulab.com/ymz1231/json/-/raw/main/%E4%B8%AD%E5%9B%BD%E8%93%9D%E5%85%89%E7%BD%91.json","jar": "https://agit.ai/guot54/ygbh/raw/branch/master/JAR/spider.txt;md5;B880BBAD2845D16CFB86CCA0331B2621"}, {"key":"csp_yt","name":"🥳YT4K","type":3,"api":"csp_AppYsV2","m3u8ads": "hd.youyhn.com","searchable":1,"quickSearch":1,"filterable":1,"ext":"https://www.lfytv.cn/api.php/app/"}, { "key": "csp_饭团", "name": "🦄饭团4K", "type": 3, "api": "csp_XBPQ", "searchable": 1, "quickSearch": 1, "filterable": 1, "ext": "https://jihulab.com/ymz1231/json/-/raw/main/%E9%A5%AD%E5%9B%A2.json"}, { "key": "csp_dbg", "name": "👺量子4K", "type": 3, "api":"csp_XYQHiker", "searchable": 1, "quickSearch": 1, "filterable": 1, "ext": "https://jihulab.com/ymz1231/json/-/raw/main/%E5%A4%A7%E8%A1%A8%E5%93%A5%E5%BD%B1%E9%99%A2.json","jar": "https://agit.ai/guot54/ygbh/raw/branch/master/JAR/spider.txt;md5;B880BBAD2845D16CFB86CCA0331B2621"}, { "key": "csp_xpath_yinfans", "name": "💥音范丝4K", "type": 3, "api": "csp_XPath", "searchable": 1, "quickSearch": 1, "filterable": 1, "ext": "https://jihulab.com/ymz1231/json/-/raw/main/音范丝.json"},  { "key": "狐狸", "name": "🦊狐狸蓝光", "type": 3, "api": "csp_AppYsV2", "searchable": 1, "quickSearch": 1, "filterable": 1, "ext": "https://www.kuin.one/api.php/app/" }, 
       {"key":"csp_MeiJu69","name":"🗽69美剧","api":"csp_AppYsV2","type":3,"filterable":1,"quickSearch":1,"searchable":1,"ext":"https://www.69mj.com/xgapp.php/v2/"},

     {"key":"csp_Lgyy","name":"🌀蓝光直连","type":3,"api":"csp_Lgyy","searchable":1,"quickSearch":1,"filterable":1,"ext":"https://www.lgyy.vip"},

       {
            "key" : "drpy_js_子子影视",
            "name" : "☁️子子影视",
            "type" : 3,
            "api" : "https://agit.ai/guot54/TVBOXZY/raw/branch/main/JS/lib/drpy.min.js",
            "ext" : "https://jihulab.com/ygbh1/box/-/raw/main/JS/js/%E5%AD%90%E5%AD%90%E5%BD%B1%E8%A7%86.js"
        },
        
{"key":爱迪V2,"name":"💡️爱迪影视","type":3,"api":"csp_AppYsV2","ext":"https://aidiapp.xyz/xgapp.php/v2/"}, 
  {      "key": "csp_Alist1",      "name": "🅿Alist┃网盘",      "type": 3,      "api": "csp_AList",      "searchable": 1,      "quickSearch": 0,      "filterable": 0,      "ext": "https://agit.ai/guot54/ygbh/raw/branch/master/cangku/alist.json"    },     
{
            "key" : "drpy_js_8k影视",
            "name" : "🎠8K影视",
            "type" : 3,
            "api" : "https://agit.ai/guot54/TVBOXZY/raw/branch/main/JS/lib/drpy.min.js",
            "ext" : "http://52bsj.vip:81/api/v3/file/get/155366/8K%E5%BD%B1%E8%A7%86.js?sign=BsI4EAocrguSxa8rzS0TJtft-Vy7qrb6uatmPfIw3nY%3D%3A0"
        },
    
        {
            "key" : "drpy_js_263",
            "name" : "🎟MV263",
            "type" : 3,
            "api" : "https://agit.ai/guot54/TVBOXZY/raw/branch/main/JS/lib/drpy.min.js",
            "ext" : "http://52bsj.vip:81/api/v3/file/get/155397/MV263.js?sign=ZGUTsiwGV5cpOqA2m27WBkbX_qDrmQoKfa4KKbGIORo%3D%3A0"
        },
        {
            "key" : "drpy_js_乐于",
            "name" : "🧧乐鱼影视",
            "type" : 3,
            "api" : "https://agit.ai/guot54/TVBOXZY/raw/branch/main/JS/lib/drpy.min.js",
            "ext" : "http://52bsj.vip:81/api/v3/file/get/155416/%E4%B9%90%E9%B1%BC%E5%BD%B1%E8%A7%86.js?sign=5cbuYtzuDSGA47liLWDNOMFVO7YonaWL89C7r-ADO5U%3D%3A0"
        },
        {
            "key" : "drpy_js_7喜",
            "name" : "🎯7喜影院",
            "type" : 3,
            "api" : "https://agit.ai/guot54/TVBOXZY/raw/branch/main/JS/lib/drpy.min.js",
            "ext" : "http://52bsj.vip:81/api/v3/file/get/155364/7%E5%96%9C%E5%BD%B1%E9%99%A2.js?sign=Eq8B6YPER0qmF5uZyFMnl6qWJVHSU53V_zmz-6Yvq9o%3D%3A0"
        },
        {
      "key": "csp_Dy1010",
      "name": "❤️双十影视",
      "type": 3,
      "api": "csp_Dy1010",
      "searchable": 1,
      "quickSearch": 1,
      "filterable": 1
    },

  {
      "key": "csp_555",
      "name": "5⃣五五影视",
      "type": 3,
      "api": "csp_Ys555",
      "searchable": 1,
      "quickSearch": 1,
      "filterable": 1,
      "ext": "https://www.555dyy1.com"
    },
       {
      "key": "csp_Bd",
      "name": "💥哔嘀影视",
      "type": 3,
      "api": "csp_Bdys01",
      "searchable": 1,
      "quickSearch": 1,
      "filterable": 1
    },
        {
            "key": "csp_XBPQ秋霞影视",
            "name": "️🍂秋霞影视",
            "type": 3,
            "api": "csp_XBPQ",
            "searchable": 1,
            "quickSearch": 1,
            "filterable": 0,
            "ext": {
                "分类": "电影$1#连续剧$2#动漫$4#综艺$3",
                "分类url": "https://www.qiuxia360.com/vodshow/{cateId}-{area}-{by}-{class}-----{catePg}---{year}.html;;val",
                "跳转播放链接": "https://www.jfxz689.com/?url=+vod_class*url\":\"&&\"+&tm=+\"tm\":&&,+&key=+\"key\"*\"&&\"",
                "二次跳转播放链接": "https://www.jfxz689.com/API.php;post;url=+\"url\"*\"&&\"+&time=+\"time\"*\"&&\"+&key=+\"key\"*\"&&\"",
                "三次跳转播放链接": "\"url\"*\"&&\""
            }
        },
{
            "key": "csp_AppMr",
            "name": "🕺小明影视",
            "type": 3,
            "api": "csp_AppMr",
            "searchable": 1,
            "quickSearch": 1,
            "filterable": 1
            ,"jar": "http://我不是.肥猫.love:63/Jar/pandaQ230614c.jar;md5;FE290599BF2EF6D202B92B9B733F776F"
        },
        {
            "key": "csp_DiDuan",
            "name": "⏮️低端影视",
            "type": 3,
            "api": "csp_Ddrk",
            "click": "ddys.tv;#vjsp>button",
            "searchable": 1,
            "quickSearch": 1,
            "filterable": 0
        },
{"key":"mtv_pc_焦炭影视","name":"🔥焦炭影视","type":3,"api":"csp_Cokemv","searchable":1,"quickSearch":1,"filterable":1}, 
{"key":"csp_Bttoo","name":"🐞两个BT","type":3,"api":"csp_Bttoo","searchable":1,"quickSearch":1,"filterable":1},
{
            "key" : "drpy_js_多米",
            "name" : "🍚多米影视",
            "type" : 3,
            "api" : "https://agit.ai/guot54/TVBOXZY/raw/branch/main/JS/lib/drpy.min.js",
            "ext" : "http://52bsj.vip:81/api/v3/file/get/155398/Nike%E5%BD%B1%E8%A7%86.js?sign=EdVfcAVZsJLm7zD131x4NvQIQj2B3ZAfB3y3JFFLP7o%3D%3A0"
        },
{"key":"csp_Bttwoo","name":"✌2BT(SP)","type":3,"api":"csp_Bttwoo","searchable":1,"quickSearch":1,"filterable":1},
{"key":"sliu_spider", "name":"💎石榴丨影视", "type":3,"api":"csp_ShiLiuDY","filterable":1,"quickSearch":1,"playerType":2, "searchable":1,"jar":"https://gitlab.com/ygbh1/666/-/raw/main/JAR/panda1123.jar;md5; b1106a30c00023fc614c127cea04a331"},
 {"key":"csp_Auete","name":"🏝Aue(SP)","type":3,"api":"csp_Auete","searchable":1,"quickSearch":1,"filterable":1},
 {
            "key" : "drpy_js_人人影视",
            "name" : "📞人人影视",
            "type" : 3,
            "api" : "https://agit.ai/guot54/TVBOXZY/raw/branch/main/JS/lib/drpy.min.js",
            "ext" : "http://52bsj.vip:81/api/v3/file/get/155433/%E5%86%B7%E6%9B%A6%E5%BD%B1%E8%A7%86.js?sign=taamroaWkefLuU96niZUnEAk2ZU7O4H7sVkQTy6Fn5w%3D%3A0"
        },
    {      "key": "csp_Bd",      "name": "💥哔嘀影视",      "type": 3,      "api": "csp_Bdys01",      "playerType": 1,      "searchable": 1,      "quickSearch": 1,      "filterable": 1    }, 
{      "key": "csp_SP33",      "name": "📺三三┃解析",      "type": 3,      "api": "csp_SP33",      "searchable": 1,      "quickSearch": 1,      "filterable": 1,      "changeable": 0    },    {      "key": "Qtv",      "name": "🐧腾讯解析",      "type": 3,      "api": "csp_Qtv",      "searchable": 1,      "quickSearch": 1,      "filterable": 1,      "changeable": 0    }, {"key":"drpy_js_优酷","name":"🏓优酷解析","type":3,"api":"https://agit.ai/guot54/ygbhx/raw/branch/master/lib/drpy2.min.js","ext":"https://jihulab.com/ygbh1/box/-/raw/main/JS/js/%E4%BC%98%E9%85%B7.js"},   {      "key": "Itv",      "name": "🥝爱奇艺解析",      "type": 3,      "api": "csp_Itv",      "quickSearch": 1,      "searchable": 1,      "filterable": 1,      "changeable": 0    },    {      "key": "Mtv",      "name": "🍋芒果解析",      "type": 3,      "api": "csp_Mtv",      "searchable": 1,      "quickSearch": 1,      "filterable": 1,      "changeable": 0    }, 
{"key":"csp_XBPQ吼吼影视","name":"🎞️吼吼影视〔XBPQ〕","type":3,"api":"csp_xBPQ","searchable":1,"quickSearch":1,"filterable":1,"ext":"http://52bsj.vip:81/api/v3/file/get/63304/%E5%90%BC%E5%90%BC%28xBPQ%29.json?sign=V7Jqm42NGjs5jP8Hn7gqamNtCAMLulk5paVu0cSN7mI%3D%3A0","jar":"http://52bsj.vip:81/api/v3/file/get/61833/xBPQ_1106.jar?sign=OVzxP6WlxeCthygathb2n4nXosg5HkE6NM9vkf3IFVk%3D%3A0"},

{"key":"csp_Bili","name":"🅱哔哩套餐","type": 3,"api": "csp_Bili","searchable": 0,"quickSearch": 0,"filterable": 1,"ext":"http://52bsj.vip:81/api/v3/file/get/64479/bilibili_2.json?sign=mT70lhyOd_pHJHA8zEjxouiG97eo0C26Ga-GP0HAB4M%3D%3A0","jar": "https://agit.ai/guot54/ygbh/raw/branch/master/JAR/XYQ.jar"},
{"key": "演唱会","name": "🅱️演唱会","type": 3,"api": "csp_Bili","searchable": 0,"quickSearch": 0,"filterable": 1,"ext": "http://52bsj.vip:81/api/v3/file/get/33114/%E6%BC%94%E5%94%B1%E4%BC%9A.json?sign=JgZ1FuOl12vukIkRas_T4v4Zg_l999m2JVHDiqhGLic%3D%3A0","jar":"https://agit.ai/guot54/ygbh/raw/branch/master/JAR/XYQ.jar"},
{"key": "戏曲","name": "🅱️戏曲","type": 3,"api": "csp_Bili","searchable": 0,"quickSearch": 0,"filterable": 1,"ext": "http://52bsj.vip:81/api/v3/file/get/33115/%E6%88%8F%E6%9B%B2.json?sign=dKQjA0Cnr7RHc3NkFbhjCLD7AmXE6SD5OF8pDlONKxs%3D%3A0","jar":"https://agit.ai/guot54/ygbh/raw/branch/master/JAR/XYQ.jar"},
{"key": "MV","name": "🅱️歌曲MV","type": 3,"api": "csp_Bili","searchable": 0,"quickSearch": 0,"filterable": 1,"ext": "http://52bsj.vip:81/api/v3/file/get/33112/%E6%AD%8C%E6%9B%B2MV.json?sign=KB_Qwrac-uvlJFIVoaZNoyFKolNnM9ETQxd61-_wRsE%3D%3A0","jar": "https://agit.ai/guot54/ygbh/raw/branch/master/JAR/83.jar"},
{"key": "少儿","name": "🅱️教育","type": 3,"api": "csp_Bili","searchable": 0,"quickSearch": 0,"filterable": 0,"ext": "http://52bsj.vip:81/api/v3/file/get/33113/%E5%B0%91%E5%84%BF%E6%95%99%E8%82%B2.json?sign=M9Yy0JDj_uwsAsiHY0YChEk27S55kj30rdi_3zU7Nb4%3D%3A0","jar":"https://agit.ai/guot54/ygbh/raw/branch/master/JAR/XYQ.jar"},
{"key": "CCTV","name": "CCTV","type": 3,"api": "csp_Bili","searchable": 0,"quickSearch": 0,"filterable": 0,"ext": "http://52bsj.vip:81/api/v3/file/get/104886/cctv.json?sign=EHC5fvr6tlsLuThY5HAghaF8T-9xQZ2aj7QFrkQw0VE%3D%3A0","jar": "https://agit.ai/guot54/ygbh/raw/branch/master/JAR/XYQ.jar"},
{"key": "csp_xpath_A33","name": "🎸MTV","type": 3,"api": "csp_XPath","searchable": 1,"quickSearch": 0,"filterable": 1,"ext": "http://52bsj.vip:81/api/v3/file/get/31693/mtv.json?sign=zzAxHDF7eAXNvp55rUpNfuLy31ZfUJyLTpWxwE_plBc%3D%3A0"},
{"key":"push_agent","name":"🍭推送（爱优腾/磁力/阿里）","type":3,"api":"csp_PushAgent","searchable":0,"quickSearch":0,"filterable":0,"ext":"cfe35d11f40b4872b3f6e35388b16181","jar":"http://52bsj.vip:81/api/v3/file/get/40056/%E5%8E%9F%E7%94%BB.jar?sign=Dnj7Fy_zQPEegI4pHmr7QcT8Q6ujk8tiyBjD_kn8TTk%3D%3A0"},

{
      "key":"csp_XYQBiu_短视频",
      "name":"📱短视频分享(XYQ)",
      "type":3,
      "api":"csp_XYQBiu",
      "searchable":1,
      "quickSearch":1,
      "filterable":0,
       "ext":"http://52bsj.vip:81/api/v3/file/get/46402/dsp.json?sign=UA_8tuogF31HMhrGVyNOy3aKApOec1WtlMoUYfQT-bM%3D%3A0"
    },

{
            "key" : "drpy_js_虎牙",
            "name" : "🦷虎牙直播",
            "type" : 3,
            "api" : "https://agit.ai/guot54/TVBOXZY/raw/branch/main/JS/lib/drpy.min.js",
            "ext" : "https://agit.ai/guot54/ygbh/raw/branch/master/JS/HY%e7%9b%b4%e6%92%ad.js"
        },

{
      "key": "csp_XYQBiu_斗鱼",
      "name": "🐟斗鱼直播",
      "type": 3,
      "api": "csp_XYQBiu",
      "searchable": 0,
      "quickSearch": 0,
      "filterable": 0,
      "ext": "https://agit.ai/guot54/ygbh/raw/branch/master/XYQ/%e6%96%97%e9%b1%bc%e7%9b%b4%e6%92%ad.json"
    },
{"key":"csp_Yj1211","name": "📽️在线直播","type": 3,"api": "csp_Yj1211","searchable": 1,"quickSearch": 1,"filterable": 1},
        {
            "key": "csp_XPath_企鹅体育",
            "name": "🐧企鹅体育",
            "type": 3,
            "api": "csp_XPath",
            "searchable": 0,
            "quickSearch": 0,
            "filterable": 0,
            "ext": "http://我不是.肥猫.love:63/json/企鹅直播.json"
        },
        {
            "key": "dr_88看球",
            "name": "🏀八八看球",
            "type": 3,
            "api": "https://agit.ai/guot54/ygbhx/raw/branch/master/lib/drpy2.min.js",
            "searchable": 0,
            "quickSearch": 0,
            "filterable": 0,
            "ext": "https://mirror.ghproxy.com/https://raw.githubusercontent.com/guot55/YGBH/main/h/88k.js"
        },
        {
            "key": "drpy_js_JRKAN直播",
            "name": "🏀JRS看球",
            "type": 3,
            "api": "http://alist.xn--z7x900a.love:63/drpy2.min.js",
            "ext": "http://alist.xn--z7x900a.love:63/JRKAN直播.js"
        },
{
            "key" : "drpy_js_蜻蜓FM",
            "name" : "📻蜻蜓FM",
            "type" : 3,
            "api" : "https://agit.ai/guot54/TVBOXZY/raw/branch/main/JS/lib/drpy.min.js",
            "ext" : "https://jihulab.com/ygbh1/box/-/raw/main/JS/js/%E8%9C%BB%E8%9C%93FM.js"
        },
        {
            "key" : "drpy_js_喜马拉雅",
            "name" : "🌙喜马拉雅",
            "type" : 3,
            "api" : "https://agit.ai/guot54/TVBOXZY/raw/branch/main/JS/lib/drpy.min.js",
            "ext" : "https://jihulab.com/ygbh1/box/-/raw/main/JS/js/%E5%96%9C%E9%A9%AC%E6%8B%89%E9%9B%85.js"
        },
        {
            "key" : "drpy_js_DJ音乐",
            "name" : "🎵DJ音乐",
            "type" : 3,
            "api" : "https://agit.ai/guot54/TVBOXZY/raw/branch/main/JS/lib/drpy.min.js",
            "ext" : "https://jihulab.com/ygbh1/box/-/raw/main/JS/js/DJ%E9%9F%B3%E4%B9%90.js"
        },
         {
            "key" : "drpy_js_兔小贝",
            "name" : "🎈兔小贝",
            "type" : 3,
            "api" : "https://agit.ai/guot54/TVBOXZY/raw/branch/main/JS/lib/drpy.min.js",
            "ext" : "https://agit.ai/guot54/ygbh/raw/branch/master/JS/%e5%85%94%e5%b0%8f%e8%b4%9d.js"
        },
 {
      "key": "少儿教育",
      "name": "📚少儿教育",
      "type": 3,
      "api": "csp_Bili",
      "searchable": 0,
      "quickSearch": 0,
      "filterable": 1,
      "ext": "https://agit.ai/guot54/ygbh/raw/branch/master/bil/%e5%b0%91%e5%84%bf%e6%95%99%e8%82%b2.json","jar": "https://agit.ai/guot54/ygbh/raw/branch/master/JAR/XYQ.jar"
    },
    {
      "key": "小学课堂",
      "name": "📚小学课堂",
      "type": 3,
      "api": "csp_Bili",
      "searchable": 0,
      "quickSearch": 0,
      "filterable": 1,
      "ext": "https://agit.ai/guot54/ygbh/raw/branch/master/bil/%e5%b0%8f%e5%ad%a6%e8%af%be%e5%a0%82.json","jar": "https://agit.ai/guot54/ygbh/raw/branch/master/JAR/XYQ.jar"
    },
    {
      "key": "初中课堂",
      "name": "📚初中课堂",
      "type": 3,
      "api": "csp_Bili",
      "searchable": 0,
      "quickSearch": 0,
      "filterable": 1,
      "ext": "https://agit.ai/guot54/ygbh/raw/branch/master/bil/%e5%88%9d%e4%b8%ad%e8%af%be%e5%a0%82.json","jar": "https://agit.ai/guot54/ygbh/raw/branch/master/JAR/XYQ.jar"
    },
    {
      "key": "高中教育",
      "name": "📚高中课堂",
      "type": 3,
      "api": "csp_Bili",
      "searchable": 0,
      "quickSearch": 0,
      "filterable": 1,
      "ext": "https://agit.ai/guot54/ygbh/raw/branch/master/bil/%e9%ab%98%e4%b8%ad%e8%af%be%e5%a0%82.json","jar": "https://agit.ai/guot54/ygbh/raw/branch/master/JAR/XYQ.jar"
    },
{      "key": "csp_Dm84",      "name": "🚌动漫巴士",      "type": 3,      "api": "csp_Dm84",      "searchable": 1,      "quickSearch": 1,      "filterable": 1    },    {      "key": "csp_Ying",      "name": "💮樱花动漫",      "type": 3,      "api": "csp_Ying",      "searchable": 1,      "quickSearch": 1,      "filterable": 1    },    {      "key": "csp_Ysj",      "name": "🎀异界动漫",      "type": 3,      "api": "csp_Ysj",      "searchable": 1,      "quickSearch": 1,      "filterable": 1    },    {      "key": "csp_Anime1",      "name": "🐾日本动漫",      "type": 3,      "api": "csp_Anime1",      "searchable": 1,      "quickSearch": 1,      "filterable": 1    }, 
    {"key":"22","name":"接口仅供测试，请勿贩售","type":0,"api":""},
    {"key":"18","name":"请勿相信视频中的任何广告","type":0,"api":""}
     
],


"parses":[
 {
            "name": "Json轮询",
            "type": 2,
            "url": "Sequence"
        },
        {
            "name": "Json并发",
            "type": 2,
            "url": "Parallel"
        },
        {
            "name": "解析聚合",
            "type": 3,
            "url": "Demo"
        },
{"name":"蓝光秒播","type":1,"url":"http://27.124.4.42:4567/jhjson/ceshi.php?url=","ext":{"flag":["qq","qiyi","mgtv","youku","letv","sohu","xigua","1905","优播线路","腾播线路"],"header":{"User-Agent":"Dart/2.14 (dart:io)"}}},
       {
            "name": "666",
            "type": 1,
            "url": "http://27.124.4.42:4567/jhjson/ceshi.php?url="
        },
        {
            "name": "777",
            "type": 1,
            "url": "https://jx.777jiexi.com/player/?url="
        },
        {
            "name": "小城解析",
            "type": 1,
            "url": "https://jx.777jiexi.com/player/?url="
        },
        {"name":"官解","type":1,"url":"http://110.42.2.247:880/analysis/json/?uid=2449&my=acfgikquvzFGJRW459&url=","ext":{"flag":["qq","腾讯","qiyi","爱奇艺","奇艺","youku","优酷","mgtv","芒果","letv","乐视","pptv","PPTV","sohu","bilibili","哔哩哔哩","哔哩"],"header":{"User-Agent":"okhttp/4.1.0"}}},
        {
            "name": "小新解析",
            "type": 1,
            "url": "https://jx.777jiexi.com/player/?url="
        },
        {
            "name": "小鱼解析",
            "type": 1,
            "url": "https://jx.777jiexi.com/player/?url="
        },
        {
            "name": "parwix稳定",
            "type": 0,
            "url": "https://jx.bozrc.com:4433/player/?url=",
            "ext": {
                "flag": [
                    "qq",
                    "腾讯",
                    "qiyi",
                    "iqiyi",
                    "爱奇艺",
                    "奇艺",
                    "youku",
                    "优酷",
                    "mgtv",
                    "芒果",
                    "letv",
                    "乐视",
                    "pptv",
                    "PPTV",
                    "sohu",
                    "bilibili",
                    "哔哩哔哩",
                    "哔哩"
                ]
            }
        },
        {
            "name": "keyu",
            "type": 1,
            "url": "http://newjiexi.gotka.top/keyu3.php?url=",
            "ext": {
                "flag": [
                    "qq",
                    "腾讯",
                    "qiyi",
                    "爱奇艺",
                    "奇艺",
                    "youku",
                    "优酷",
                    "mgtv",
                    "芒果",
                    "letv",
                    "乐视",
                    "pptv",
                    "PPTV",
                    "sohu",
                    "bilibili",
                    "哔哩哔哩",
                    "哔哩"
                ],
                "header": {
                    "User-Agent": "okhttp/4.1.0"
                }
            }
        },
  {"name":"lk","type":1,"url":"https://k.json.icu/home/api?type=ys&uid=6399107&key=bdlmrswBDHIKZ01238&url="},
 { "name": "TVB云播","type": 1,"url": "https://jxm.qwrev534.top/?url="},

 {"name":"777","type": 0,"url":"https://jx.777jiexi.com/player/?url="},
 {"name": "1","type":0,"url":"https://jxdp.codermart.net/?url="},
 {"name":"AG","type":0,"url":"https://www.codjx.com/?url="},
 {
      "name": "月",
      "type": 0,
      "url": "https://jx.xmflv.com/?url="
    },
{"name":"光","type":1,"url":"http://pandown.pro/app/ysmjx.php?url=","ext":{"flag":["qq","腾讯","qiyi","爱奇艺","奇艺","youku","优酷","mgtv","芒果","letv","乐视","pptv","PPTV","sohu","bilibili","哔哩哔哩","哔哩"],"header":{"User-Agent":"okhttp/4.1.0"}}},
{"name":"宝","type":1,"url":"http://jx.fuqizhishi.com:63/API.php?appkey=feimao&url="},
{"name":"盒","type":0,"url":" https://tljiaqing.nde.tw/m3u8/?url="},
{"name":"BOX","type":1,"url":"http://45.248.10.163:4433/json.php?wap=0&url="},
{"name":"解析","type":0,"url":"https://h5.freejson.xyz/player/?url="},
{"name":"解析2","type":1,"url":"rxjx.kuanjv.com/allm3u8.php?url="},
{"name":"解析4","type":1,"url":"http://lanlan.ckflv.cn/?url=","ext":{"flag":["qiyi","qq","letv","sohu","youku","mgtv","bilibili","wasu","xigua","1905"]}},
{"name":"解析5","type":1,"url":"https://www.1920lgzy.top/json.php?url=","ext":{"header":{"User-Agent":"Mozilla/5.0"}}},
{"name":"解析6","type":1,"url":"https://hc.izny.cn/json.php?url="},
{"name":"解析7","type":1,"url":"https://rx.bt5v.com/json/jsonindex.php/?url="},
{"name":"解析8","type":1,"url":"https://www.nxflv.com/?url=","header":{"User-Agent":"Mozilla/5.0"}},
{"name":"解析9","type":1,"url":"http://3.37.195.161:54371/parse/api/无名.js?url=","header":{"User-Agent":"Mozilla/5.0"}}
],




"rules": [
    {
      "name": "量子",
      "hosts": [
        "vip.lz",
        "hd.lz"
      ],
      "regex": [
        "#EXT-X-DISCONTINUITY\\r*\\n*#EXTINF:6.433333,[\\s\\S]*?#EXT-X-DISCONTINUITY",
        "#EXTINF.*?\\s+.*?1o.*?\\.ts\\s+"
      ]
    },
    {
      "name": "非凡",
      "hosts": [
        "vip.ffzy",
        "hd.ffzy"
      ],
      "regex": [
        "#EXT-X-DISCONTINUITY\\r*\\n*#EXTINF:6.666667,[\\s\\S]*?#EXT-X-DISCONTINUITY",
        "#EXTINF.*?\\s+.*?1o.*?\\.ts\\s+"
      ]
    },
    {
      "name": "火山",
      "hosts": [
        "huoshan.com"
      ],
      "regex": [
        "item_id="
      ]
    },
    {
      "name": "抖音",
      "hosts": [
        "douyin.com"
      ],
      "regex": [
        "is_play_url="
      ]
    }
  ],
 
  "flags": [
    "youku",
    "优酷",
    "优 酷",
    "优酷视频",
    "qq",
    "腾讯",
    "腾 讯",
    "腾讯视频",
    "iqiyi",
    "qiyi",
    "奇艺",
    "爱奇艺",
    "爱 奇 艺",
    "m1905",
    "xigua",
    "letv",
    "leshi",
    "乐视",
    "乐 视",
    "sohu",
    "搜狐",
    "搜 狐",
    "搜狐视频",
    "tudou",
    "pptv",
    "mgtv",
    "芒果",
    "imgo",
    "芒果TV",
    "芒 果 T V",
    "bilibili",
    "哔 哩",
    "哔 哩 哔 哩"
  ],
"wallpaper":"https://picsum.photos/1080/","warningText":"月光宝盒完全免费，切勿付费购买。",
  "ads": [
    "wan.51img1.com",
    "iqiyi.hbuioo.com",
    "vip.ffzyad.com",
    "https://lf1-cdn-tos.bytegoofy.com/obj/tos-cn-i-dy/455ccf9e8ae744378118e4bd289288dd"
  ]
}
