
 {/*所有资源均收集于网络大佬，如有侵权，请联系我立即处理",
 需要本地包，请加入微信公众号:业余打发,
 "qq群已经满了，请关注公众号文章中qq频道二维码扫码进频道"*/  
 
 "spider": "https://mirror.ghproxy.com/https://raw.githubusercontent.com/yyfxz/fxz/main/jar/fan.jar", 
 "wallpaper": "http://饭太硬.ga/深色壁纸/api.php",
 "warningText": "接口完全免费，切勿付费购买。",
 "lives": [
    {
      "name": "影视",
      "url": "https://mirror.ghproxy.com/https://raw.githubusercontent.com/yyfxz/fxz/main/v.txt",
      "type": 0,
      "epg": "http://epg.51zmt.top:8000/api/diyp/?ch={name}&date={date}",
      "logo": "https://epg.112114.xyz/logo/{name}.png",
      "ua": "Mozilla/5.0 (Windows NT 10.0; Win64; x64) AppleWebKit/537.36 (KHTML, like Gecko) Chrome/108.0.0.0 Safari/537.36"
    }
],
 "sites": [ 
    {
      "key":"drpy_js_豆瓣",
      "name":"豆瓣｜搜索",
      "type":3,
      "api":"https://mirror.ghproxy.com/https://raw.githubusercontent.com/yyfxz/fxz/main/js/drpy2.min.js",
      "ext":"https://mirror.ghproxy.com/https://raw.githubusercontent.com/yyfxz/fxz/main/js/drpy.js"
    },
    {
        "key": "本地",
        "name": "本地",
        "type": 3,
        "api": "csp_Local",
        "searchable": 0,
        "filterable": 0,
        "changeable": 0,
        "jar": "https://mirror.ghproxy.com/https://raw.githubusercontent.com/yyfxz/fxz/main/jar/fm.jar"
    },
    {
        "key": "AList",
        "name": "AList",
        "type": 3,
        "api": "csp_AList",
        "searchable": 1,
        "filterable": 1,
        "changeable": 0,
        "ext": "https://mirror.ghproxy.com/https://raw.githubusercontent.com/yyfxz/fxz/main/Bili/alist.json",
        "jar": "https://mirror.ghproxy.com/https://raw.githubusercontent.com/yyfxz/fxz/main/jar/fm.jar"
    },
    { 
	    "key": "csp_WoGG",
        "name": "👽玩偶哥哥┃4K",
        "type": 3,
        "api": "csp_WoGG",
        "searchable": 1,
        "quickSearch": 1,
        "filterable": 1,
        "ext": "http://127.0.0.1:9978/file/tvbox/tok.txt"
    }, 
    {
       "key": "csp_apple",
       "name": "🍎苹果┃App",
       "type": 3,
       "api": "csp_LiteApple",
       "playerType": 1,
       "searchable": 1,
       "quickSearch": 1,
       "filterable": 1
    },
    {
      "key": "csp_Dy1010",
      "name": "❤双十┃直连",
      "type": 3,
      "api": "csp_Dy1010",
      "searchable": 1,
      "quickSearch": 1,
      "filterable": 1
    },
    {
      "key": "csp_Nmys",
      "name": "🌾农民┃直连",
      "type": 3,
      "api": "csp_Nmys",
      "searchable": 1,
      "quickSearch": 1,
      "filterable": 1,
      "ext": "https://mirror.ghproxy.com/https://raw.githubusercontent.com/yyfxz/fxz/main/Nmys/nmys.json"
    },
    {
      "key": "csp_Bd",
      "name": "💥哔嘀┃直连",
      "type": 3,
      "api": "csp_Bdys01",
      "searchable": 1,
      "quickSearch": 1,
      "filterable": 1
    },
    {
      "key": "Kuaikan",
      "name": "👀┃快看┃影视",
      "type": 3,
      "api": "csp_Kuaikan",
      "searchable": 1,
      "quickSearch": 1,
      "filterable": 1
    },
    {
        "key": "达达龟",
        "name": "🐢达达龟",
        "type": 3,
        "api": "csp_XPathFilter",
        "searchable": 1,
        "quickSearch": 1,
        "filterable": 0,
        "ext": "https://mirror.ghproxy.com/https://raw.githubusercontent.com/yyfxz/fxz/main/XYQHiker/dadagui.json"
    },
    {
        "key": "石榴影视",
        "name": "🐾石榴影视",
        "type": 3,
        "api": "csp_XBPQ",
        "searchable": 1,
        "quickSearch": 1,
        "filterable": 1,
        "ext": "https://mirror.ghproxy.com/https://raw.githubusercontent.com/yyfxz/fxz/main/XYQHiker/shiliu.json"
    },   
	{
       "key": "csp_77",
       "name": "👒七七┃App",
       "type": 3,
       "api": "csp_Kunyu77",
       "searchable": 1,
       "quickSearch": 1,
       "filterable": 1
    },
    {
       "key": "csp_XYQHiker皮皮鸭",
       "name": "🌸皮皮鸭┃嗅探",
       "type": 3,
       "api": "csp_XYQHiker",
       "searchable": 1,
       "quickSearch": 1,
       "filterable": 1,
       "ext": "https://mirror.ghproxy.com/https://raw.githubusercontent.com/yyfxz/fxz/main/XYQHiker/皮皮鸭.json"
    },
    {
       "key": "csp_XYQHiker素白白",
       "name": "🌸素白白┃嗅探",
       "type": 3,
       "api": "csp_XYQHiker",
       "searchable": 1,
       "quickSearch": 1,
       "filterable": 0,
       "ext": "https://mirror.ghproxy.com/https://raw.githubusercontent.com/yyfxz/fxz/main/XYQHiker/素白白.json"
    },
	{
       "key": "csp_BuLei",
       "name": "💢布雷┃直连",
       "type": 3,
       "api": "csp_BuLei",
       "searchable": 1,
       "quickSearch": 1,
       "filterable": 1,
       "ext": "http://v.ilime.cc$$$auto$$$bulei$$$bulei"
    },
    {
       "key": "创艺影视",
       "name": "🍀创艺影视",
       "type": 3,
       "api": "https://mirror.ghproxy.com/https://raw.githubusercontent.com/yyfxz/fxz/main/js/drpy2.min.js",
       "ext": "https://mirror.ghproxy.com/https://raw.githubusercontent.com/yyfxz/fxz/main/js/chuangyi.js"
    },
   	{
       "key": "Xinsj",
       "name": "🌟┃视觉┃影视",
       "type": "3",
       "api": "csp_Xinsj",
       "searchable": "1",
       "quickSearch": "1",
       "filterable": "1",
       "ext": "https://www.6080dy3.com"
    },
	{
       "key": "csp_fantuan",
       "name": "🍙饭团┃直连",
       "type": 3,
       "api": "csp_Fantuan",
       "searchable": 1,
       "quickSearch": 1,
       "filterable": 1,
       "ext": "https://www.fantuanhd.com"
    },
	{
       "key": "csp_Lgyy",
       "name": "🌀蓝光┃直连",
       "type": 3,
       "api": "csp_Lgyy",
       "searchable": 1,
       "quickSearch": 1,
       "filterable": 1,
       "ext": "https://www.lgyy.vip"
    },
    {
       "key": "蓝光影院",
       "name": "💧蓝光影院",
       "type": 3,
       "api": "csp_XYQHiker",
       "searchable": 1,
       "quickSearch": 1,
       "filterable": 1,
       "ext": "https://mirror.ghproxy.com/https://raw.githubusercontent.com/yyfxz/fxz/main/XYQHiker/languang.json"
    },
    {
       "key": "lzi",
       "name": "🏭量子资源",
       "type": 1,
       "api": "https://cj.lziapi.com/api.php/provide/vod/",
       "searchable": 1,
       "quickSearch": 1,
       "filterable": 0,
       "categories": [
                "动作片",
                "喜剧片",
                "爱情片",
                "科幻片",
                "恐怖片",
                "剧情片",
                "战争片",
                "国产剧",
                "香港剧",
                "韩国剧",
                "欧美剧",
                "记录片",
                "台湾剧",
                "日本剧",
                "海外剧",
                "泰国剧",
                "大陆综艺",
                "港台综艺",
                "日韩综艺",
                "欧美综艺",
                "国产动漫",
                "日韩动漫",
                "欧美动漫",
                "港台动漫",
                "海外动漫",
                "伦理片"
            ]
    },
	{
       "key": "csp_AppMr",
       "name": "👻┃明明┃影视",
       "type": 3,
       "api": "csp_AppMr",
       "searchable": 1,
       "quickSearch": 1,
       "filterable": 1
    },
    {
       "key": "csp_Ysgc",
       "name": "🏭工厂┃直连",
       "type": 3,
       "api": "csp_Ysgc",
       "searchable": 1,
       "quickSearch": 1,
       "filterable": 1,
       "ext": "https://www.ysgc.vip"
    },
    {
       "key": "csp_panghu",
       "name": "🐯胖虎┃直连",
       "type": 3,
       "api": "csp_Panghu",
       "searchable": 1,
       "quickSearch": 1,
       "filterable": 1
    },
    {
       "key": "csp_555",
       "name": "5⃣555┃直连",
       "type": 3,
       "api": "csp_Ys555",
       "searchable": 1,
       "quickSearch": 1,
       "filterable": 1,
       "ext": "https://www.555dyy1.com"
    },
    {
       "key": "csp_MeiJu69",
       "name": "🗽69美剧┃直连",
       "api": "csp_AppYsV2",
       "type": 3,
       "filterable": 1,
       "quickSearch": 1,
       "searchable": 1,
       "ext": "https://www.69mj.com/xgapp.php/v2/"
    },
    {
       "key": "csp_SP33",
       "name": "📺三三┃解析",
       "type": 3,
       "api": "csp_SP33",
       "searchable": 1,
       "quickSearch": 1,
       "filterable": 1,
       "changeable": 0
    },
    {
       "key": "Qtv",
       "name": "🐧腾腾┃解析",
       "type": 3,
       "api": "csp_Qtv",
       "searchable": 1,
       "quickSearch": 1,
       "filterable": 1,
       "changeable": 0
    },
    {
       "key": "Itv",
       "name": "🥝爱爱┃解析",
       "type": 3,
       "api": "csp_Itv",
       "quickSearch": 1,
       "searchable": 1,
       "filterable": 1,
       "changeable": 0
    },
    {
       "key": "Mtv",
       "name": "🍋芒芒┃解析",
       "type": 3,
       "api": "csp_Mtv",
       "searchable": 1,
       "quickSearch": 1,
       "filterable": 1,
       "changeable": 0
    },
	{
       "key": "drpy_js_饭团影视",
       "name": "饭团影视[js]",
       "type": 3,
       "api": "https://mirror.ghproxy.com/https://raw.githubusercontent.com/yyfxz/fxz/main/js/drpy2.min.js",
       "ext": "https://mirror.ghproxy.com/https://raw.githubusercontent.com/yyfxz/fxz/main/js/饭团影视.js"
    },
    {
       "key": "drpy_js_优酷",
       "name": "优酷[js]",
       "type": 3,
       "api": "https://mirror.ghproxy.com/https://raw.githubusercontent.com/yyfxz/fxz/main/js/drpy2.min.js",
       "ext": "https://mirror.ghproxy.com/https://raw.githubusercontent.com/yyfxz/fxz/main/js/优酷.js"
    },
    {
       "key": "drpy_js_酷云77",
       "name": "酷云77[js]",
       "type": 3,
       "api": "https://mirror.ghproxy.com/https://raw.githubusercontent.com/yyfxz/fxz/main/js/drpy2.min.js",
       "ext": "https://mirror.ghproxy.com/https://raw.githubusercontent.com/yyfxz/fxz/main/js/酷云77.js"
    },
    {
       "key": "teng",
       "name": "🐧┃企鹅┃官源",
       "type": 3,
       "api": "csp_Qtv",
       "searchable": 1,
       "quickSearch": 1,
       "filterable": 1
    },
    {
       "key": "csp_SP360",
       "name": "📺┃360┃官源",
       "type": 3,
       "api": "csp_XBPQ",
       "searchable": 1,
       "quickSearch": 1,
       "filterable": 1,
       "ext": "https://mirror.ghproxy.com/https://raw.githubusercontent.com/yyfxz/fxz/main/XBPQ/360影视.json"
    },
    {
       "key": "MGT",
       "name": "🍋┃芒果┃官源",
       "type": 3,
       "api": "csp_Mtv",
       "searchable": 1,
       "quickSearch": 1,
       "filterable": 1
    },
{"key":"腾讯","name":"🐧腾讯┃官源","type":3,"api":"https://mirror.ghproxy.com/https://raw.githubusercontent.com/yyfxz/fxz/main/js/lib/drpy2.min.js","ext":"https://mirror.ghproxy.com/https://raw.githubusercontent.com/yyfxz/fxz/main/js/tengxun.js"},

{"key":"爱奇艺","name":"🥝奇艺┃官源","type":3,"api":"https://mirror.ghproxy.com/https://raw.githubusercontent.com/yyfxz/fxz/main/js/lib/drpy2.min.js","ext":"https://mirror.ghproxy.com/https://raw.githubusercontent.com/yyfxz/fxz/main/js/iqy.js"},

{"key":"优酷","name":"🆒优酷┃官源","type":3,"api":"https://mirror.ghproxy.com/https://raw.githubusercontent.com/yyfxz/fxz/main/js/lib/drpy2.min.js","ext":"https://mirror.ghproxy.com/https://raw.githubusercontent.com/yyfxz/fxz/main/js/youku.js"},

{"key":"360","name":"🔍360┃影视","type":3,"api":"https://mirror.ghproxy.com/https://raw.githubusercontent.com/yyfxz/fxz/main/js/lib/drpy2.min.js","ext":"https://mirror.ghproxy.com/https://raw.githubusercontent.com/yyfxz/fxz/main/js/360.js"},

{"key":"搜狗","name":"🐶搜狗┃官源","type":3,"api":"https://mirror.ghproxy.com/https://raw.githubusercontent.com/yyfxz/fxz/main/js/lib/drpy2.min.js","ext":"https://mirror.ghproxy.com/https://raw.githubusercontent.com/yyfxz/fxz/main/js/sougou.js"},

{"key":"芒果","name":"🥭芒果┃js官源","type":3,"api":"https://mirror.ghproxy.com/https://raw.githubusercontent.com/yyfxz/fxz/main/js/lib/drpy2.min.js","ext":"https://mirror.ghproxy.com/https://raw.githubusercontent.com/yyfxz/fxz/main/js/mangguo.js"},

{"key":"py_xigua","name":"🍉西瓜┃视频","type":3,"api":"py_xigua","searchable":0,"quickSearch":0,"filterable":0,"ext":"https://mirror.ghproxy.com/https://raw.githubusercontent.com/yyfxz/fxz/main/py/xigua.py"},
	{  "key": "csp_XYQHiker_野荷塘影院",
	   "name":"野荷塘影院",
	   "type":3,
	   "api":"csp_XYQHiker",
	   "searchable":1,
	   "quickSearch":1,
	   "filterable":1,
	   "ext":"https://mirror.ghproxy.com/https://raw.githubusercontent.com/yyfxz/fxz/main/XYQHiker/野荷塘影院.json"
	},
	{
		"key":"Gitcafe",
	    "name":"📀小纸条",
	    "type":3,
	    "api":"csp_Gitcafe",
	    "playerType":1,
	    "searchable":1,
	    "quickSearch":1,
	    "filterable":1,
	    "ext":"http://127.0.0.1:9978/file/tvbox/tok.txt",
	    "jar": "https://mirror.ghproxy.com/https://raw.githubusercontent.com/yyfxz/fxz/main/jar/xyq.jar"
    },
    {"key": "csp_XYQHiker_土狗搜索",
    "name":"📀土狗搜索(XYQH)",
    "type":3,
    "api":"csp_XYQHiker",
    "searchable":1,
    "quickSearch":1,
    "filterable":1,
    "ext":"https://mirror.ghproxy.com/https://raw.githubusercontent.com/yyfxz/fxz/main/XYQHiker/土狗搜索.json",
    "jar": "https://mirror.ghproxy.com/https://raw.githubusercontent.com/yyfxz/fxz/main/jar/xyq.jar"
    },
    {
		"key":"csp_Zhaozy",
        "name":"📀找资源",
        "type":3,
        "api":"csp_Zhaozy",
        "playerType":1,
        "searchable":1,
        "quickSearch":1,
        "filterable":0,
        "ext":"http://127.0.0.1:9978/file/tvbox/tok.txt$$$yannanfei$$$abcdefg"
    },
    {
		"key":"csp_AliPS",
        "name":"📀喵狸盘搜",
        "type":3,
        "api":"csp_AliPS",
        "playerType":1,
        "searchable":1,
        "quickSearch":1,
        "filterable":0,
        "ext":"http://127.0.0.1:9978/file/tvbox/tok.txt",
        "jar": "https://mirror.ghproxy.com/https://raw.githubusercontent.com/yyfxz/fxz/main/jar/fm.jar"
    },
    {
        "key": "盘搜",
        "name": "盘搜",
        "type": 3,
        "api": "csp_PanSou",
        "searchable": 1,
        "filterable": 0,
        "switchable": 0,
        "ext": "http://127.0.0.1:9978/file/tvbox/tok.txt"
    },
    {
        "key": "盤搜索",
        "name": "盤搜索",
        "type": 3,
        "api": "csp_PanSearch",
        "searchable": 1,
        "filterable": 0,
        "changeable": 0,
        "ext":"http://127.0.0.1:9978/file/tvbox/tok.txt"
    },
    {
		"key":"csp_Yisou",
        "name":"📀易搜",
        "type":3,
        "api":"csp_Yisou",
        "playerType":1,
        "searchable":1,
        "quickSearch":1,
        "filterable":0,
        "ext":"http://127.0.0.1:9978/file/tvbox/tok.txt"
    },
    {
		"key":"csp_Upyunso",
        "name":"📀UP云搜",
        "type":3,
        "api":"csp_Upyunso",
        "playerType":1,
        "searchable":1,
        "quickSearch":1,
        "filterable":0,
        "ext":"http://127.0.0.1:9978/file/tvbox/tok.txt"
    },
    {
        "key": "七夜",
        "name": "七夜",
        "type": 3,
        "api": "csp_Dovx",
        "searchable": 1,
        "filterable": 0,
        "changeable": 0,
        "ext":"http://127.0.0.1:9978/file/tvbox/tok.txt"
    },
    {
      "key": "push_agent",
      "name": "🛴手机┃推送",
      "type": 3,
      "api": "csp_Push",
      "searchable": 0,
      "quickSearch": 0,
      "filterable": 0,
      "ext": "http://127.0.0.1:9978/file/tvbox/tok.txt"
    },
	{
        "key": "drpy_js_兔小贝",
        "name": "兔小贝[js]",
        "type": 3,
        "api": "https://mirror.ghproxy.com/https://raw.githubusercontent.com/yyfxz/fxz/main/js/drpy2.min.js",
        "ext": "https://mirror.ghproxy.com/https://raw.githubusercontent.com/yyfxz/fxz/main/js/兔小贝.js"
    },
    {"key":"兔小贝2","name":"🐇兔兔┃小贝","type":3,"api":"csp_XYQHiker","searchable":0,"quickSearch":0,"filterable":0,"ext":"https://mirror.ghproxy.com/https://raw.githubusercontent.com/yyfxz/fxz/main/XYQH/兔小贝2.json"},
    {
        "key": "csp_XPath_age",
        "name": "AGE┃动漫",
        "type": 3,
        "api": "csp_XPath",
        "searchable": 1,
        "quickSearch": 0,
        "filterable": 1,
        "ext": "https://mirror.ghproxy.com/https://raw.githubusercontent.com/yyfxz/fxz/main/js/AGE动漫.json"
    },
    {
        "key": "drpy_js_动漫岛",
        "name": "动漫岛[js]",
        "type": 3,
        "api": "https://mirror.ghproxy.com/https://raw.githubusercontent.com/yyfxz/fxz/main/js/drpy2.min.js",
        "ext": "https://mirror.ghproxy.com/https://raw.githubusercontent.com/yyfxz/fxz/main/js/动漫岛.js"
    },
    {
        "key": "drpy_js_路漫漫",
        "name": "路漫漫[js]",
        "type": 3,
        "api": "https://mirror.ghproxy.com/https://raw.githubusercontent.com/yyfxz/fxz/main/js/drpy2.min.js",
        "ext": "https://mirror.ghproxy.com/https://raw.githubusercontent.com/yyfxz/fxz/main/js/路漫漫.js"
    },
    {"key":"csp_Dm84","name":"🚐动漫┃巴士","type":3,"api":"csp_Dm84","searchable":1,"quickSearch":1,"filterable":1},

{"key":"csp_Ysj","name":"🌐异界┃动漫","type":3,"api":"csp_Ysj","searchable":1,"quickSearch":1,"filterable":1},

{"key":"csp_Anime1","name":"💀日本┃动漫","type":3,"api":"csp_Anime1","searchable":1,"quickSearch":1,"filterable":1},

{"key":"csp_Ying","name":"🌸樱花┃动漫","type":3,"api":"csp_Ying","searchable":1,"quickSearch":1,"filterable":1},

{"key":"路漫漫","name":"🚶漫漫┃动漫","type":3,"api":"https://mirror.ghproxy.com/https://raw.githubusercontent.com/yyfxz/fxz/main/js/drpy2.min.js","ext":"https://mirror.ghproxy.com/https://raw.githubusercontent.com/yyfxz/fxz/main/js/路漫漫.js"},

{"key":"nt动漫","name":"🧬拿铁┃动漫","type":3,"api":"https://mirror.ghproxy.com/https://raw.githubusercontent.com/yyfxz/fxz/main/js/drpy2.min.js","ext":"https://mirror.ghproxy.com/https://raw.githubusercontent.com/yyfxz/fxz/main/js/ntdm.js"},

{"key":"爱动漫","name":"🎗️爱上┃动漫","type":3,"api":"https://mirror.ghproxy.com/https://raw.githubusercontent.com/yyfxz/fxz/main/js/lib/drpy2.min.js","ext":"https://mirror.ghproxy.com/https://raw.githubusercontent.com/yyfxz/fxz/main/js/爱弹幕.js"},

{"key":"妮可","name":"🏄‍♂️妮可┃动漫","type":3,"api":"https://mirror.ghproxy.com/https://raw.githubusercontent.com/yyfxz/fxz/main/js/drpy2.min.js","ext":"https://mirror.ghproxy.com/https://raw.githubusercontent.com/yyfxz/fxz/main/js/妮可动漫.js"},

{"key":"anfuns","name":"🍫ANF┃动漫","type":3,"api":"https://mirror.ghproxy.com/https://raw.githubusercontent.com/yyfxz/fxz/main/js/drpy2.min.js","ext":"https://mirror.ghproxy.com/https://raw.githubusercontent.com/yyfxz/fxz/main/js/anfuns.js"},

{"key":"怡萱动漫","name":"🍬怡萱┃动漫","type":3,"api":"https://mirror.ghproxy.com/https://raw.githubusercontent.com/yyfxz/fxz/main/js/drpy2.min.js","ext":"https://mirror.ghproxy.com/https://raw.githubusercontent.com/yyfxz/fxz/main/js/怡萱.js"},

{"key":"去看吧","name":"💨去看┃动漫","type":3,"api":"csp_XBPQ","searchable":1,"quickSearch":1,"filterable":1,"ext":"https://mirror.ghproxy.com/https://raw.githubusercontent.com/yyfxz/fxz/main/XBPQ/去看吧.json"},

{"key":"维奇","name":"🧣维奇┃动漫","type":3,"api":"csp_XBPQ","searchable":1,"quickSearch":1,"filterable":1,"ext":"https://mirror.ghproxy.com/https://raw.githubusercontent.com/yyfxz/fxz/main/XBPQ/维奇.json"},

{"key":"曲奇","name":"🍪曲奇┃动漫","type":3,"api":"csp_XYQHiker","searchable":1,"quickSearch":1,"filterable":1,"ext":"https://mirror.ghproxy.com/https://raw.githubusercontent.com/yyfxz/fxz/main/XYQH/曲奇动漫.json"},
	{
		"key":"幼儿乐园",
	    "name":"🅱️幼儿乐园",
		"type":3,
		"api":"csp_Bili",
		"searchable":0,
		"quickSearch":0,
		"filterable":1,
		"ext":"https://mirror.ghproxy.com/https://raw.githubusercontent.com/yyfxz/fxz/main/Bili/幼儿乐园.json"
	},
    {
	    "key":"csp_Bili",
		"name":"🐞动物世界",
		"type": 3,
		"api": "csp_Bili",
		"searchable": 1,
		"quickSearch": 1,
		"filterable": 1,
		"ext":"https://mirror.ghproxy.com/https://raw.githubusercontent.com/yyfxz/fxz/main/Bili/吾爱动物世界.json"
	},
    {
		"key":"少儿教育",
		"name":"🅱️少儿教育",
		"type":3,
		"api":"csp_Bili",
		"searchable":0,
		"quickSearch":0,
		"filterable":1,
		"ext":"https://mirror.ghproxy.com/https://raw.githubusercontent.com/yyfxz/fxz/main/Bili/少儿教育.json"
	},
    {
		"key":"小学课堂",
		"name":"🅱️小学课堂",
		"type":3,
		"api":"csp_Bili",
		"searchable":0,
		"quickSearch":0,
		"filterable":1,
		"ext":"https://mirror.ghproxy.com/https://raw.githubusercontent.com/yyfxz/fxz/main/Bili/小学课堂.json"
	},
    {
		"key":"初中课堂",
		"name":"🅱️初中课堂",
		"type":3,
		"api":"csp_Bili",
		"searchable":0,
		"quickSearch":0,
		"filterable":1,
		"ext":"https://mirror.ghproxy.com/https://raw.githubusercontent.com/yyfxz/fxz/main/Bili/初中课堂.json"
	},
    {
		"key":"高中教育",
		"name":"🅱️高中课堂",
		"type":3,
		"api":"csp_Bili",
		"searchable":0,
		"quickSearch":0,
		"filterable":1,
		"ext":"https://mirror.ghproxy.com/https://raw.githubusercontent.com/yyfxz/fxz/main/Bili/高中课堂.json"
	},
    {
		"key":"吾爱英语",
		"name":"🅱️吾爱外语",
		"type":3,
		"api":"csp_Bili",
		"searchable":0,
		"quickSearch":0,
		"filterable":1,
		"ext":"https://mirror.ghproxy.com/https://raw.githubusercontent.com/yyfxz/fxz/main/Bili/吾爱外语.json"
	},
	{
		"key":"Excel教程",
		"name":"🅱️吾爱Excel教程",
		"type":3,
		"api":"csp_Bili",
		"searchable":0,
		"quickSearch":0,
		"filterable":1,
		"ext":"https://mirror.ghproxy.com/https://raw.githubusercontent.com/yyfxz/fxz/main/Bili/Excel教程.json"
	},
    {
		"key":"吾爱PS",
		"name":"🅱️吾爱PS学习",
		"type":3,
		"api":"csp_Bili",
		"searchable":0,
		"quickSearch":0,
		"filterable":1,
		"ext":"https://mirror.ghproxy.com/https://raw.githubusercontent.com/yyfxz/fxz/main/Bili/吾爱PS.json"
	},
    {
		"key":"吾爱乐器",
		"name":"🅱️我爱乐器",
		"type":3,
		"api":"csp_Bili",
		"searchable":0,
		"quickSearch":0,
		"filterable":1,
		"ext":"https://mirror.ghproxy.com/https://raw.githubusercontent.com/yyfxz/fxz/main/Bili/吾爱乐器.json"
	},
    {
		"key": "哔哩",
		"name": "🅱️吾爱哔哩",
		"type": 3,
		"api": "csp_Bili",
		"searchable": 1,
		"filterable": 1,
		"changeable": 0,
		"ext": "https://mirror.ghproxy.com/https://raw.githubusercontent.com/yyfxz/fxz/main/Bili/bili.json"
	},
    {
		"key":"吾爱舞蹈",
		"name":"🅱️吾爱舞蹈",
		"type":3,
		"api":"csp_Bili",
		"searchable":0,
		"quickSearch":0,
		"filterable":1,
		"ext":"https://mirror.ghproxy.com/https://raw.githubusercontent.com/yyfxz/fxz/main/Bili/吾爱舞蹈.json"
	},
    {
		"key":"吾爱户外",
		"name":"🅱️吾爱户外",
		"type":3,
		"api":"csp_Bili",
		"searchable":0,
		"quickSearch":0,
		"filterable":1,
		"ext":"https://mirror.ghproxy.com/https://raw.githubusercontent.com/yyfxz/fxz/main/Bili/吾爱户外.json"
	},
    {
		"key":"吾爱戏曲",
		"name":"🅱️吾爱戏曲",
		"type":3,
		"api":"csp_Bili",
		"searchable":0,
		"quickSearch":0,
		"filterable":1,
		"ext":"https://mirror.ghproxy.com/https://raw.githubusercontent.com/yyfxz/fxz/main/Bili/吾爱戏曲.json"
	},
    {
		"key":"吾爱搭配",
		"name":"🅱️吾爱搭配",
		"type":3,
		"api":"csp_Bili",
		"searchable":0,
		"quickSearch":0,
		"filterable":1,
		"ext":"https://mirror.ghproxy.com/https://raw.githubusercontent.com/yyfxz/fxz/main/Bili/吾爱搭配.json"
	},
    {
		"key":"吾爱解说",
		"name":"🅱️吾爱解说",
		"type":3,
		"api":"csp_Bili",
		"searchable":0,
		"quickSearch":0,
		"filterable":1,
		"ext":"https://mirror.ghproxy.com/https://raw.githubusercontent.com/yyfxz/fxz/main/Bili/吾爱解说.json"
	},
    {
		"key":"吾爱演唱会",
		"name":"🅱️吾爱演唱会",
		"type":3,
		"api":"csp_Bili",
		"searchable":0,
		"quickSearch":0,
		"filterable":1,
		"ext":"https://mirror.ghproxy.com/https://raw.githubusercontent.com/yyfxz/fxz/main/Bili/吾爱演唱会.json"
	},
    {
		"key":"吾爱经典",
		"name":"🅱️吾爱经典音乐",
		"type":3,
		"api":"csp_Bili",
		"searchable":0,
		"quickSearch":0,
		"filterable":1,
		"ext":"https://mirror.ghproxy.com/https://raw.githubusercontent.com/yyfxz/fxz/main/Bili/吾爱经典.json"
	},
    {
		"key":"吾爱球星",
		"name":"🅱️吾爱球星",
		"type":3,
		"api":"csp_Bili",
		"searchable":0,
		"quickSearch":0,
		"filterable":1,
		"ext":"https://mirror.ghproxy.com/https://raw.githubusercontent.com/yyfxz/fxz/main/Bili/吾爱球星.json"
	},
	{
       "key": "drpy_js_JustLive",
       "name": "👑｜JustLive｜",
       "type": 3,
       "api": "https://mirror.ghproxy.com/https://raw.githubusercontent.com/yyfxz/fxz/main/js/drpy2.min.js",
       "ext": "https://mirror.ghproxy.com/https://raw.githubusercontent.com/yyfxz/fxz/main/js/JustLive.js"
    },
    {
        "key": "drpy_js_虎牙直播",
        "name": "👑｜虎牙直播｜",
        "type": 3,
        "api": "https://mirror.ghproxy.com/https://raw.githubusercontent.com/yyfxz/fxz/main/js/drpy2.min.js",
        "ext": "https://mirror.ghproxy.com/https://raw.githubusercontent.com/yyfxz/fxz/main/js/虎牙直播.js"
    },
	{
        "key": "drpy_js_斗鱼直播",
        "name": "👑｜斗鱼直播｜",
        "type": 3,
        "api": "https://mirror.ghproxy.com/https://raw.githubusercontent.com/yyfxz/fxz/main/js/drpy2.min.js",
        "ext": "https://mirror.ghproxy.com/https://raw.githubusercontent.com/yyfxz/fxz/main/js/斗鱼直播.js"
    },
	{
        "key": "drpy_js_博看听书",
        "name": "博看听书[js]",
        "type": 3,
        "api": "https://mirror.ghproxy.com/https://raw.githubusercontent.com/yyfxz/fxz/main/js/drpy2.min.js",
        "ext": "https://mirror.ghproxy.com/https://raw.githubusercontent.com/yyfxz/fxz/main/js/博看听书.js"
    },  
	{
        "key": "drpy_js_喜马拉雅",
        "name": "喜马拉雅[js]",
        "type": 3,
        "api": "https://mirror.ghproxy.com/https://raw.githubusercontent.com/yyfxz/fxz/main/js/drpy2.min.js",
        "ext": "https://mirror.ghproxy.com/https://raw.githubusercontent.com/yyfxz/fxz/main/js/喜马拉雅.js"
    },
	{
        "key": "py_qie",
        "name": "🏀┃企鹅┃体育",
        "type": 3,
        "api": "py_qie",
        "searchable": 0,
        "quickSearch": 0,
        "filterable": 1,
        "ext": "https://mirror.ghproxy.com/https://raw.githubusercontent.com/yyfxz/fxz/main/py/qie.py"
    },
    {
        "key": "csp_XPath_鹅直播",
        "name": "🏀┃企鹅┃直播",
        "type": 3,
        "api": "csp_XPath",
        "searchable": 0,
        "quickSearch": 0,
        "filterable": 0,
        "ext": "https://mirror.ghproxy.com/https://raw.githubusercontent.com/yyfxz/fxz/main/XYQHiker/qie.json"
    }

    ],
	"parses": [
	{"name":"解析聚合","type":3,"url":"Demo"},

{"name":"腾讯专用","type":1,"url":"http://api.playaaaa.com/qq/00167kkkk.php?url="},

{"name":"110","type":1,"url":"http://110.42.2.115:880/analysis/json/?uid=2148&my=ehjlmqtuFGJKLNPRU0&url="},

{"name":"5566","type":1,"url":"http://47.119.122.235:5566/json/free.php?url="},

{"name":"113","type":1,"url":"http://113.125.122.109:5555/aiku.php?url="},

{"name":"爱酷","type":0,"url":"https://jx.zhanlangbu.com/?url="},

{"name":"LLK","type":1,"url":"https://vip.ckllk.com/API.php?appkey=404164cdd1472561b4c61f1845e0bff8&url="},

{"name":"尘烟","type":1,"url":"https://vip.xuux.icu/home/api?type=ys&uid=1325731&key=adfgilmnpwzBDEJPY3&url="},

{"name":"ICU","type":1,"url":"https://api.json.icu/api/?key=5c22918440e3fa30cfd2da50264ff210&url="},

{"name":"WT1","type":1,"url":"http://jxapi.wutao7.top/XL/?url="},

{"name":"WT2","type":0,"url":"http://jxapi.wutao7.top/miui/?url="},

{"name":"cf","type":0,"url":"https://jxjson.cf/?url="},

{"name":"泽云","type":0,"url":"https://player.iizny.com/?url="},

{"name":"JSPL","type":0,"url":"https://jx.jsonplayer.com/player/?url="},

{"name":"777","type":0,"url":"https://jx.777jiexi.com/player/?url="},

{"name":"CGD","type":0,"url":"https://www.cgdyw.net/jiexi/jiexi-gf/?url="},

{"name":"夜幕", "type":0,"url":"https://www.yemu.xyz/?url=","showType":3},

{"name":"JXDP","type":0,"url": "https://jxdp.codermart.net/?url="},

{"name":"剖云","type":0,"url":"https://www.pouyun.com/?url="},

{"name":"JY","type":0,"url":"https://jx.playerjy.com/?url="},
	{
		"name": "爱奇艺",
		"type": 0,
		"url": "https://jx.zhanlangbu.com/?url="
	},
	{
		"name": "腾讯",
		"type": 0,
		"url": "https://jx.777jiexi.com/player/?url="
	},
	{
		"name": "芒果",
		"type": 0,
		"url": "https://jx.jsonplayer.com/player/?url=",
		"ext": {
			"flag": ["qq", "腾讯", "qiyi", "爱奇艺", "奇艺", "youku", "优酷", "mgtv", "芒果", "letv", "乐视", "pptv", "PPTV", "sohu", "bilibili", "哔哩哔哩", "哔哩"],"header":{"User-Agent":"okhttp/4.1.0"}
		}    
	},
	{
		"name": "优酷",
		"type": 0,
		"url": "https://www.ckmov.com/?url=",
		"ext": {
			"flag": ["qq", "腾讯", "qiyi", "爱奇艺", "奇艺", "youku", "优酷", "mgtv", "芒果", "letv", "乐视", "pptv", "PPTV", "sohu", "bilibili", "哔哩哔哩", "哔哩"],"header":{"User-Agent":"okhttp/4.1.0"}
		}    
	},
	{
		"name": "西瓜",
		"type": 0,
		"url": "https://www.nxflv.com/?url=",
		"ext": {
			"flag":["qq","腾讯","企鹅","IQiYi","qiyi","爱奇艺","奇艺","youku","YouKu","优酷","sohu","SoHu","搜狐","letv","LeShi","乐视","imgo","mgtv","MangGuo","芒果","SLYS4k","BYGA","luanzi","AliS","dxzy","bilibili","QEYSS","xigua","西瓜视频","腾讯视频","奇艺视频","优酷视频","芒果视频","乐视视频"]
		} 
	},
	{
		"name": "搜狗",
		"type": 1,
		"url": "https://www.itvbox.cc/bhc.php?url="
	},
	{
      "name": "xduo",
      "type": 0,
      "url": "https://xduo.app/api/?url="
    },	
	{
		"name": "01",
		"type": 0,
		"url": "https://vip.bljiex.com/?v=",
		"ext": {
			"flag": ["qq", "腾讯", "qiyi", "爱奇艺", "奇艺", "youku", "优酷", "mgtv", "芒果", "letv", "乐视", "pptv", "PPTV", "sohu", "bilibili", "哔哩哔哩", "哔哩"],"header":{"User-Agent":"okhttp/4.1.0"}
		}    
	},
	{
		"name": "02",
		"type": 1,
		"url": "https://www.m3u8.tv.cache.janan.net:4433/json2020.php?uid=M3U8.TV&token=88888888&url=",
		"ext": {
			"flag": ["qq", "腾讯", "qiyi", "爱奇艺", "奇艺", "youku", "优酷", "mgtv", "芒果", "letv", "乐视", "pptv", "PPTV", "sohu", "bilibili", "哔哩哔哩", "哔哩"],"header":{"User-Agent":"okhttp/4.1.0"}
		}    
	},
	{
		"name": "03",
		"type": 1,
		"url": "http://49.235.238.58:678/?url=",
		"ext": {
			"flag": ["qq", "腾讯", "qiyi", "爱奇艺", "奇艺", "youku", "优酷", "mgtv", "芒果", "letv", "乐视", "pptv", "PPTV", "sohu", "bilibili", "哔哩哔哩", "哔哩"],"header":{"User-Agent":"okhttp/4.1.0"}
		}    
	},
	{
		"name": "04",
		"type": 1,
		"url": "http://27.124.4.42:4567/jhjson/ceshi.php?url=",
		"ext": {
			"flag": ["qq", "腾讯", "qiyi", "爱奇艺", "奇艺", "youku", "优酷", "mgtv", "芒果", "letv", "乐视", "pptv", "PPTV", "sohu", "bilibili", "哔哩哔哩", "哔哩"],"header":{"User-Agent":"okhttp/4.1.0"}
		}    
	},
	{
		"name": "05",
		"type": 0,
		"url": "https://jx.m3u8.pw/?url="
	},
	{
		"name": "06",
		"type": 1,
		"url": "https://api.json.icu/api/?key=da5e816ee2b93d2b7b8d2f966940aa92&url="
	},
	{
		"name": "07",
		"type": 0,
		"url": "https://www.nxflv.com/?url=",
		"ext": {
			"flag":["qq","腾讯","企鹅","IQiYi","qiyi","爱奇艺","奇艺","youku","YouKu","优酷","sohu","SoHu","搜狐","letv","LeShi","乐视","imgo","mgtv","MangGuo","芒果","SLYS4k","BYGA","luanzi","AliS","dxzy","bilibili","QEYSS","xigua","西瓜视频","腾讯视频","奇艺视频","优酷视频","芒果视频","乐视视频"]
		}  
	},
	{
		"name": "08",
		"type": 0,
		"url": "https://jx.bozrc.com:4433/player/?url=",
		"ext": {
			"flag": ["qq", "腾讯", "qiyi", "爱奇艺", "奇艺", "youku", "优酷", "mgtv", "芒果", "letv", "乐视", "pptv", "PPTV", "sohu", "bilibili", "哔哩哔哩", "哔哩"],"header":{"User-Agent":"okhttp/4.1.0"}
		}   
	},
	{
		"name": "09",
		"type": 0,
		"url": "https://jx.xmflv.com/?url=",
		"ext": {
			"flag": ["qq", "腾讯", "qiyi", "爱奇艺", "奇艺", "youku", "优酷", "mgtv", "芒果", "letv", "乐视", "pptv", "PPTV", "sohu", "bilibili", "哔哩哔哩", "哔哩"],"header":{"User-Agent":"okhttp/4.1.0"}
		}    
	},
	{
		"name": "10",
		"type": 0,
		"url": "https://www.yemu.xyz/?url=",
		"ext": {
			"flag":["qq","腾讯","企鹅","IQiYi","qiyi","爱奇艺","奇艺","youku","YouKu","优酷","sohu","SoHu","搜狐","letv","LeShi","乐视","imgo","mgtv","MangGuo","芒果","SLYS4k","BYGA","luanzi","AliS","dxzy","bilibili","QEYSS","xigua","西瓜视频","腾讯视频","奇艺视频","优酷视频","芒果视频","乐视视频"]
		} 
	},
	{
		"name": "OKjx嗅探",
		"type": 0,
		"url": "https://okjx.cc/?url="
	}
	],

    "rules":[
        {
        "host":"www.iesdouyin.com",
        "rule":["playwm/?video_id="]
        },
        {
        "host":"v.douyin.com",
        "rule":["playwm/?video_id="]
        }
    ],
    "ijk": [
        {
            "group": "软解码",
            "options": [
                {
                    "category": 4,
                    "name": "opensles",
                    "value": "0"
                },
                {
                    "category": 4,
                    "name": "overlay-format",
                    "value": "842225234"
                },
                {
                    "category": 4,
                    "name": "framedrop",
                    "value": "1"
                },
                {
                    "category": 4,
                    "name": "soundtouch",
                    "value": "1"
                },
                {
                    "category": 4,
                    "name": "start-on-prepared",
                    "value": "1"
                },
                {
                    "category": 1,
                    "name": "http-detect-range-support",
                    "value": "0"
                },
                {
                    "category": 1,
                    "name": "fflags",
                    "value": "fastseek"
                },
                {
                    "category": 2,
                    "name": "skip_loop_filter",
                    "value": "48"
                },
                {
                    "category": 4,
                    "name": "reconnect",
                    "value": "1"
                },
                {
                    "category": 4,
                    "name": "enable-accurate-seek",
                    "value": "0"
                },
                {
                    "category": 4,
                    "name": "mediacodec",
                    "value": "0"
                },
                {
                    "category": 4,
                    "name": "mediacodec-auto-rotate",
                    "value": "0"
                },
                {
                    "category": 4,
                    "name": "mediacodec-handle-resolution-change",
                    "value": "0"
                },
                {
                    "category": 4,
                    "name": "mediacodec-hevc",
                    "value": "0"
                },
                {
                    "category": 1,
                    "name": "dns_cache_timeout",
                    "value": "600000000"
                }
            ]
        },
        {
            "group": "硬解码",
            "options": [
                {
                    "category": 4,
                    "name": "opensles",
                    "value": "0"
                },
                {
                    "category": 4,
                    "name": "overlay-format",
                    "value": "842225234"
                },
                {
                    "category": 4,
                    "name": "framedrop",
                    "value": "1"
                },
                {
                    "category": 4,
                    "name": "soundtouch",
                    "value": "1"
                },
                {
                    "category": 4,
                    "name": "start-on-prepared",
                    "value": "1"
                },
                {
                    "category": 1,
                    "name": "http-detect-range-support",
                    "value": "0"
                },
                {
                    "category": 1,
                    "name": "fflags",
                    "value": "fastseek"
                },
                {
                    "category": 2,
                    "name": "skip_loop_filter",
                    "value": "48"
                },
                {
                    "category": 4,
                    "name": "reconnect",
                    "value": "1"
                },
                {
                    "category": 4,
                    "name": "enable-accurate-seek",
                    "value": "0"
                },
                {
                    "category": 4,
                    "name": "mediacodec",
                    "value": "1"
                },
                {
                    "category": 4,
                    "name": "mediacodec-auto-rotate",
                    "value": "1"
                },
                {
                    "category": 4,
                    "name": "mediacodec-handle-resolution-change",
                    "value": "1"
                },
                {
                    "category": 4,
                    "name": "mediacodec-hevc",
                    "value": "1"
                },
                {
                    "category": 1,
                    "name": "dns_cache_timeout",
                    "value": "600000000"
                }
            ]
        }
    ],
    "ads": [
        "mimg.0c1q0l.cn",
        "www.googletagmanager.com",
        "www.google-analytics.com",
        "mc.usihnbcq.cn",
        "mg.g1mm3d.cn",
        "mscs.svaeuzh.cn",
        "cnzz.hhttm.top",
        "tp.vinuxhome.com",
        "cnzz.mmstat.com",
        "www.baihuillq.com",
        "s23.cnzz.com",
        "z3.cnzz.com",
        "c.cnzz.com",
        "stj.v1vo.top",
        "z12.cnzz.com",
        "img.mosflower.cn",
        "tips.gamevvip.com",
        "ehwe.yhdtns.com",
        "xdn.cqqc3.com",
        "www.jixunkyy.cn",
        "sp.chemacid.cn",
        "hm.baidu.com",
        "s9.cnzz.com",
        "z6.cnzz.com",
        "um.cavuc.com",
        "mav.mavuz.com",
        "wofwk.aoidf3.com",
        "z5.cnzz.com",
        "xc.hubeijieshikj.cn",
        "tj.tianwenhu.com",
        "xg.gars57.cn",
        "k.jinxiuzhilv.com",
        "cdn.bootcss.com",
        "ppl.xunzhuo123.com",
        "xomk.jiangjunmh.top",
        "img.xunzhuo123.com",
        "z1.cnzz.com",
        "s13.cnzz.com",
        "xg.huataisangao.cn",
        "z7.cnzz.com",
        "xg.huataisangao.cn",
        "z2.cnzz.com",
        "s96.cnzz.com",
        "q11.cnzz.com",
        "thy.dacedsfa.cn",
        "xg.whsbpw.cn",
        "s19.cnzz.com",
        "z8.cnzz.com",
        "s4.cnzz.com",
        "f5w.as12df.top",
        "ae01.alicdn.com",
        "www.92424.cn",
        "k.wudejia.com",
        "vivovip.mmszxc.top",
        "qiu.xixiqiu.com",
        "cdnjs.hnfenxun.com",
        "cms.qdwght.com"
         ]
    }

  