{
	"spider": "http://530.my3v.work/tvbox/微风主线/lib/Aoki.jar;md5;c253e1930a210fa5141e5418f1f90949",

	"wallpaper": "https://tuapi.eees.cc/api.php?category=fengjing&type=302",

	"lives": [{"name": "live", "type": 0, "url": "http://530.my3v.work/tvbox/微风主线/lib/青木.txt", "epg": "http://epg.112114.eu.org/?ch={name}&date={date}", "logo": "https://epg.112114.xyz/bingimg/logo/{name}.png" }],

	"sites":
[
{"key":"豆瓣","name":"🦢┃青木┃公众号：青木资源","type":3,"api":"http://530.my3v.work/tvbox/微风主线/lib/apiv43drpy2.min.js","searchable":0,"quickSearch":0,"filterable":0,"ext":"http://530.my3v.work/tvbox/微风主线/lib/douban.js"},
    {"key":"腾讯","name":"腾讯(官)","type":3,"api":"http://530.my3v.work/tvbox/微风主线/lib/apiv43drpy2.min.js","ext":"http://530.my3v.work/tvbox/微风主线/lib/tengxun.js"},
    
    {"key":"优酷","name":"优酷(官)","type":3,"api":"http://530.my3v.work/tvbox/微风主线/lib/apiv43drpy2.min.js","ext":"http://530.my3v.work/tvbox/微风主线/lib/youku.js"},
    
    {"key":"芒果","name":"芒果(官)","type":3,"api":"http://530.my3v.work/tvbox/微风主线/lib/apiv43drpy2.min.js","ext":"http://530.my3v.work/tvbox/微风主线/lib/mangguo.js"},
    
    {"key":"搜狗","name":"搜狗(官)","type":3,"api":"http://530.my3v.work/tvbox/微风主线/lib/apiv43drpy2.min.js","ext":"http://530.my3v.work/tvbox/微风主线/lib/caigou.js"},
    
    {"key":"爱奇异","name":"爱奇艺(官)","type":3,"api":"http://530.my3v.work/tvbox/微风主线/lib/apiv43drpy2.min.js","ext":"http://530.my3v.work/tvbox/微风主线/lib/aiqiyi.js"},
    
    {"key":"360影视","name":"360影视(官)","type":3,"api":"csp_SP360","searchable":1,"quickSearch":1,"filterable":1,"changeable":0},
    
    {"key":"sohu","name":"搜狐(官)","type":1,"api":"https://tvbox-1-g5221611.deta.app/vod/sohu","searchable":1,"quickSearch":1,"playUrl":"parse:超级7"},
    
    {"key": "百度资源", "name": "百度(官)","type": 1,"api": "https://api.apibdzy.com/api.php/provide/vod/","searchable": 1,"quickSearch": 1,"categories": ["大陆剧", "战争片","动作片","喜剧片"] },
    
    {"key": "新浪资源", "name": "新浪(官)", "type": 1, "api": "http://api.xinlangapi.com/xinlangapi.php/provide/vod/","searchable": 1, "quickSearch": 1,"playUrl": "","categories": ["大陆剧", "动作片","动漫", "综艺"] },
    {
      "key": "py_cctv",
      "name": "综合",
      "type": 3,
      "api": "py_cctv",
      "searchable": 0,
      "quickSearch": 0,
      "filterable": 0,
      "ext": "http://530.my3v.work/tvbox/微风主线/lib/py_cctv.py"
    },
    {
      "key": "m1905",
      "name": "电影",
      "type": 3,
      "api": "py_cctv",
      "searchable": 0,
      "quickSearch": 0,
      "filterable": 0,
      "ext": "http://530.my3v.work/tvbox/微风主线/lib/m1905.py"
    },
    {
      "key": "央视经典",
      "name": "经典",
      "type": 3,
      "api": "csp_Bili",
      "searchable": 0,
      "quickSearch": 1,
      "filterable": 1,
      "ext": "http://530.my3v.work/tvbox/微风主线/lib/哔哩经典.json"
    },
    {
      "key": "cctvdq",
      "name": "央视",
      "type": 3,
      "jar": "http://530.my3v.work/tvbox/微风主线/lib/cctv.jar",
      "api": "csp_CCTV",
      "searchable": 0,
      "filterable": 0,
      "ext": "http://530.my3v.work/tvbox/微风主线/lib/央视大全.json"
    },
    {
       "key": "cctv",
       "name": "大全",
       "type": 3,
       "api": "py_cctv",
       "searchable": 0,
       "quickSearch": 0,
       "filterable": 1,
       "ext": "http://530.my3v.work/tvbox/微风主线/lib/cctv369.py"
    },
    {
      "key": "青木直播",
      "name": "直播",
      "type": 3,
      "api": "http://530.my3v.work/tvbox/微风主线/lib/apiv383Aoki_live_min.js",
      "style": {"type": "oval"},
      "searchable": 0,
      "quickSearch": 0,
      "changeable": 0,
      "filterable": 0,
      "ext": "http://530.my3v.work/tvbox/微风主线/lib/Aoki_live.txt"
    },
    {
      "key": "好趣网",
      "name": "频道",
      "type": 3,
      "api": "http://530.my3v.work/tvbox/微风主线/lib/apiv43drpy2.min.js",
      "ext": "http://530.my3v.work/tvbox/微风主线/lib/好趣网.js"
    },
    {
      "key": "吾爱解说",
      "name": "解说",
      "type": 3,
      "api": "csp_Bili",
      "searchable": 0,
      "quickSearch": 0,
      "filterable": 1,
      "ext": "http://530.my3v.work/tvbox/微风主线/lib/吾爱解说.json"
    },

    {"key": "csp_XYQwogg","name": "👽XYQ玩偶","type": 3,"api": "csp_XYQHikerAL","searchable": 1,"quickSearch": 1,"filterable": 1,"ext": "http://530.my3v.work/tvbox/微风主线/lib/XYQWogg.json"},

    {"key": "玩偶哥哥","name":"👽开心玩偶","type":3,"api":"csp_XYQHikerAL","searchable":1,"quickSearch":1,"filterable":1,"ext":"http://530.my3v.work/tvbox/微风主线/lib/玩偶哥哥.json"},

    {"key": "csp_车姐","name":"👽车佬玩偶","type":3,"api":"csp_XYQHikerAL","searchable":1,"quickSearch":1,"filterable":1,"ext":"http://530.my3v.work/tvbox/微风主线/lib/yingshiche.json"},
    
    {"key": "fan_Wogg","name": "👽饭佬玩偶","type": 3,"jar": "http://530.my3v.work/tvbox/微风主线/lib/fan.jar","api": "csp_WoGG","searchable": 1, "quickSearch": 1,"changeable": 0,"ext": "http://127.0.0.1:9978/file/XYQTVBox/alitoken.txt+4k|auto|fhd$$$https://api.wogg.xyz/$$$弹"},
    
    {"key":"Gitcafe","name":"🔍小纸条","type":3,"api":"csp_Gitcafe","searchable":1,"quickSearch":1,"filterable":1,"ext":"http://127.0.0.1:9978/file/XYQTVBox/alitoken.txt+4k|fhd|auto"},
    {"key":"csp_AliPS","name":"🔍喵狸盘搜","type":3,"api":"csp_AliPS","searchable":1,"quickSearch":1,"filterable":0,"ext":"http://127.0.0.1:9978/file/XYQTVBox/alitoken.txt+4k|fhd|auto"},
    {"key":"csp_Yisou","name":"🔍易搜","type":3,"api":"csp_Yisou","searchable":1,"quickSearch":1,"filterable":0,"ext":"http://127.0.0.1:9978/file/XYQTVBox/alitoken.txt+4k|fhd|auto"},
    {"key":"csp_Upyunso","name":"🔍UP云搜","type":3,"api":"csp_Upyunso","searchable":1,"quickSearch":1,"filterable":0,"ext":"http://127.0.0.1:9978/file/XYQTVBox/alitoken.txt+4k|fhd|auto"},
    {"key": "csp_XYQHikerAL_云盘资源","name":"🔍云盘资源","type":3,"api":"csp_XYQHikerAL","searchable":1,"quickSearch":1,"filterable":1,"ext":"http://530.my3v.work/tvbox/微风主线/lib/云盘资源.json"},
    {"key": "push_agent","name": "📨影视推送","type": 3,"api": "csp_PushAgent","searchable": 0,"quickSearch": 0,"filterable":"0"},
    
{"key":"csp_非凡","name":"非凡","type":3,"api":"csp_XBPQ","searchable":1,"quickSearch":1,"filterable":1,"ext":"http://530.my3v.work/tvbox/微风主线/lib/Ffzyw.json"},

{"key":"csp_量子","name":"量子","type":3,"api":"csp_XBPQ","searchable":1,"quickSearch":1,"filterable":1,"ext":"http://530.my3v.work/tvbox/微风主线/lib/Lzzyw.json"},

{"key": "csp_黑狐","name": "黑狐","type": 3,"api": "csp_XBPQ","searchable":1,"quickSearch":1,"filterable":1,"ext":"http://530.my3v.work/tvbox/微风主线/lib/Heihuys.json"},

{"key":"csp_土豪","name":"土豪","type":3,"api":"csp_XBPQ","searchable":1,"quickSearch":1,"filterable":1,"ext":"http://530.my3v.work/tvbox/微风主线/lib/Tuhaoys.json"},

{"key":"csp_xBPQ_视觉","name":"视觉","type":3,"api":"csp_XBPQ","searchable":1,"quickSearch":1,"filterable":1,"ext":"http://530.my3v.work/tvbox/微风主线/lib/Xinshijueys.json"},

{"key":"csp_爱看","name":"爱看","type":3,"api":"csp_XBPQ","searchable":1,"quickSearch":1,"filterable":1,"ext":"http://530.my3v.work/tvbox/微风主线/lib/Aikanys.json"},

{"key":"csp_农民","name":"农民","type":3,"api":"csp_XBPQ","searchable":1,"quickSearch":1,"filterable":1,"ext":"http://530.my3v.work/tvbox/微风主线/lib/Nongminys.json"},

{"key":"csp_星辰","name":"星辰","type":3,"api":"csp_XBPQ","searchable":1,"quickSearch":1,"filterable":1,"ext":"http://530.my3v.work/tvbox/微风主线/lib/Xingchenys.json"},

{"key":"csp_米爱","name":"米爱","type":3,"api":"csp_XBPQ","searchable":1,"quickSearch":1,"filterable":1,"ext":"http://530.my3v.work/tvbox/微风主线/lib/Miaiys.json"},

{"key":"csp_苹果","name":"苹果","type":3,"api":"csp_XBPQ","searchable":1,"quickSearch":1,"filterable":1,"ext":"http://530.my3v.work/tvbox/微风主线/lib/Pingguoys.json"},

{"key": "ext_live_protocol","name": "微信公众号：Aoki分享","type": 3,"api": "csp_XPath","searchable": 0,"quickSearch": 0,"changeable": 0},
    
{"key": "cc","name": "请勿相信视频中任何广告","type": 3,"api": "csp_XPath","searchable": 0,"quickSearch": 0}],


"parses":[
    
{"name": "轮询","type": 2,"url": "Sequence"},
{"name": "聚合A","type":3,"url":"Demo"},
{"name": "聚合B","type":3,"url":"Web"},

{"name": "公众号","type": 0,"url": "https://vip.lianfaka.com/vip/?url=","ext": {"flag": ["qq","腾讯","qiyi","爱奇艺","奇艺","youku","优酷","mgtv","芒果","letv","乐视","pptv","PPTV","sohu","bilibili","哔哩哔哩","哔哩"],"header": {"User-Agent": "okhttp/4.1.0"}}},
{"name": "Aoki分享","type": 0,"url": "https://jx.777jiexi.com/player/?url="},
{"name": "QQ频道","type":0,"url":"https://jx.jsonplayer.com/player/?url="},
{"name": "青木分享","type":0,"url":"https://jx.bozrc.com:4433/player/?url=","ext":{"flag":["qq","腾讯","qiyi","爱奇艺","奇艺","youku","优酷","mgtv","芒果","letv","乐视","pptv","PPTV","sohu","bilibili","哔哩哔哩","哔哩"]}},
{"name": "QQ群","type": 0,"url": "https://jx.xmflv.com/?url="},
{"name": "915945323","type": 0,"url": "https://jx.777jiexi.com/player/?url="},
{"name": "免费分享","type": 0,"url": "https://jx.bozrc.com:4433/player/?url=","ext": {"flag": ["qq","腾讯","qiyi","爱奇艺","奇艺","youku","优酷","mgtv","芒果","letv","乐视","pptv","PPTV","sohu","bilibili","哔哩哔哩","哔哩"]}},
{"name": "超级0", "type": 1, "url": "http://110.42.2.247:880/analysis/json/?uid=2449&my=acfgikquvzFGJRW459&format=data&url=","ext":{"flag":["qq","腾讯","企鹅","IQiYi","qiyi","爱奇艺","奇艺","youku","YouKu","优酷","sohu","SoHu","搜狐","letv","LeShi","乐视","imgo","mgtv","MangGuo","芒果","SLYS4k","BYGA","luanzi","AliS","dxzy","bilibili","QEYSS","xigua","西瓜视频","腾讯视频","奇艺视频","优酷视频","芒果视频","乐视视频"],"header":{"User-Agent":"Dart/3.0(dart:io)"}}}, 
{"name": "超级1","type":1,"url":"https://api.tyun77.cn/api.php/provide/parseDicturl?url=","ext":{"flag":["qq","腾讯","qiyi","爱奇艺","奇艺","youku","优酷","sohu","搜狐","letv","乐视","mgtv","芒果","imgo","rx","ltnb","bilibili","1905","xigua"]}},
{"name": "超级2","type": 1,"url": "https://api.tyun77.cn/api.php/provide/parseDicturl?url=","ext": {"flag": ["爱奇艺","奇艺","qq","腾讯","youku","优酷","pptv","PPTV","letv","乐视","leshi","bilibili","哔哩哔哩","哔哩","mgtv","芒果","芒果"],"header": {"User-Agent": "okhttp/3.12.0"}}},
{"name": "超级3","type": 1,"url": "https://api.tyun77.cn/api.php/provide/parseDicturl?url="},
{"name": "超级4","type": 1,"url": "http://119.91.123.253:1234/Api/cs.php?url=","ext": {"flag": ["qq","腾讯","qiyi", "爱奇艺", "奇艺", "youku", "优酷", "mgtv", "芒果", "letv", "乐视", "pptv", "PPTV", "sohu", "bilibili", "哔哩哔哩", "哔哩"],"header":{"User-Agent":"okhttp/4.1.0"}}},
{"name": "超级5","type": 1,"url": "http://119.91.123.253:1234/Api/cs.php?url=",
"ext": {"flag": ["qq", "腾讯", "qiyi", "爱奇艺", "奇艺", "youku", "优酷", "mgtv", "芒果", "sohu", "bilibili", "哔哩哔哩", "哔哩"],"header": {"User-Agent": "okhttp/3.12.11"}}},
{"name": "超级6","type": 1,"url": "http://110.42.2.247:880/analysis/json/?uid=2449&my=acfgikquvzFGJRW459&url="},          
{"name": "超级7","type": 1,"url": "http://61.147.93.21:8090/index.php?url="},
{"name": "超级8","type": 1,"url": "http://110.42.2.247:880/analysis/json/?uid=2449&my=acfgikquvzFGJRW459&url=",
"ext": {"flag": ["qiyi", "爱奇艺", "奇艺", "youku", "优酷", "mgtv", "芒果", "letv", "乐视", "pptv", "PPTV", "sohu", "xigua","bilibili", "哔哩哔哩", "哔哩"],"header":{"User-Agent":"okhttp/4.1.0"}} },
{"name": "超级9","type":1,"url":"http://42.157.128.109:2323/CH/zy/qiqi.php?url=","ext":{"flag":["qiqi","kuying-qq"],"header":{"User-Agent":"okhttp/4.1.0"}}},
{"name": "超级0","type": 1,"url": "https://jxjson.cf/json.php?url=","ext": {"flag": ["qiqi-","YuMi","YuMi-vip"]}},
{"name": "超级A", "type": 1, "url": "http://61.147.93.21:8090/index.php?url=", "ext": { "flag": [ "JHA", "JHB", "JHHD", "mmal"] }},
{"name": "超级B", "type": 1, "url": "https://xjx.tvcms.top/api/?key=a035e75110289821feec5033ffde2bec&url=", "ext": { "flag": [ "TD", "JHA", "JHB", "mmal", "FY" ]}},
{"name": "超级C","type":1,"url":"https://vip.xuux.icu/home/api?type=ys&uid=1325731&key=adfgilmnpwzBDEJPY3&url="},
{"name": "超级D","type":1,"url":"http://xhww.fun:63/爱肥猫.php?url=","flag":["qq","腾讯","qiyi","爱奇艺","奇艺","youku","优酷","mgtv","芒果","letv","leshi","LS","乐视","pptv","PPTV","sohu","bilibili","哔哩哔哩","哔哩"]},

{"name": "并发1","type": 1,"url": "http://27.124.4.42:4567/jhjson/ceshi.php?url=","ext": {"flag": ["qq", "腾讯", "qiyi", "爱奇艺", "奇艺", "youku", "优酷", "mgtv", "芒果", "letv", "乐视", "pptv", "PPTV", "sohu", "bilibili", "哔哩哔哩", "哔哩"],"header":{"User-Agent":"okhttp/4.1.0"}}},
{"name": "并发2","type": 1,"url": "http://110.42.2.247:880/analysis/json/?uid=2449&my=acfgikquvzFGJRW459&url=","ext": {"flag": ["qiyi", "爱奇艺", "奇艺", "youku", "优酷", "mgtv", "芒果", "letv", "乐视", "pptv", "PPTV", "sohu", "xigua","bilibili", "哔哩哔哩", "哔哩"],"header":{"User-Agent":"okhttp/4.1.0"}} },
{"name": "并发3","type":1,"url":"http://27.124.4.42:4567/jhjson/ceshi.php?url=","User-Agent":"okhttp/3.12.0","ext":{"flag":["qq","腾讯","qiyi","爱奇艺","奇艺","youku","优酷","sohu","搜狐","letv","乐视","yk","mgtv","芒果","CL4K","renrenmi","ltnb","bilibili","1905","xigua"]}},
{"name": "并发4","type":1,"url":"http://27.124.4.42:4567/jhjson/ceshi.php?url=","User-Agent":"okhttp/3.12.0","ext":{"flag":["qq","腾讯","qiyi","爱奇艺","奇艺","youku","优酷","sohu","搜狐","letv","乐视","yk","mgtv","芒果","CL4K","renrenmi","ltnb","bilibili","1905","xigua"]}},
{"name": "并发5","type": 1,"url": "https://yyyy.life/%E5%85%AC%E4%BC%97%E5%8F%B7%E7%8E%89%E7%8E%89%E8%BD%AF%E4%BB%B6?url="},
{"name": "并发6","type": 1,"url": "http://103.146.230.202:6688/api/?key=wzFFqn51SZGkEnm6cG&url=","ext": {"flag": ["NBY"],"header":{"User-Agent":"okhttp/4.1.0"}}},
{"name": "并发7","type":1,"url":"http://27.124.4.42:4567/jhjson/ceshi.php?url=","User-Agent":"okhttp/3.12.0","ext":{"flag":["qq","腾讯","qiyi","爱奇艺","奇艺","youku","优酷","sohu","搜狐","letv","乐视","yk","mgtv","芒果","CL4K","renrenmi","ltnb","bilibili","1905","xigua"]}},
{"name": "并发8","type":1,"url":"http://27.124.4.42:4567/jhjson/ceshi.php?url="},
{"name": "并发9","type": 1,"url": "http://110.42.2.247:880/analysis/json/?uid=2449&my=acfgikquvzFGJRW459&url=","ext": {"flag": ["qiyi", "爱奇艺", "奇艺", "youku", "优酷", "letv", "乐视", "pptv", "PPTV", "sohu", "xigua","bilibili", "哔哩哔哩", "哔哩"],"header":{"User-Agent":"okhttp/4.1.0"}} },
{"name": "并发A", "type": 1, "url": "http://110.42.2.247:880/analysis/json/?uid=2384&my=bcijquvxAFKMUY0579&format=json&url=","ext": {"flag": ["qq", "腾讯", "qiyi", "爱奇艺", "奇艺", "youku", "优酷", "mgtv", "芒果", "letv", "乐视", "pptv", "PPTV", "sohu", "bilibili", "哔哩哔哩", "哔哩"],"header":{"User-Agent":"okhttp/4.1.0"}}},
{"name": "并发B","type":1,"url":"https://jx.bingzhe.wang/api/v1/tvbox/parse?key=Rjb9UE4d4So4XY&url=","ext":{"flag":["qq","腾讯","企鹅","IQiYi","qiyi","爱奇艺","奇艺","youku","YouKu","优酷","sohu","SoHu","搜狐","letv","LeShi","乐视","imgo","mgtv","MangGuo","芒果","SLYS4k","BYGA","luanzi","AliS","dxzy","bilibili","QEYSS","xigua","西瓜视频","腾讯视频","奇艺视频","优酷视频","芒果视频","乐视视频"]}},
{"name": "并发C","type": 1,"url": "http://jiexi.lyyytv.cn/json.php?url=","ext": {"flag": ["XY"],"header": {"User-Agent": "okhttp/3.12.11"}}},
{"name": "并发D","type": 1,"url": "http://110.42.2.247:880/analysis/json/?uid=2384&my=bcijquvxAFKMUY0579&format=json&url="},
{"name": "并发E","type": 1,"url": "http://27.124.4.42:4567/jhjson/ceshi.php?url=","ext": {"flag": ["qq", "腾讯", "qiyi", "爱奇艺", "奇艺", "youku", "优酷", "mgtv", "芒果", "letv", "乐视", "pptv", "PPTV", "sohu", "bilibili", "哔哩哔哩", "哔哩"],"header":{"User-Agent":"okhttp/4.1.0"}}},
{"name": "并发F", "type": 1, "url": "https://hd.396pay.cn/api/?key=WYfoc47cVuA6xeED4H&url=", "ext": { "flag": [ "JHA", "JHB", "mmal"] }},

{"name": "嗅探0","type": 0,"url": "https://svip.ikumiao.icu/dm/?uid=4292751&key=dikpqruyBHLNQW0346&url=","ext": {"flag": ["qq", "腾讯", "qiyi", "爱奇艺", "奇艺", "youku", "优酷", "mgtv", "芒果", "letv", "乐视", "pptv", "PPTV", "sohu", "bilibili", "哔哩哔哩", "哔哩"],"header":{"User-Agent": "Lavf/58.12.100"}}},
{"name": "嗅探1", "type": 0, "url": "https://jx.xmflv.com/?url=", "ext": {"flag": ["qq", "腾讯", "qiyi", "爱奇艺", "奇艺", "youku", "优酷", "mgtv", "芒果", "imgo", "letv", "乐视", "pptv", "PPTV", "sohu", "bilibili", "哔哩哔哩", "哔哩"], "header": {"User-Agent": "okhttp/4.1.0"}}}, 
{"name": "嗅探2","type": 0,"url": "https://www.8090g.cn/jiexi/?url="}, 
{"name": "嗅探3","type": 0,"url": "https://jx.jsonplayer.com/player/?url="}, 
{"name": "嗅探4","type":0,"url":"https://www.pangujiexi.com/pangu/?url=","ext":{"flag":["qq","腾讯","企鹅","sohu","SoHu","搜狐","SLYS4k","BYGA","luanzi","AliS","dxzy","bilibili","QEYSS","xigua","西瓜视频","腾讯视频","奇艺视频","优酷视频","芒果视频","乐视视频"]}},
{"name": "嗅探5","url":"https://jx.bozrc.com:4433/player/?url=","type":0,"ext":{"flag":["qiyi","imgo","爱奇艺","奇艺","qq","腾讯","youku","优酷","pptv","PPTV","letv","乐视","leshi","bilibili","哔哩哔哩","哔哩","mgtv","芒果","sohu","xigua","fun","风行"],"header":{"User-Agent":"Mozilla/5.0"}}},
{"name": "嗅探6","type":0,"url":"https://www.ckplayer.vip/jiexi/?url=","ext":{"flag":["sohu","SoHu","搜狐","SLYS4k","BYGA","luanzi","AliS","dxzy","bilibili","QEYSS","xigua","西瓜视频","腾讯视频","奇艺视频","优酷视频","芒果视频","乐视视频"]}},
{"name": "嗅探7","type": 0,"url": "https://jx.xmflv.com/?url="},
{"name": "嗅探8","type": 0,"url": "https://www.8090g.cn/jiexi/?url="}, 
{"name": "嗅探9","url":"http://api.wpsseo.cn/?v=","type":0,"ext":{"flag":["qiyi","imgo","爱奇艺","奇艺","qq","腾讯","youku","优酷","pptv","PPTV","letv","乐视","leshi","bilibili","哔哩哔哩","哔哩","mgtv","7-芒果","sohu","xigua","fun","风行"],"header":{"User-Agent":"Mozilla/5.0"}}},
{"name": "嗅探A","type": 0, "url": "https://jx.jsonplayer.com/player/?url="},
{"name": "嗅探B","type":0,"url":"https://jx.bozrc.com:4433/player/?url=","ext":{"header":{"User-Agent":"okhttp/4.1.0"},"flag":["qq","腾讯","qiyi","爱奇艺","奇艺","youku","优酷","mgtv","芒果","letv","leshi","LS","乐视","pptv","PPTV","sohu","bilibili","哔哩哔哩","哔哩"]}},
{"name": "嗅探C","url":"https://jx.bozrc.com:4433/player/?url=","showType":1},
{"name": "嗅探D","type": 0,"url": "https://jx.bozrc.com:4433/player/?url=","ext":{"flag":["qq","腾讯","qiyi","iqiyi","爱奇艺","奇艺","youku","优酷","mgtv","芒果","letv","乐视","pptv","PPTV","sohu","bilibili","哔哩哔哩","哔哩"]}},
{"name": "嗅探E","type":0,"url":"https://www.yemu.xyz/?url="},
{"name": "嗅探F","type":0,"url":"https://jx.xmflv.com/?url=","ext":{"flag":["qq","腾讯","qiyi","爱奇艺","奇艺","youku","优酷","sohu","搜狐","letv","乐视","mgtv","芒果","imgo","rx","ltnb","bilibili","1905","xigua"]}}],

"flags":
["youku","qq","QQ","iqiyi","qiyi","letv","sohu","tudou","pptv","PPTV","mgtv","ltnb","rx","CL4K","xfyun","wuduzy","wasu","bilibili","renrenmi","xmm","xigua","m1905 ","funshion ","duoduozy","xinluan","ddzy","tgqp","tkqp","XRJX","优酷","芒果","腾讯","爱奇艺","奇艺","哔哩哔哩","哔哩"],

"ijk":
[{"group":"软解码","options":[{"category":4,"name":"opensles","value":"0"},{"category":1,"name":"fflags","value":"fastseek"},{"category":4,"name":"framedrop","value":"1"},{"category":4,"name":"enable-accurate-seek","value":"0"},{"category":4,"name":"start-on-prepared","value":"1"},{"category":1,"name":"http-detect-range-support","value":"0"},{"category":4,"name":"mediacodec-handle-resolution-change","value":"0"},{"category":2,"name":"skip_loop_filter","value":"48"},{"category":4,"name":"reconnect","value":"1"},{"category":4,"name":"overlay-format","value":"842225234"},{"category":4,"name":"mediacodec","value":"0"},{"category":4,"name":"mediacodec-auto-rotate","value":"0"},{"category":4,"name":"soundtouch","value":"1"},{"category":4,"name":"mediacodec-hevc","value":"0"},{"category":1,"name":"dns_cache_timeout","value":"600000000"}]},
{"group":"硬解码","options":[{"category":4,"name":"opensles","value":"0"},{"category":1,"name":"fflags","value":"fastseek"},{"category":4,"name":"framedrop","value":"1"},{"category":4,"name":"enable-accurate-seek","value":"0"},{"category":4,"name":"start-on-prepared","value":"1"},{"category":1,"name":"http-detect-range-support","value":"0"},{"category":4,"name":"mediacodec-handle-resolution-change","value":"1"},{"category":2,"name":"skip_loop_filter","value":"48"},{"category":4,"name":"reconnect","value":"1"},{"category":4,"name":"overlay-format","value":"842225234"},{"category":4,"name":"mediacodec","value":"1"},{"category":4,"name":"mediacodec-auto-rotate","value":"1"},{"category":4,"name":"soundtouch","value":"1"},{"category":4,"name":"mediacodec-hevc","value":"1"},{"category":1,"name":"dns_cache_timeout","value":"600000000"}]}],

"rules":
[{"name":"米来","hosts":["zy.behds.cn"],"regex":["#EXTINF"]},{"name":"爱酷","hosts":["cdn.json.icu"],"regex":["#EXTINF:1.000000,[\\s\\S]*?#EXT-X-ENDLIST"]},{"name":"量子广告","hosts":["vip.lz","hd.lz"],"regex":["#EXT-X-DISCONTINUITY\\r*\\n*#EXTINF:6.433333,[\\s\\S]*?#EXT-X-DISCONTINUITY","#EXTINF.*?\\s+.*?1o.*?\\.ts\\s+"]},{"name":"非凡广告","hosts":["vip.ffzy","hd.ffzy"],"regex":["#EXT-X-DISCONTINUITY\\r*\\n*#EXTINF:6.666667,[\\s\\S]*?#EXT-X-DISCONTINUITY","#EXTINF.*?\\s+.*?1o.*?\\.ts\\s+"]},{"name":"火山嗅探","hosts":["huoshan.com"],"regex":["item_id="]},{"name":"抖音嗅探","hosts":["douyin.com"],"regex":["is_play_url="]}],

"ads":
["mimg.0c1q0l.cn","www.googletagmanager.com","www.google-analytics.com","mc.usihnbcq.cn","mg.g1mm3d.cn","mscs.svaeuzh.cn","cnzz.hhttm.top","tp.vinuxhome.com","cnzz.mmstat.com","www.baihuillq.com","s23.cnzz.com","z3.cnzz.com","c.cnzz.com","stj.v1vo.top","z12.cnzz.com","img.mosflower.cn","tips.gamevvip.com","ehwe.yhdtns.com","xdn.cqqc3.com","www.jixunkyy.cn","sp.chemacid.cn","hm.baidu.com","s9.cnzz.com","z6.cnzz.com","um.cavuc.com","mav.mavuz.com","wofwk.aoidf3.com","z5.cnzz.com","xc.hubeijieshikj.cn","tj.tianwenhu.com","xg.gars57.cn","k.jinxiuzhilv.com","cdn.bootcss.com","ppl.xunzhuo123.com","xomk.jiangjunmh.top","img.xunzhuo123.com","z1.cnzz.com","s13.cnzz.com","xg.huataisangao.cn","z7.cnzz.com","xg.huataisangao.cn","z2.cnzz.com","s96.cnzz.com","q11.cnzz.com","thy.dacedsfa.cn","xg.whsbpw.cn","s19.cnzz.com","z8.cnzz.com","s4.cnzz.com","f5w.as12df.top","ae01.alicdn.com","www.92424.cn","k.wudejia.com","vivovip.mmszxc.top","qiu.xixiqiu.com","cdnjs.hnfenxun.com","cms.qdwght.com"]}