{
    "spider": "http://yydf.540734621.xyz/yydf/yydf/bd/watson/f.jar;md5;60d5e47e1bbfa645ee6fb5aa561eee28",
    "sites": [
        {
            "key": "drpy_js_荐片",
            "name": "影视 | 荐片[js]",
            "type": 3,
            "api": "http://yydf.540734621.xyz/yydf/yydf/bd/watson/lib/drpy2.min.js",
            "ext": "http://yydf.540734621.xyz/yydf/yydf/bd/watson/js/荐片.js",
            "playerType": "1"
        },
        {
            "key": "drpy_js_JRKAN直播",
            "name": "体育 | JRKAN直播[js]",
            "type": 3,
            "api": "http://yydf.540734621.xyz/yydf/yydf/bd/watson/lib/drpy.min.js",
            "ext": "http://yydf.540734621.xyz/yydf/yydf/bd/watson/js/JRKAN直播.js"
        },
        {
            "key": "drpy_js_88看球",
            "name": "体育 | 88看球[js]",
            "type": 3,
            "api": "http://yydf.540734621.xyz/yydf/yydf/bd/watson/lib/drpy2.min.js",
            "ext": "http://yydf.540734621.xyz/yydf/yydf/bd/watson/js/88看球.js"
        },
        {
            "key": "drpy_js_310直播",
            "name": "体育 | 310直播[js]",
            "type": 3,
            "api": "http://yydf.540734621.xyz/yydf/yydf/bd/watson/lib/drpy2.min.js",
            "ext": "http://yydf.540734621.xyz/yydf/yydf/bd/watson/js/310直播.js"
        },
        {
            "key": "drpy_js_我的哔哩",
            "name": "我的哔哩[js]",
            "type": 3,
            "api": "http://yydf.540734621.xyz/yydf/yydf/bd/watson/lib/drpy2.min.js",
            "ext": "http://yydf.540734621.xyz/yydf/yydf/bd/watson/js/我的哔哩.js"
        },
        {
            "key": "sharenice_open",
            "name": "短视频[cat]",
            "type": 3,
            "api": "http://yydf.540734621.xyz/yydf/yydf/bd/watson/cat/sharenice_open.js",
            "playerType": "2"
        },
        {
            "key": "猫南瓜",
            "name": "南瓜[cat]",
            "type": 3,
            "api": "http://yydf.540734621.xyz/yydf/yydf/bd/watson/cat/猫南瓜.js"
        },
        {
            "key": "555",
            "name": "三五[cat]",
            "type": 3,
            "api": "http://yydf.540734621.xyz/yydf/yydf/bd/watson/cat/555dy_open.js"
        },
        {
            "key": "jojo",
            "name": "舟舟[cat]",
            "type": 3,
            "api": "http://yydf.540734621.xyz/yydf/yydf/bd/watson/cat/jojo_open.js"
        },
        {
            "key": "yqk",
            "name": "一起看[cat]",
            "type": 3,
            "api": "http://yydf.540734621.xyz/yydf/yydf/bd/watson/cat/yqktv_open.js"
        },
        {
            "key": "nangua",
            "name": "南瓜影视[cat]",
            "type": 3,
            "api": "http://yydf.540734621.xyz/yydf/yydf/bd/watson/cat/ng_open.js"
        },
        {
            "key": "subaibai",
            "name": "素白白[cat]",
            "type": 3,
            "api": "http://yydf.540734621.xyz/yydf/yydf/bd/watson/cat/subaibai_open.js"
        },
        {
            "key": "cntv",
            "name": "央视[cat]",
            "type": 3,
            "api": "http://yydf.540734621.xyz/yydf/yydf/bd/watson/cat/cntv_open.js"
        },
        {
            "key": "230ts",
            "name": "爱上你听书网[cat]",
            "type": 3,
            "api": "http://yydf.540734621.xyz/yydf/yydf/bd/watson/cat/230ts_open.js"
        },
        {
            "key": "dj0898_book_open",
            "name": "DJ网[cat]",
            "type": 3,
            "api": "http://yydf.540734621.xyz/yydf/yydf/bd/watson/cat/MyDJ0898.js",
            "playerType": "2"
        },
        {
            "key": "ikanbot_open",
            "name": "爱看bot[cat]",
            "type": 3,
            "api": "http://yydf.540734621.xyz/yydf/yydf/bd/watson/cat/ikanbot_open.js"
        },
        {
            "key": "bookan_book_open",
            "name": "博看[cat]",
            "type": 3,
            "api": "http://yydf.540734621.xyz/yydf/yydf/bd/watson/cat/MyCatBookan.js"
        },
        {
            "key": "boosj_open",
            "name": "童趣[cat]",
            "type": 3,
            "api": "http://yydf.540734621.xyz/yydf/yydf/bd/watson/cat/boosj_open.js"
        },
        {
            "key": "tuxiaobei_open",
            "name": "兔小贝[cat]",
            "type": 3,
            "api": "http://yydf.540734621.xyz/yydf/yydf/bd/watson/cat/tuxiaobei_open.js"
        },
        {
            "key": "ubestkid_open",
            "name": "贝乐虎[cat]",
            "type": 3,
            "api": "http://yydf.540734621.xyz/yydf/yydf/bd/watson/cat/ubestkid_open.js"
        },
        {
            "key": "bili_open",
            "name": "哔哩貓[影视专用]",
            "type": 3,
            "api": "http://yydf.540734621.xyz/yydf/yydf/bd/watson/js/bili_open.js",
            "searchable": 1,
            "changeable": 0,
            "ext": {
                "categories": "沙雕动画#沙雕穿越#沙雕",
                "cookie": "http://127.0.0.1:9978/file/XYQTVBox/bili_cookie.txt"
            }
        },
        {
            "key": "drpy_js_短剧网",
            "name": "影视 | 短剧网[js]",
            "type": 3,
            "api": "http://yydf.540734621.xyz/yydf/yydf/bd/watson/lib/drpy2.min.js",
            "ext": "http://yydf.540734621.xyz/yydf/yydf/bd/watson/js/短剧网.js"
        },
        {
            "key": "drpy_js_阿布影院",
            "name": "影视 | 阿布影院[js]",
            "type": 3,
            "api": "http://yydf.540734621.xyz/yydf/yydf/bd/watson/lib/drpy2.min.js",
            "ext": "http://yydf.540734621.xyz/yydf/yydf/bd/watson/js/阿布影院.js"
        },
        {
            "key": "drpy_js_抓饭体育",
            "name": "体育 | 抓饭体育[js]",
            "type": 3,
            "api": "http://yydf.540734621.xyz/yydf/yydf/bd/watson/lib/drpy2.min.js",
            "ext": "http://yydf.540734621.xyz/yydf/yydf/bd/watson/js/抓饭体育.js"
        },
        {
            "key": "drpy_js_武享吧",
            "name": "体育 | 武享吧[js]",
            "type": 3,
            "api": "http://yydf.540734621.xyz/yydf/yydf/bd/watson/lib/drpy2.min.js",
            "ext": "http://yydf.540734621.xyz/yydf/yydf/bd/watson/js/武享吧.js"
        },
        {
            "key": "drpy_rrdyw",
            "name": "影视 | rrdyw[js]",
            "type": 3,
            "api": "http://yydf.540734621.xyz/yydf/yydf/bd/watson/lib/drpy2.min.js",
            "ext": "http://yydf.540734621.xyz/yydf/yydf/bd/watson/js/rrdyw.js"
        },
        {
            "key": "drpy_js_4KHDR[磁]",
            "name": "磁力 | 4KHDR[磁][js]",
            "type": 3,
            "api": "http://yydf.540734621.xyz/yydf/yydf/bd/watson/lib/drpy2.min.js",
            "ext": "http://yydf.540734621.xyz/yydf/yydf/bd/watson/js/4KHDR[磁].js"
        },
        {
            "key": "drpy_js_6V新版[磁]",
            "name": "磁力 | 6V新版[磁][js]",
            "type": 3,
            "api": "http://yydf.540734621.xyz/yydf/yydf/bd/watson/lib/drpy2.min.js",
            "ext": "http://yydf.540734621.xyz/yydf/yydf/bd/watson/js/6V新版[磁].js"
        },
        {
            "key": "drpy_js_磁力熊[磁]",
            "name": "磁力 | 磁力熊[磁][js]",
            "type": 3,
            "api": "http://yydf.540734621.xyz/yydf/yydf/bd/watson/lib/drpy2.min.js",
            "ext": "http://yydf.540734621.xyz/yydf/yydf/bd/watson/js/磁力熊[磁].js"
        },
        {
            "key": "好趣网",
            "name": "电视 | 好趣网[js]",
            "type": 3,
            "api": "http://yydf.540734621.xyz/yydf/yydf/bd/watson/lib/drpy2.min.js",
            "ext": "http://yydf.540734621.xyz/yydf/yydf/bd/watson/js/好趣网.js"
        },
        {
            "key": "drpy_js_小纸条",
            "name": "小纸条[测试js]",
            "type": 3,
            "api": "http://yydf.540734621.xyz/yydf/yydf/bd/watson/js/小纸条一级推送测试.js"
        },
        {
            "key": "drpy_js_ikanbot1",
            "name": "聚搜 | 爱看机器人1[js]",
            "type": 3,
            "api": "http://yydf.540734621.xyz/yydf/yydf/bd/watson/lib/drpy2.min.js",
            "ext": "http://yydf.540734621.xyz/yydf/yydf/bd/watson/js/爱看机器人.js"
        },
        {
            "key": "drpy_js_ikanbot2",
            "name": "聚搜 | 爱看机器人2[js]",
            "type": 3,
            "api": "http://yydf.540734621.xyz/yydf/yydf/bd/watson/lib/drpy2.min.js",
            "ext": "http://yydf.540734621.xyz/yydf/yydf/bd/watson/js/ikanbot2.js"
        },
        {
            "key": "drpy_js_ikanbot3",
            "name": "聚搜 | 爱看机器人3[js]",
            "type": 3,
            "api": "http://yydf.540734621.xyz/yydf/yydf/bd/watson/lib/drpy2.min.js",
            "ext": "http://yydf.540734621.xyz/yydf/yydf/bd/watson/js/ikanbot3.js"
        },
        {
            "key": "drpy_js_lf_ikanbot",
            "name": "影视 | lf_ikanbot[js]",
            "type": 3,
            "api": "http://yydf.540734621.xyz/yydf/yydf/bd/watson/js/lf_ikanbot4_1_min.js"
        },
        {
            "key": "道长直播2点播",
            "name": "电视 | 直播[js]",
            "type": 3,
            "api": "http://yydf.540734621.xyz/yydf/yydf/bd/watson/lib/live2cms.js",
            "ext": "http://yydf.540734621.xyz/yydf/yydf/bd/watson/js/live2mv_data.json"
        },
        {
            "key": "路飞直播2点播",
            "name": "电视 | 路飞[js]",
            "type": 3,
            "api": "http://yydf.540734621.xyz/yydf/yydf/bd/watson/lib/lf_live10_min.js",
            "ext": "http://yydf.540734621.xyz/yydf/yydf/bd/watson/js/lf_live.json"
        },
        {
            "key": "MV_vod",
            "name": "电视┃MTV",
            "type": 1,
            "api": "https://tvbox-mv--leosam2048.repl.co/mv/vod"
        },
        {
            "key": "drpy_js_豆瓣",
            "name": "搜索 | 豆瓣[js]",
            "type": 3,
            "api": "http://yydf.540734621.xyz/yydf/yydf/bd/watson/lib/drpy2.min.js",
            "ext": "http://yydf.540734621.xyz/yydf/yydf/bd/watson/js/drpy.js"
        },
        {
            "key": "drpy_js_lf_p2p",
            "name": "影视 | lf_p2p[js]",
            "type": 3,
            "api": "http://yydf.540734621.xyz/yydf/yydf/bd/watson/js/lf_p2p1_min.js"
        },
        {
            "key": "drpy_js_Alist",
            "name": "网盘 | Alist[js]",
            "type": 3,
            "api": "http://yydf.540734621.xyz/yydf/yydf/bd/watson/lib/alist.min.js",
            "ext": "http://yydf.540734621.xyz/yydf/yydf/bd/watson/js/alist.json"
        },
        {
            "key": "drpy_js_360影视",
            "name": "官源 | 360[js]",
            "type": 3,
            "api": "http://yydf.540734621.xyz/yydf/yydf/bd/watson/lib/drpy2.min.js",
            "ext": "http://yydf.540734621.xyz/yydf/yydf/bd/watson/js/360影视.js"
        },
        {
            "key": "drpy_js_奇珍异兽",
            "name": "官源 | 爱奇艺[js]",
            "type": 3,
            "api": "http://yydf.540734621.xyz/yydf/yydf/bd/watson/lib/drpy2.min.js",
            "ext": "http://yydf.540734621.xyz/yydf/yydf/bd/watson/js/奇珍异兽.js"
        },
        {
            "key": "drpy_js_优酷",
            "name": "官源 | 优酷[js]",
            "type": 3,
            "api": "http://yydf.540734621.xyz/yydf/yydf/bd/watson/lib/drpy2.min.js",
            "ext": "http://yydf.540734621.xyz/yydf/yydf/bd/watson/js/优酷.js"
        },
        {
            "key": "drpy_js_腾云驾雾",
            "name": "官源 | 腾讯[js]",
            "type": 3,
            "api": "http://yydf.540734621.xyz/yydf/yydf/bd/watson/lib/drpy2.min.js",
            "ext": "http://yydf.540734621.xyz/yydf/yydf/bd/watson/js/腾云驾雾.js"
        },
        {
            "key": "drpy_js_百忙无果",
            "name": "官源 | 芒果[js]",
            "type": 3,
            "api": "http://yydf.540734621.xyz/yydf/yydf/bd/watson/lib/drpy2.min.js",
            "ext": "http://yydf.540734621.xyz/yydf/yydf/bd/watson/js/百忙无果.js"
        },
        {
            "key": "drpy_js_菜狗",
            "name": "官源 | 搜狗[js]",
            "type": 3,
            "api": "http://yydf.540734621.xyz/yydf/yydf/bd/watson/lib/drpy2.min.js",
            "ext": "http://yydf.540734621.xyz/yydf/yydf/bd/watson/js/菜狗.js"
        },
        {
            "key": "drpy_js_低端",
            "name": "影视 | 低端[js]",
            "type": 3,
            "api": "http://yydf.540734621.xyz/yydf/yydf/bd/watson/lib/drpy2.min.js",
            "ext": "http://yydf.540734621.xyz/yydf/yydf/bd/watson/js/ddys.js"
        },
        {
            "key": "drpy_js_农民",
            "name": "影视 | 农民[js]",
            "type": 3,
            "api": "http://yydf.540734621.xyz/yydf/yydf/bd/watson/lib/drpy2.min.js",
            "ext": "http://yydf.540734621.xyz/yydf/yydf/bd/watson/js/农民影视.js"
        },
        {
            "key": "drpy_js_爱看",
            "name": "影视 | 爱看[js]",
            "type": 3,
            "api": "http://yydf.540734621.xyz/yydf/yydf/bd/watson/lib/drpy2.min.js",
            "ext": "http://yydf.540734621.xyz/yydf/yydf/bd/watson/js/爱看.js"
        },
        {
            "key": "drpy_js_玄天",
            "name": "影视 | 玄天[js]",
            "type": 3,
            "api": "http://yydf.540734621.xyz/yydf/yydf/bd/watson/lib/drpy2.min.js",
            "ext": "http://yydf.540734621.xyz/yydf/yydf/bd/watson/js/玄天.js"
        },
        {
            "key": "drpy_js_徕米TV",
            "name": "影视 | 徕米TV[js]",
            "type": 3,
            "api": "http://yydf.540734621.xyz/yydf/yydf/bd/watson/lib/drpy2.min.js",
            "ext": "http://yydf.540734621.xyz/yydf/yydf/bd/watson/js/徕米TV.js"
        },
        {
            "key": "drpy_js_咕噜[V2]",
            "name": "影视 | 咕噜[V2][js]",
            "type": 3,
            "api": "http://yydf.540734621.xyz/yydf/yydf/bd/watson/lib/drpy2.min.js",
            "ext": "http://yydf.540734621.xyz/yydf/yydf/bd/watson/js/咕噜[V2].js"
        },
        {
            "key": "drpy_js_宝片[V2]",
            "name": "影视 | 宝片[V2][js]",
            "type": 3,
            "api": "http://yydf.540734621.xyz/yydf/yydf/bd/watson/lib/drpy2.min.js",
            "ext": "http://yydf.540734621.xyz/yydf/yydf/bd/watson/js/宝片[V2].js"
        },
        {
            "key": "drpy_js_映迷[V2]",
            "name": "影视 | 映迷[V2][js]",
            "type": 3,
            "api": "http://yydf.540734621.xyz/yydf/yydf/bd/watson/lib/drpy2.min.js",
            "ext": "http://yydf.540734621.xyz/yydf/yydf/bd/watson/js/映迷[V2].js"
        },
        {
            "key": "drpy_js_吼吼[V2]",
            "name": "影视 | 吼吼[V2][js]",
            "type": 3,
            "api": "http://yydf.540734621.xyz/yydf/yydf/bd/watson/lib/drpy2.min.js",
            "ext": "http://yydf.540734621.xyz/yydf/yydf/bd/watson/js/吼吼[V2].js"
        },
        {
            "key": "drpy_js_影探[V2]",
            "name": "影视 | 影探[V2][js]",
            "type": 3,
            "api": "http://yydf.540734621.xyz/yydf/yydf/bd/watson/lib/drpy2.min.js",
            "ext": "http://yydf.540734621.xyz/yydf/yydf/bd/watson/js/影探[V2].js"
        },
        {
            "key": "drpy_js_鑫鑫[V2]",
            "name": "影视 | 鑫鑫[V2][js]",
            "type": 3,
            "api": "http://yydf.540734621.xyz/yydf/yydf/bd/watson/lib/drpy2.min.js",
            "ext": "http://yydf.540734621.xyz/yydf/yydf/bd/watson/js/鑫鑫[V2].js"
        },
        {
            "key": "drpy_js_飞云[V2]",
            "name": "影视 | 飞云[V2][js]",
            "type": 3,
            "api": "http://yydf.540734621.xyz/yydf/yydf/bd/watson/lib/drpy2.min.js",
            "ext": "http://yydf.540734621.xyz/yydf/yydf/bd/watson/js/飞云[V2].js"
        },
        {
            "key": "drpy_js_69美剧[V2]",
            "name": "影视 | 69美剧[V2][js]",
            "type": 3,
            "api": "http://yydf.540734621.xyz/yydf/yydf/bd/watson/lib/drpy2.min.js",
            "ext": "http://yydf.540734621.xyz/yydf/yydf/bd/watson/js/69美剧[V2].js"
        },
        {
            "key": "drpy_js_UM电影[V2]",
            "name": "影视 | UM电影[V2][js]",
            "type": 3,
            "api": "http://yydf.540734621.xyz/yydf/yydf/bd/watson/lib/drpy2.min.js",
            "ext": "http://yydf.540734621.xyz/yydf/yydf/bd/watson/js/UM电影[V2].js"
        },
        {
            "key": "drpy_js_532影院[V2]",
            "name": "影视 | 532影院[V2][js]",
            "type": 3,
            "api": "http://yydf.540734621.xyz/yydf/yydf/bd/watson/lib/drpy2.min.js",
            "ext": "http://yydf.540734621.xyz/yydf/yydf/bd/watson/js/532影院[V2].js"
        },
        {
            "key": "drpy_js_555电影[V2]",
            "name": "影视 | 555电影[V2][js]",
            "type": 3,
            "api": "http://yydf.540734621.xyz/yydf/yydf/bd/watson/lib/drpy2.min.js",
            "ext": "http://yydf.540734621.xyz/yydf/yydf/bd/watson/js/555电影[V2].js"
        },
        {
            "key": "drpy_js_cokemv[V2]",
            "name": "影视 | cokemv[V2][js]",
            "type": 3,
            "api": "http://yydf.540734621.xyz/yydf/yydf/bd/watson/lib/drpy2.min.js",
            "ext": "http://yydf.540734621.xyz/yydf/yydf/bd/watson/js/cokemv[V2].js"
        },
        {
            "key": "drpy_js_路人甲[V2]",
            "name": "影视 | 路人甲[V2][js]",
            "type": 3,
            "api": "http://yydf.540734621.xyz/yydf/yydf/bd/watson/lib/drpy2.min.js",
            "ext": "http://yydf.540734621.xyz/yydf/yydf/bd/watson/js/路人甲[V2].js"
        },
        {
            "key": "drpy_js_奈飞狗[V2]",
            "name": "影视 | 奈飞狗[V2][js]",
            "type": 3,
            "api": "http://yydf.540734621.xyz/yydf/yydf/bd/watson/lib/drpy2.min.js",
            "ext": "http://yydf.540734621.xyz/yydf/yydf/bd/watson/js/奈飞狗[V2].js"
        },
        {
            "key": "drpy_js_美益达[V2]",
            "name": "影视 | 美益达[V2][js]",
            "type": 3,
            "api": "http://yydf.540734621.xyz/yydf/yydf/bd/watson/lib/drpy2.min.js",
            "ext": "http://yydf.540734621.xyz/yydf/yydf/bd/watson/js/美益达[V2].js"
        },
        {
            "key": "drpy_js_极狐[V2]",
            "name": "影视 | 北极狐[V2][js]",
            "type": 3,
            "api": "http://yydf.540734621.xyz/yydf/yydf/bd/watson/lib/drpy2.min.js",
            "ext": "http://yydf.540734621.xyz/yydf/yydf/bd/watson/js/北极狐[V2].js"
        },
        {
            "key": "drpy_js_EMO蓝光[V2]",
            "name": "影视 | EMO蓝光[V2][js]",
            "type": 3,
            "api": "http://yydf.540734621.xyz/yydf/yydf/bd/watson/lib/drpy2.min.js",
            "ext": "http://yydf.540734621.xyz/yydf/yydf/bd/watson/js/EMO蓝光[V2].js"
        },
        {
            "key": "drpy_js_思古影视[V2]",
            "name": "影视 | 思古影视[V2][js]",
            "type": 3,
            "api": "http://yydf.540734621.xyz/yydf/yydf/bd/watson/lib/drpy2.min.js",
            "ext": "http://yydf.540734621.xyz/yydf/yydf/bd/watson/js/思古影视[V2].js"
        },
        {
            "key": "drpy_js_大米星球[V2]",
            "name": "影视 | 大米星球[V2][js]",
            "type": 3,
            "api": "http://yydf.540734621.xyz/yydf/yydf/bd/watson/lib/drpy2.min.js",
            "ext": "http://yydf.540734621.xyz/yydf/yydf/bd/watson/js/大米星球[V2].js"
        },
        {
            "key": "drpy_js_曲奇影视[V2]",
            "name": "影视 | 曲奇影视[V2][js]",
            "type": 3,
            "api": "http://yydf.540734621.xyz/yydf/yydf/bd/watson/lib/drpy2.min.js",
            "ext": "http://yydf.540734621.xyz/yydf/yydf/bd/watson/js/曲奇影视[V2].js"
        },
        {
            "key": "drpy_js_落攻阁影视[V2]",
            "name": "影视 | 落攻阁影视[V2][js]",
            "type": 3,
            "api": "http://yydf.540734621.xyz/yydf/yydf/bd/watson/lib/drpy2.min.js",
            "ext": "http://yydf.540734621.xyz/yydf/yydf/bd/watson/js/落攻阁影视[V2].js"
        },
        {
            "key": "drpy_js_网飞.TV",
            "name": "影视 | 网飞.TV[js]",
            "type": 3,
            "api": "http://yydf.540734621.xyz/yydf/yydf/bd/watson/lib/drpy2.min.js",
            "ext": "http://yydf.540734621.xyz/yydf/yydf/bd/watson/js/网飞.TV.js"
        },
        {
            "key": "drpy_js_花猫TV",
            "name": "影视 | 花猫TV[js]",
            "type": 3,
            "api": "http://yydf.540734621.xyz/yydf/yydf/bd/watson/lib/drpy2.min.js",
            "ext": "http://yydf.540734621.xyz/yydf/yydf/bd/watson/js/花猫TV.js"
        },
        {
            "key": "drpy_js_兰花影院",
            "name": "影视 | 兰花影院[js]",
            "type": 3,
            "api": "http://yydf.540734621.xyz/yydf/yydf/bd/watson/lib/drpy2.min.js",
            "ext": "http://yydf.540734621.xyz/yydf/yydf/bd/watson/js/兰花影院.js"
        },
        {
            "key": "drpy_js_TV云播",
            "name": "影视 | TV云播[js]",
            "type": 3,
            "api": "http://yydf.540734621.xyz/yydf/yydf/bd/watson/lib/drpy2.min.js",
            "ext": "http://yydf.540734621.xyz/yydf/yydf/bd/watson/js/TV云播.js"
        },
        {
            "key": "drpy_js_中国人",
            "name": "影视 | 中国人[js]",
            "type": 3,
            "api": "http://yydf.540734621.xyz/yydf/yydf/bd/watson/lib/drpy2.min.js",
            "ext": "http://yydf.540734621.xyz/yydf/yydf/bd/watson/js/中国人.js"
        },
        {
            "key": "drpy_js_新片场",
            "name": "影视 | 新片场[js]",
            "type": 3,
            "api": "http://yydf.540734621.xyz/yydf/yydf/bd/watson/lib/drpy2.min.js",
            "ext": "http://yydf.540734621.xyz/yydf/yydf/bd/watson/js/新片场.js"
        },
        {
            "key": "drpy_js_蛋蛋剧",
            "name": "影视 | 蛋蛋剧[js]",
            "type": 3,
            "api": "http://yydf.540734621.xyz/yydf/yydf/bd/watson/lib/drpy2.min.js",
            "ext": "http://yydf.540734621.xyz/yydf/yydf/bd/watson/js/蛋蛋剧.js"
        },
        {
            "key": "drpy_js_皮皮鸭",
            "name": "影视 | 皮皮鸭[js]",
            "type": 3,
            "api": "http://yydf.540734621.xyz/yydf/yydf/bd/watson/lib/drpy2.min.js",
            "ext": "http://yydf.540734621.xyz/yydf/yydf/bd/watson/js/皮皮鸭.js"
        },
        {
            "key": "drpy_js_看看屋",
            "name": "影视 | 看看屋[js]",
            "type": 3,
            "api": "http://yydf.540734621.xyz/yydf/yydf/bd/watson/lib/drpy2.min.js",
            "ext": "http://yydf.540734621.xyz/yydf/yydf/bd/watson/js/看看屋.js"
        },
        {
            "key": "drpy_js_追剧兔",
            "name": "影视 | 追剧兔[js]",
            "type": 3,
            "api": "http://yydf.540734621.xyz/yydf/yydf/bd/watson/lib/drpy2.min.js",
            "ext": "http://yydf.540734621.xyz/yydf/yydf/bd/watson/js/追剧兔.js"
        },
        {
            "key": "drpy_js_影渣渣",
            "name": "影视 | 影渣渣[js]",
            "type": 3,
            "api": "http://yydf.540734621.xyz/yydf/yydf/bd/watson/lib/drpy2.min.js",
            "ext": "http://yydf.540734621.xyz/yydf/yydf/bd/watson/js/影渣渣.js"
        },
        {
            "key": "drpy_js_免费看",
            "name": "影视 | 免费看[js]",
            "type": 3,
            "api": "http://yydf.540734621.xyz/yydf/yydf/bd/watson/lib/drpy2.min.js",
            "ext": "http://yydf.540734621.xyz/yydf/yydf/bd/watson/js/免费看.js"
        },
        {
            "key": "drpy_js_追剧迷",
            "name": "影视 | 追剧迷[js]",
            "type": 3,
            "api": "http://yydf.540734621.xyz/yydf/yydf/bd/watson/lib/drpy2.min.js",
            "ext": "http://yydf.540734621.xyz/yydf/yydf/bd/watson/js/追剧迷.js"
        },
        {
            "key": "drpy_js_美视网",
            "name": "影视 | 美视网[js]",
            "type": 3,
            "api": "http://yydf.540734621.xyz/yydf/yydf/bd/watson/lib/drpy2.min.js",
            "ext": "http://yydf.540734621.xyz/yydf/yydf/bd/watson/js/美视网.js"
        },
        {
            "key": "drpy_js_美剧网",
            "name": "影视 | 美剧网[js]",
            "type": 3,
            "api": "http://yydf.540734621.xyz/yydf/yydf/bd/watson/lib/drpy2.min.js",
            "ext": "http://yydf.540734621.xyz/yydf/yydf/bd/watson/js/美剧网.js"
        },
        {
            "key": "drpy_js_4K电影网",
            "name": "影视 | 4K电影网[js]",
            "type": 3,
            "api": "http://yydf.540734621.xyz/yydf/yydf/bd/watson/lib/drpy2.min.js",
            "ext": "http://yydf.540734621.xyz/yydf/yydf/bd/watson/js/4K电影网.js"
        },
        {
            "key": "drpy_js_Auete",
            "name": "影视 | Auete[js]",
            "type": 3,
            "api": "http://yydf.540734621.xyz/yydf/yydf/bd/watson/lib/drpy2.min.js",
            "ext": "http://yydf.540734621.xyz/yydf/yydf/bd/watson/js/Auete.js"
        },
        {
            "key": "drpy_js_LIBVIO",
            "name": "影视 | LIBVIO[js]",
            "type": 3,
            "api": "http://yydf.540734621.xyz/yydf/yydf/bd/watson/lib/drpy2.min.js",
            "ext": "http://yydf.540734621.xyz/yydf/yydf/bd/watson/js/LIBVIO.js"
        },
        {
            "key": "drpy_js_HDmoli",
            "name": "影视 | HDmoli[js]",
            "type": 3,
            "api": "http://yydf.540734621.xyz/yydf/yydf/bd/watson/lib/drpy2.min.js",
            "ext": "http://yydf.540734621.xyz/yydf/yydf/bd/watson/js/HDmoli.js"
        },
        {
            "key": "drpy_js_Voflix",
            "name": "影视 | Voflix[js]",
            "type": 3,
            "api": "http://yydf.540734621.xyz/yydf/yydf/bd/watson/lib/drpy2.min.js",
            "ext": "http://yydf.540734621.xyz/yydf/yydf/bd/watson/js/Voflix.js"
        },
        {
            "key": "drpy_js_YOKE影视",
            "name": "影视 | YOKE影视[js]",
            "type": 3,
            "api": "http://yydf.540734621.xyz/yydf/yydf/bd/watson/lib/drpy2.min.js",
            "ext": "http://yydf.540734621.xyz/yydf/yydf/bd/watson/js/YOKE影视.js"
        },
        {
            "key": "drpy_js_两个BT",
            "name": "影视 | 两个BT[js]",
            "type": 3,
            "api": "http://yydf.540734621.xyz/yydf/yydf/bd/watson/lib/drpy2.min.js",
            "ext": "http://yydf.540734621.xyz/yydf/yydf/bd/watson/js/两个BT.js"
        },
        {
            "key": "drpy_js_4k剧院",
            "name": "影视 | 4k剧院[js]",
            "type": 3,
            "api": "http://yydf.540734621.xyz/yydf/yydf/bd/watson/lib/drpy2.min.js",
            "ext": "http://yydf.540734621.xyz/yydf/yydf/bd/watson/js/4k剧院.js"
        },
        {
            "key": "drpy_js_爱迪影视",
            "name": "影视 | 爱迪影视[js]",
            "type": 3,
            "api": "http://yydf.540734621.xyz/yydf/yydf/bd/watson/lib/drpy2.min.js",
            "ext": "http://yydf.540734621.xyz/yydf/yydf/bd/watson/js/爱迪影视.js"
        },
        {
            "key": "drpy_js_哔嘀影视",
            "name": "影视 | 哔嘀影视[js]",
            "type": 3,
            "api": "http://yydf.540734621.xyz/yydf/yydf/bd/watson/lib/drpy2.min.js",
            "ext": "http://yydf.540734621.xyz/yydf/yydf/bd/watson/js/哔嘀影视.js"
        },
        {
            "key": "drpy_js_干饭影视",
            "name": "影视 | 干饭影视[js]",
            "type": 3,
            "api": "http://yydf.540734621.xyz/yydf/yydf/bd/watson/lib/drpy2.min.js",
            "ext": "http://yydf.540734621.xyz/yydf/yydf/bd/watson/js/干饭影视.js"
        },
        {
            "key": "drpy_js_南瓜影视",
            "name": "影视 | 南瓜影视[js]",
            "type": 3,
            "api": "http://yydf.540734621.xyz/yydf/yydf/bd/watson/lib/drpy2.min.js",
            "ext": "http://yydf.540734621.xyz/yydf/yydf/bd/watson/js/南瓜影视.js"
        },
        {
            "key": "drpy_js_朴樱影视",
            "name": "影视 | 朴樱影视[js]",
            "type": 3,
            "api": "http://yydf.540734621.xyz/yydf/yydf/bd/watson/lib/drpy2.min.js",
            "ext": "http://yydf.540734621.xyz/yydf/yydf/bd/watson/js/朴樱影视.js"
        },
        {
            "key": "drpy_js_私人影院",
            "name": "影视 | 私人影院[js]",
            "type": 3,
            "api": "http://yydf.540734621.xyz/yydf/yydf/bd/watson/lib/drpy2.min.js",
            "ext": "http://yydf.540734621.xyz/yydf/yydf/bd/watson/js/私人影院.js"
        },
        {
            "key": "drpy_js_大米星球",
            "name": "影视 | 大米星球[js]",
            "type": 3,
            "api": "http://yydf.540734621.xyz/yydf/yydf/bd/watson/lib/drpy2.min.js",
            "ext": "http://yydf.540734621.xyz/yydf/yydf/bd/watson/js/大米星球.js"
        },
        {
            "key": "drpy_js_时光影视",
            "name": "影视 | 时光影视[js]",
            "type": 3,
            "api": "http://yydf.540734621.xyz/yydf/yydf/bd/watson/lib/drpy2.min.js",
            "ext": "http://yydf.540734621.xyz/yydf/yydf/bd/watson/js/时光影视.js"
        },
        {
            "key": "drpy_js_西瓜影院",
            "name": "影视 | 西瓜影院[js]",
            "type": 3,
            "api": "http://yydf.540734621.xyz/yydf/yydf/bd/watson/lib/drpy2.min.js",
            "ext": "http://yydf.540734621.xyz/yydf/yydf/bd/watson/js/西瓜影院.js"
        },
        {
            "key": "drpy_js_奈飞中文",
            "name": "影视 | 奈飞中文[js]",
            "type": 3,
            "api": "http://yydf.540734621.xyz/yydf/yydf/bd/watson/lib/drpy2.min.js",
            "ext": "http://yydf.540734621.xyz/yydf/yydf/bd/watson/js/奈飞中文.js"
        },
        {
            "key": "drpy_js_热播之家",
            "name": "影视 | 热播之家[js]",
            "type": 3,
            "api": "http://yydf.540734621.xyz/yydf/yydf/bd/watson/lib/drpy2.min.js",
            "ext": "http://yydf.540734621.xyz/yydf/yydf/bd/watson/js/热播之家.js"
        },
        {
            "key": "drpy_js_孜然影视",
            "name": "影视 | 孜然影视[js]",
            "type": 3,
            "api": "http://yydf.540734621.xyz/yydf/yydf/bd/watson/lib/drpy2.min.js",
            "ext": "http://yydf.540734621.xyz/yydf/yydf/bd/watson/js/孜然影视.js"
        },
        {
            "key": "drpy_js_纽约影院",
            "name": "影视 | 纽约影院[js]",
            "type": 3,
            "api": "http://yydf.540734621.xyz/yydf/yydf/bd/watson/lib/drpy2.min.js",
            "ext": "http://yydf.540734621.xyz/yydf/yydf/bd/watson/js/纽约影院.js"
        },
        {
            "key": "drpy_js_开眼视频",
            "name": "影视 | 开眼视频[js]",
            "type": 3,
            "api": "http://yydf.540734621.xyz/yydf/yydf/bd/watson/lib/drpy2.min.js",
            "ext": "http://yydf.540734621.xyz/yydf/yydf/bd/watson/js/开眼视频.js"
        },
        {
            "key": "drpy_js_米爱影视",
            "name": "影视 | 米爱影视[js]",
            "type": 3,
            "api": "http://yydf.540734621.xyz/yydf/yydf/bd/watson/lib/drpy2.min.js",
            "ext": "http://yydf.540734621.xyz/yydf/yydf/bd/watson/js/米爱影视.js"
        },
        {
            "key": "drpy_js_华乐影院",
            "name": "影视 | 华乐影院[js]",
            "type": 3,
            "api": "http://yydf.540734621.xyz/yydf/yydf/bd/watson/lib/drpy2.min.js",
            "ext": "http://yydf.540734621.xyz/yydf/yydf/bd/watson/js/华乐影院.js"
        },
        {
            "key": "drpy_js_秋霞影视",
            "name": "影视 | 秋霞影视[js]",
            "type": 3,
            "api": "http://yydf.540734621.xyz/yydf/yydf/bd/watson/lib/drpy2.min.js",
            "ext": "http://yydf.540734621.xyz/yydf/yydf/bd/watson/js/秋霞影视.js"
        },
        {
            "key": "drpy_js_小狗影院",
            "name": "影视 | 小狗影院[js]",
            "type": 3,
            "api": "http://yydf.540734621.xyz/yydf/yydf/bd/watson/lib/drpy2.min.js",
            "ext": "http://yydf.540734621.xyz/yydf/yydf/bd/watson/js/小狗影院.js"
        },
        {
            "key": "drpy_js_奇优影院",
            "name": "影视 | 奇优影院[js]",
            "type": 3,
            "api": "http://yydf.540734621.xyz/yydf/yydf/bd/watson/lib/drpy2.min.js",
            "ext": "http://yydf.540734621.xyz/yydf/yydf/bd/watson/js/奇优影院.js"
        },
        {
            "key": "drpy_js_厂长资源",
            "name": "影视 | 厂长资源[js]",
            "type": 3,
            "api": "http://yydf.540734621.xyz/yydf/yydf/bd/watson/lib/drpy2.min.js",
            "ext": "http://yydf.540734621.xyz/yydf/yydf/bd/watson/js/厂长资源.js"
        },
        {
            "key": "drpy_js_在线之家",
            "name": "影视 | 在线之家[js]",
            "type": 3,
            "api": "http://yydf.540734621.xyz/yydf/yydf/bd/watson/lib/drpy2.min.js",
            "ext": "http://yydf.540734621.xyz/yydf/yydf/bd/watson/js/在线之家.js"
        },
        {
            "key": "drpy_js_酷云七七",
            "name": "影视 | 酷云七七[js]",
            "type": 3,
            "api": "http://yydf.540734621.xyz/yydf/yydf/bd/watson/lib/drpy2.min.js",
            "ext": "http://yydf.540734621.xyz/yydf/yydf/bd/watson/js/酷云77.js"
        },
        {
            "key": "drpy_js_骚火电影",
            "name": "影视 | 骚火电影[js]",
            "type": 3,
            "api": "http://yydf.540734621.xyz/yydf/yydf/bd/watson/lib/drpy2.min.js",
            "ext": "http://yydf.540734621.xyz/yydf/yydf/bd/watson/js/骚火电影.js"
        },
        {
            "key": "drpy_js_闪影影院",
            "name": "影视 | 闪影影院[js]",
            "type": 3,
            "api": "http://yydf.540734621.xyz/yydf/yydf/bd/watson/lib/drpy2.min.js",
            "ext": "http://yydf.540734621.xyz/yydf/yydf/bd/watson/js/闪影影院.js"
        },
        {
            "key": "drpy_js_电影先生",
            "name": "影视 | 电影先生[js]",
            "type": 3,
            "api": "http://yydf.540734621.xyz/yydf/yydf/bd/watson/lib/drpy2.min.js",
            "ext": "http://yydf.540734621.xyz/yydf/yydf/bd/watson/js/电影先生.js"
        },
        {
            "key": "drpy_js_秋霞影院",
            "name": "影视 | 秋霞影院[js]",
            "type": 3,
            "api": "http://yydf.540734621.xyz/yydf/yydf/bd/watson/lib/drpy2.min.js",
            "ext": "http://yydf.540734621.xyz/yydf/yydf/bd/watson/js/秋霞.js"
        },
        {
            "key": "drpy_js_凌云影视",
            "name": "影视 | 凌云影视[js]",
            "type": 3,
            "api": "http://yydf.540734621.xyz/yydf/yydf/bd/watson/lib/drpy2.min.js",
            "ext": "http://yydf.540734621.xyz/yydf/yydf/bd/watson/js/凌云影视.js"
        },
        {
            "key": "drpy_js_映迷影院",
            "name": "影视 | 映迷影院[js]",
            "type": 3,
            "api": "http://yydf.540734621.xyz/yydf/yydf/bd/watson/lib/drpy2.min.js",
            "ext": "http://yydf.540734621.xyz/yydf/yydf/bd/watson/js/映迷影院.js"
        },
        {
            "key": "drpy_js_新视觉影视",
            "name": "影视 | 新视觉影视[js]",
            "type": 3,
            "api": "http://yydf.540734621.xyz/yydf/yydf/bd/watson/lib/drpy2.min.js",
            "ext": "http://yydf.540734621.xyz/yydf/yydf/bd/watson/js/新视觉影视.js"
        },
        {
            "key": "drpy_js_B站影视",
            "name": "影视 | B站影视[js]",
            "type": 3,
            "api": "http://yydf.540734621.xyz/yydf/yydf/bd/watson/lib/drpy2.min.js",
            "ext": "http://yydf.540734621.xyz/yydf/yydf/bd/watson/js/B站影视.js"
        },
        {
            "key": "drpy_js_哔哩影视",
            "name": "影视 | 哔哩影视[js]",
            "type": 3,
            "api": "http://yydf.540734621.xyz/yydf/yydf/bd/watson/lib/drpy2.min.js",
            "ext": "http://yydf.540734621.xyz/yydf/yydf/bd/watson/js/哔哩影视.js"
        },
        {
            "key": "drpy_js_JangoIndex",
            "name": "音频 | JangoIndex[js]",
            "type": 3,
            "api": "http://yydf.540734621.xyz/yydf/yydf/bd/watson/lib/drpy2.min.js",
            "ext": "http://yydf.540734621.xyz/yydf/yydf/bd/watson/js/JangoIndex.js",
            "playerType": "2"
        },
        {
            "key": "drpy_js_DJ音乐",
            "name": "音频 | DJ音乐[js]",
            "type": 3,
            "api": "http://yydf.540734621.xyz/yydf/yydf/bd/watson/lib/drpy2.min.js",
            "ext": "http://yydf.540734621.xyz/yydf/yydf/bd/watson/js/DJ音乐.js",
            "playerType": "2"
        },
        {
            "key": "drpy_js_啦啦DJ",
            "name": "音频 | 啦啦DJ[js]",
            "type": 3,
            "api": "http://yydf.540734621.xyz/yydf/yydf/bd/watson/lib/drpy2.min.js",
            "ext": "http://yydf.540734621.xyz/yydf/yydf/bd/watson/js/啦啦DJ.js",
            "playerType": "2"
        },
        {
            "key": "drpy_js_清风DJ",
            "name": "音频 | 清风DJ[js]",
            "type": 3,
            "api": "http://yydf.540734621.xyz/yydf/yydf/bd/watson/lib/drpy2.min.js",
            "ext": "http://yydf.540734621.xyz/yydf/yydf/bd/watson/js/清风DJ.js",
            "playerType": "2"
        },
        {
            "key": "drpy_js_种子音乐",
            "name": "音频 | 种子音乐[js]",
            "type": 3,
            "api": "http://yydf.540734621.xyz/yydf/yydf/bd/watson/lib/drpy2.min.js",
            "ext": "http://yydf.540734621.xyz/yydf/yydf/bd/watson/js/种子音乐.js"
        },
        {
            "key": "drpy_js_蜻蜓FM",
            "name": "广播 | 蜻蜓FM[js]",
            "type": 3,
            "api": "http://yydf.540734621.xyz/yydf/yydf/bd/watson/lib/drpy2.min.js",
            "ext": "http://yydf.540734621.xyz/yydf/yydf/bd/watson/js/蜻蜓FM.js",
            "playerType": "2"
        },
        {
            "key": "drpy_js_广播迷FM",
            "name": "广播 | 广播迷FM[js]",
            "type": 3,
            "api": "http://yydf.540734621.xyz/yydf/yydf/bd/watson/lib/drpy2.min.js",
            "ext": "http://yydf.540734621.xyz/yydf/yydf/bd/watson/js/广播迷FM.js",
            "playerType": "2"
        },
        {
            "key": "drpy_js_相声随身听",
            "name": "相声 | 相声随身听[js]",
            "type": 3,
            "api": "http://yydf.540734621.xyz/yydf/yydf/bd/watson/lib/drpy2.min.js",
            "ext": "http://yydf.540734621.xyz/yydf/yydf/bd/watson/js/相声随身听.js",
            "playerType": "2"
        },
        {
            "key": "drpy_js_i275听书",
            "name": "听书 | i275听书[js]",
            "type": 3,
            "api": "http://yydf.540734621.xyz/yydf/yydf/bd/watson/lib/drpy2.min.js",
            "ext": "http://yydf.540734621.xyz/yydf/yydf/bd/watson/js/i275听书.js",
            "playerType": "2"
        },
        {
            "key": "drpy_js_喜马拉雅",
            "name": "听书 | 喜马拉雅[js]",
            "type": 3,
            "api": "http://yydf.540734621.xyz/yydf/yydf/bd/watson/lib/drpy2.min.js",
            "ext": "http://yydf.540734621.xyz/yydf/yydf/bd/watson/js/喜马拉雅.js",
            "playerType": "2"
        },
        {
            "key": "drpy_js_六月听书",
            "name": "听书 | 六月听书[js]",
            "type": 3,
            "api": "http://yydf.540734621.xyz/yydf/yydf/bd/watson/lib/drpy2.min.js",
            "ext": "http://yydf.540734621.xyz/yydf/yydf/bd/watson/js/六月听书.js",
            "playerType": "2"
        },
        {
            "key": "drpy_js_博看听书",
            "name": "听书 | 博看听书[js]",
            "type": 3,
            "api": "http://yydf.540734621.xyz/yydf/yydf/bd/watson/lib/drpy2.min.js",
            "ext": "http://yydf.540734621.xyz/yydf/yydf/bd/watson/js/博看听书.js",
            "playerType": "2"
        },
        {
            "key": "drpy_js_海洋听书",
            "name": "听书 | 海洋听书[js]",
            "type": 3,
            "api": "http://yydf.540734621.xyz/yydf/yydf/bd/watson/lib/drpy2.min.js",
            "ext": "http://yydf.540734621.xyz/yydf/yydf/bd/watson/js/海洋听书.js",
            "playerType": "2"
        },
        {
            "key": "drpy_js_听书网",
            "name": "听书 | 听书网[js]",
            "type": 3,
            "api": "http://yydf.540734621.xyz/yydf/yydf/bd/watson/lib/drpy2.min.js",
            "ext": "http://yydf.540734621.xyz/yydf/yydf/bd/watson/js/听书网.js",
            "playerType": "2"
        },
        {
            "key": "drpy_js_有声小说",
            "name": "听书 | 有声小说[js]",
            "type": 3,
            "api": "http://yydf.540734621.xyz/yydf/yydf/bd/watson/lib/drpy2.min.js",
            "ext": "http://yydf.540734621.xyz/yydf/yydf/bd/watson/js/有声小说吧.js",
            "playerType": "2"
        },
        {
            "key": "drpy_js_爱上你听书网",
            "name": "听书 | 爱上你听书网[js]",
            "type": 3,
            "api": "http://yydf.540734621.xyz/yydf/yydf/bd/watson/lib/drpy2.min.js",
            "ext": "http://yydf.540734621.xyz/yydf/yydf/bd/watson/js/爱上你听书网.js",
            "playerType": "2"
        },
        {
            "key": "drpy_js_播客",
            "name": "聚合 | 播客[js]",
            "type": 3,
            "api": "http://yydf.540734621.xyz/yydf/yydf/bd/watson/lib/drpy2.min.js",
            "ext": "http://yydf.540734621.xyz/yydf/yydf/bd/watson/js/播客.js"
        },
        {
            "key": "drpy_js_短视频",
            "name": "聚合 | 短视频[js]",
            "type": 3,
            "api": "http://yydf.540734621.xyz/yydf/yydf/bd/watson/lib/drpy2.min.js",
            "ext": "http://yydf.540734621.xyz/yydf/yydf/bd/watson/js/短视频.js"
        },
        {
            "key": "drpy_js_酷6网",
            "name": "聚合 | 酷6网[js]",
            "type": 3,
            "api": "http://yydf.540734621.xyz/yydf/yydf/bd/watson/lib/drpy2.min.js",
            "ext": "http://yydf.540734621.xyz/yydf/yydf/bd/watson/js/酷6网.js"
        },
        {
            "key": "drpy_js_网易公版影像",
            "name": "聚合 | 网易公版影像[js]",
            "type": 3,
            "api": "http://yydf.540734621.xyz/yydf/yydf/bd/watson/lib/drpy2.min.js",
            "ext": "http://yydf.540734621.xyz/yydf/yydf/bd/watson/js/网易公版影像.js"
        },
        {
            "key": "drpy_js_苹果DJ",
            "name": "MV | 苹果DJ[js]",
            "type": 3,
            "api": "http://yydf.540734621.xyz/yydf/yydf/bd/watson/lib/drpy2.min.js",
            "ext": "http://yydf.540734621.xyz/yydf/yydf/bd/watson/js/苹果DJ.js"
        },
        {
            "key": "drpy_js_酷狗MV",
            "name": "MV | 酷狗[js]",
            "type": 3,
            "api": "http://yydf.540734621.xyz/yydf/yydf/bd/watson/lib/drpy2.min.js",
            "ext": "http://yydf.540734621.xyz/yydf/yydf/bd/watson/js/酷狗MV.js"
        },
        {
            "key": "drpy_js_酷奇MV",
            "name": "MV | 酷奇[js]",
            "type": 3,
            "api": "http://yydf.540734621.xyz/yydf/yydf/bd/watson/lib/drpy2.min.js",
            "ext": "http://yydf.540734621.xyz/yydf/yydf/bd/watson/js/酷奇MV.js"
        },
        {
            "key": "drpy_js_哔哩直播",
            "name": "直播 | 哔哩[js]",
            "type": 3,
            "api": "http://yydf.540734621.xyz/yydf/yydf/bd/watson/lib/drpy2.min.js",
            "ext": "http://yydf.540734621.xyz/yydf/yydf/bd/watson/js/哔哩直播.js"
        },
        {
            "key": "drpy_js_斗鱼直播",
            "name": "直播 | 斗鱼[js]",
            "type": 3,
            "api": "http://yydf.540734621.xyz/yydf/yydf/bd/watson/lib/drpy2.min.js",
            "ext": "http://yydf.540734621.xyz/yydf/yydf/bd/watson/js/斗鱼直播.js"
        },
        {
            "key": "drpy_js_虎牙直播",
            "name": "直播 | 虎牙[js]",
            "type": 3,
            "api": "http://yydf.540734621.xyz/yydf/yydf/bd/watson/lib/drpy2.min.js",
            "ext": "http://yydf.540734621.xyz/yydf/yydf/bd/watson/js/虎牙直播.js"
        },
        {
            "key": "drpy_js_JustLive",
            "name": "直播 | JustLive[js]",
            "type": 3,
            "api": "http://yydf.540734621.xyz/yydf/yydf/bd/watson/lib/drpy2.min.js",
            "ext": "http://yydf.540734621.xyz/yydf/yydf/bd/watson/js/JustLive.js"
        },
        {
            "key": "drpy_js_童趣",
            "name": "少儿 | 童趣[js]",
            "type": 3,
            "api": "http://yydf.540734621.xyz/yydf/yydf/bd/watson/lib/drpy2.min.js",
            "ext": "http://yydf.540734621.xyz/yydf/yydf/bd/watson/js/童趣.js"
        },
        {
            "key": "drpy_js_有声绘本网",
            "name": "少儿 | 有声绘本网[js]",
            "type": 3,
            "api": "http://yydf.540734621.xyz/yydf/yydf/bd/watson/lib/drpy2.min.js",
            "ext": "http://yydf.540734621.xyz/yydf/yydf/bd/watson/js/有声绘本网.js"
        },
        {
            "key": "drpy_js_58动漫",
            "name": "动漫 | 58动漫[js]",
            "type": 3,
            "api": "http://yydf.540734621.xyz/yydf/yydf/bd/watson/lib/drpy2.min.js",
            "ext": "http://yydf.540734621.xyz/yydf/yydf/bd/watson/js/58动漫.js"
        },
        {
            "key": "drpy_js_爱弹幕",
            "name": "动漫 | 爱弹幕[js]",
            "type": 3,
            "api": "http://yydf.540734621.xyz/yydf/yydf/bd/watson/lib/drpy2.min.js",
            "ext": "http://yydf.540734621.xyz/yydf/yydf/bd/watson/js/爱弹幕.js"
        },
        {
            "key": "drpy_js_兔小贝",
            "name": "动漫 | 兔小贝[js]",
            "type": 3,
            "api": "http://yydf.540734621.xyz/yydf/yydf/bd/watson/lib/drpy2.min.js",
            "ext": "http://yydf.540734621.xyz/yydf/yydf/bd/watson/js/兔小贝.js"
        },
        {
            "key": "drpy_js_AnFuns",
            "name": "动漫 | AnFuns[js]",
            "type": 3,
            "api": "http://yydf.540734621.xyz/yydf/yydf/bd/watson/lib/drpy2.min.js",
            "ext": "http://yydf.540734621.xyz/yydf/yydf/bd/watson/js/AnFuns.js"
        },
        {
            "key": "drpy_js_NyaFun",
            "name": "动漫 | NyaFun[js]",
            "type": 3,
            "api": "http://yydf.540734621.xyz/yydf/yydf/bd/watson/lib/drpy2.min.js",
            "ext": "http://yydf.540734621.xyz/yydf/yydf/bd/watson/js/NyaFun.js"
        },
        {
            "key": "drpy_js_NT动漫",
            "name": "动漫 | NT动漫[js]",
            "type": 3,
            "api": "http://yydf.540734621.xyz/yydf/yydf/bd/watson/lib/drpy2.min.js",
            "ext": "http://yydf.540734621.xyz/yydf/yydf/bd/watson/js/NT动漫.js"
        },
        {
            "key": "drpy_js_动漫岛",
            "name": "动漫 | 动漫岛[js]",
            "type": 3,
            "api": "http://yydf.540734621.xyz/yydf/yydf/bd/watson/lib/drpy2.min.js",
            "ext": "http://yydf.540734621.xyz/yydf/yydf/bd/watson/js/动漫岛.js"
        },
        {
            "key": "drpy_js_路漫漫",
            "name": "动漫 | 路漫漫[js]",
            "type": 3,
            "api": "http://yydf.540734621.xyz/yydf/yydf/bd/watson/lib/drpy2.min.js",
            "ext": "http://yydf.540734621.xyz/yydf/yydf/bd/watson/js/路漫漫.js"
        },
        {
            "key": "drpy_js_去看吧",
            "name": "动漫 | 去看吧[js]",
            "type": 3,
            "api": "http://yydf.540734621.xyz/yydf/yydf/bd/watson/lib/drpy2.min.js",
            "ext": "http://yydf.540734621.xyz/yydf/yydf/bd/watson/js/去看吧.js"
        },
        {
            "key": "drpy_js_曲奇动漫",
            "name": "动漫 | 曲奇动漫[js]",
            "type": 3,
            "api": "http://yydf.540734621.xyz/yydf/yydf/bd/watson/lib/drpy2.min.js",
            "ext": "http://yydf.540734621.xyz/yydf/yydf/bd/watson/js/曲奇动漫.js"
        },
        {
            "key": "drpy_js_奇米动漫",
            "name": "动漫 | 奇米动漫[js]",
            "type": 3,
            "api": "http://yydf.540734621.xyz/yydf/yydf/bd/watson/lib/drpy2.min.js",
            "ext": "http://yydf.540734621.xyz/yydf/yydf/bd/watson/js/奇米动漫.js"
        },
        {
            "key": "drpy_js_妮可动漫",
            "name": "动漫 | 妮可动漫[js]",
            "type": 3,
            "api": "http://yydf.540734621.xyz/yydf/yydf/bd/watson/lib/drpy2.min.js",
            "ext": "http://yydf.540734621.xyz/yydf/yydf/bd/watson/js/妮可动漫.js"
        },
        {
            "key": "drpy_js_怡萱动漫",
            "name": "动漫 | 怡萱动漫[js]",
            "type": 3,
            "api": "http://yydf.540734621.xyz/yydf/yydf/bd/watson/lib/drpy2.min.js",
            "ext": "http://yydf.540734621.xyz/yydf/yydf/bd/watson/js/怡萱动漫.js"
        },
        {
            "key": "drpy_js_异世界动漫",
            "name": "动漫 | 异世界动漫[js]",
            "type": 3,
            "api": "http://yydf.540734621.xyz/yydf/yydf/bd/watson/lib/drpy2.min.js",
            "ext": "http://yydf.540734621.xyz/yydf/yydf/bd/watson/js/异世界动漫.js"
        },
        {
            "key": "drpy_js_AGE动漫",
            "name": "动漫 | AGE动漫[js]",
            "type": 3,
            "api": "http://yydf.540734621.xyz/yydf/yydf/bd/watson/lib/drpy2.min.js",
            "ext": "http://yydf.540734621.xyz/yydf/yydf/bd/watson/js/AGE动漫.js"
        },
        {
            "key": "drpy_js_Anime1动畫",
            "name": "动漫 | Anime1动畫[js]",
            "type": 3,
            "api": "http://yydf.540734621.xyz/yydf/yydf/bd/watson/lib/drpy2.min.js",
            "ext": "http://yydf.540734621.xyz/yydf/yydf/bd/watson/js/Anime1动畫.js"
        },
        {
            "key": "drpy_js_69美剧",
            "name": "影视 | 69美剧[js]",
            "type": 3,
            "api": "http://yydf.540734621.xyz/yydf/yydf/bd/watson/lib/drpy2.min.js",
            "ext": "http://yydf.540734621.xyz/yydf/yydf/bd/watson/js/69美剧.js"
        },
        {
            "key": "drpy_js_139影视",
            "name": "影视 | 139影视[js]",
            "type": 3,
            "api": "http://yydf.540734621.xyz/yydf/yydf/bd/watson/lib/drpy2.min.js",
            "ext": "http://yydf.540734621.xyz/yydf/yydf/bd/watson/js/139影视.js"
        },
        {
            "key": "drpy_js_188影视",
            "name": "影视 | 188影视[js]",
            "type": 3,
            "api": "http://yydf.540734621.xyz/yydf/yydf/bd/watson/lib/drpy2.min.js",
            "ext": "http://yydf.540734621.xyz/yydf/yydf/bd/watson/js/188影视.js"
        },
        {
            "key": "drpy_js_333影视",
            "name": "影视 | 333影视[js]",
            "type": 3,
            "api": "http://yydf.540734621.xyz/yydf/yydf/bd/watson/lib/drpy2.min.js",
            "ext": "http://yydf.540734621.xyz/yydf/yydf/bd/watson/js/333影视.js"
        },
        {
            "key": "drpy_js_539影视",
            "name": "影视 | 539影视[js]",
            "type": 3,
            "api": "http://yydf.540734621.xyz/yydf/yydf/bd/watson/lib/drpy2.min.js",
            "ext": "http://yydf.540734621.xyz/yydf/yydf/bd/watson/js/539影视.js"
        },
        {
            "key": "drpy_js_555电影",
            "name": "影视 | 555电影[js]",
            "type": 3,
            "api": "http://yydf.540734621.xyz/yydf/yydf/bd/watson/lib/drpy2.min.js",
            "ext": "http://yydf.540734621.xyz/yydf/yydf/bd/watson/js/555电影.js"
        },
        {
            "key": "drpy_js_996影视",
            "name": "影视 | 996影视[js]",
            "type": 3,
            "api": "http://yydf.540734621.xyz/yydf/yydf/bd/watson/lib/drpy2.min.js",
            "ext": "http://yydf.540734621.xyz/yydf/yydf/bd/watson/js/996影视.js"
        },
        {
            "key": "drpy_js_8号影院",
            "name": "影视 | 8号影院[js]",
            "type": 3,
            "api": "http://yydf.540734621.xyz/yydf/yydf/bd/watson/lib/drpy2.min.js",
            "ext": "http://yydf.540734621.xyz/yydf/yydf/bd/watson/js/8号影院.js"
        },
        {
            "key": "drpy_js_9U电影",
            "name": "影视 | 9U电影[js]",
            "type": 3,
            "api": "http://yydf.540734621.xyz/yydf/yydf/bd/watson/lib/drpy2.min.js",
            "ext": "http://yydf.540734621.xyz/yydf/yydf/bd/watson/js/9U电影.js"
        },
        {
            "key": "drpy_js_NY影院",
            "name": "影视 | NY影院[js]",
            "type": 3,
            "api": "http://yydf.540734621.xyz/yydf/yydf/bd/watson/lib/drpy2.min.js",
            "ext": "http://yydf.540734621.xyz/yydf/yydf/bd/watson/js/NY影院.js"
        },
        {
            "key": "drpy_js_超前点播",
            "name": "影视 | 超前点播[js]",
            "type": 3,
            "api": "http://yydf.540734621.xyz/yydf/yydf/bd/watson/lib/drpy2.min.js",
            "ext": "http://yydf.540734621.xyz/yydf/yydf/bd/watson/js/超前点播.js"
        },
        {
            "key": "drpy_js_楚门影院",
            "name": "影视 | 楚门影院[js]",
            "type": 3,
            "api": "http://yydf.540734621.xyz/yydf/yydf/bd/watson/lib/drpy2.min.js",
            "ext": "http://yydf.540734621.xyz/yydf/yydf/bd/watson/js/楚门影院.js"
        },
        {
            "key": "drpy_js_兄弟影视",
            "name": "影视 | 兄弟影视[js]",
            "type": 3,
            "api": "http://yydf.540734621.xyz/yydf/yydf/bd/watson/lib/drpy2.min.js",
            "ext": "http://yydf.540734621.xyz/yydf/yydf/bd/watson/js/兄弟影视.js"
        },
        {
            "key": "drpy_js_大师兄影视",
            "name": "影视 | 大师兄影视[js]",
            "type": 3,
            "api": "http://yydf.540734621.xyz/yydf/yydf/bd/watson/lib/drpy2.min.js",
            "ext": "http://yydf.540734621.xyz/yydf/yydf/bd/watson/js/大师兄影视.js"
        },
        {
            "key": "drpy_js_碟调影视",
            "name": "影视 | 碟调影视[js]",
            "type": 3,
            "api": "http://yydf.540734621.xyz/yydf/yydf/bd/watson/lib/drpy2.min.js",
            "ext": "http://yydf.540734621.xyz/yydf/yydf/bd/watson/js/碟调影视.js"
        },
        {
            "key": "drpy_js_捷华影视",
            "name": "影视 | 捷华影视[js]",
            "type": 3,
            "api": "http://yydf.540734621.xyz/yydf/yydf/bd/watson/lib/drpy2.min.js",
            "ext": "http://yydf.540734621.xyz/yydf/yydf/bd/watson/js/捷华影视.js"
        },
        {
            "key": "drpy_js_金曼影视",
            "name": "影视 | 金曼影视[js]",
            "type": 3,
            "api": "http://yydf.540734621.xyz/yydf/yydf/bd/watson/lib/drpy2.min.js",
            "ext": "http://yydf.540734621.xyz/yydf/yydf/bd/watson/js/金曼影视.js"
        },
        {
            "key": "drpy_js_看BZ影视",
            "name": "影视 | 看BZ影视[js]",
            "type": 3,
            "api": "http://yydf.540734621.xyz/yydf/yydf/bd/watson/lib/drpy2.min.js",
            "ext": "http://yydf.540734621.xyz/yydf/yydf/bd/watson/js/看BZ影视.js"
        },
        {
            "key": "drpy_js_看了么",
            "name": "影视 | 看了么[js]",
            "type": 3,
            "api": "http://yydf.540734621.xyz/yydf/yydf/bd/watson/lib/drpy2.min.js",
            "ext": "http://yydf.540734621.xyz/yydf/yydf/bd/watson/js/看了么.js"
        },
        {
            "key": "drpy_js_快云影院",
            "name": "影视 | 快云影院[js]",
            "type": 3,
            "api": "http://yydf.540734621.xyz/yydf/yydf/bd/watson/lib/drpy2.min.js",
            "ext": "http://yydf.540734621.xyz/yydf/yydf/bd/watson/js/快云影院.js"
        },
        {
            "key": "drpy_js_量子影视",
            "name": "影视 | 量子影视[js]",
            "type": 3,
            "api": "http://yydf.540734621.xyz/yydf/yydf/bd/watson/lib/drpy2.min.js",
            "ext": "http://yydf.540734621.xyz/yydf/yydf/bd/watson/js/量子影视.js"
        },
        {
            "key": "drpy_js_麻花影视",
            "name": "影视 | 麻花影视[js]",
            "type": 3,
            "api": "http://yydf.540734621.xyz/yydf/yydf/bd/watson/lib/drpy2.min.js",
            "ext": "http://yydf.540734621.xyz/yydf/yydf/bd/watson/js/麻花影视.js"
        },
        {
            "key": "drpy_js_蚂蚁影视",
            "name": "影视 | 蚂蚁影视[js]",
            "type": 3,
            "api": "http://yydf.540734621.xyz/yydf/yydf/bd/watson/lib/drpy2.min.js",
            "ext": "http://yydf.540734621.xyz/yydf/yydf/bd/watson/js/蚂蚁影视.js"
        },
        {
            "key": "drpy_js_米宝影院",
            "name": "影视 | 米宝影院[js]",
            "type": 3,
            "api": "http://yydf.540734621.xyz/yydf/yydf/bd/watson/lib/drpy2.min.js",
            "ext": "http://yydf.540734621.xyz/yydf/yydf/bd/watson/js/米宝影院.js"
        },
        {
            "key": "drpy_js_南瓜影院",
            "name": "影视 | 南瓜影院[js]",
            "type": 3,
            "api": "http://yydf.540734621.xyz/yydf/yydf/bd/watson/lib/drpy2.min.js",
            "ext": "http://yydf.540734621.xyz/yydf/yydf/bd/watson/js/南瓜影院.js"
        },
        {
            "key": "drpy_js_胖虎影视",
            "name": "影视 | 胖虎影视[js]",
            "type": 3,
            "api": "http://yydf.540734621.xyz/yydf/yydf/bd/watson/lib/drpy2.min.js",
            "ext": "http://yydf.540734621.xyz/yydf/yydf/bd/watson/js/胖虎影视.js"
        },
        {
            "key": "drpy_js_霹雳影视",
            "name": "影视 | 霹雳影视[js]",
            "type": 3,
            "api": "http://yydf.540734621.xyz/yydf/yydf/bd/watson/lib/drpy2.min.js",
            "ext": "http://yydf.540734621.xyz/yydf/yydf/bd/watson/js/霹雳影视.js"
        },
        {
            "key": "drpy_js_七时影院",
            "name": "影视 | 七时影院[js]",
            "type": 3,
            "api": "http://yydf.540734621.xyz/yydf/yydf/bd/watson/lib/drpy2.min.js",
            "ext": "http://yydf.540734621.xyz/yydf/yydf/bd/watson/js/七小时影院.js"
        },
        {
            "key": "drpy_js_起飞影院",
            "name": "影视 | 起飞影院[js]",
            "type": 3,
            "api": "http://yydf.540734621.xyz/yydf/yydf/bd/watson/lib/drpy2.min.js",
            "ext": "http://yydf.540734621.xyz/yydf/yydf/bd/watson/js/起飞影院.js"
        },
        {
            "key": "drpy_js_人人影视",
            "name": "影视 | 人人影视[js]",
            "type": 3,
            "api": "http://yydf.540734621.xyz/yydf/yydf/bd/watson/lib/drpy2.min.js",
            "ext": "http://yydf.540734621.xyz/yydf/yydf/bd/watson/js/人人影视.js"
        },
        {
            "key": "drpy_js_视觉影院",
            "name": "影视 | 视觉影院[js]",
            "type": 3,
            "api": "http://yydf.540734621.xyz/yydf/yydf/bd/watson/lib/drpy2.min.js",
            "ext": "http://yydf.540734621.xyz/yydf/yydf/bd/watson/js/视觉影院.js"
        },
        {
            "key": "drpy_js_视中影视",
            "name": "影视 | 视中影视[js]",
            "type": 3,
            "api": "http://yydf.540734621.xyz/yydf/yydf/bd/watson/lib/drpy2.min.js",
            "ext": "http://yydf.540734621.xyz/yydf/yydf/bd/watson/js/视中心影视.js"
        },
        {
            "key": "drpy_js_四个圈儿",
            "name": "影视 | 四个圈儿[js]",
            "type": 3,
            "api": "http://yydf.540734621.xyz/yydf/yydf/bd/watson/lib/drpy2.min.js",
            "ext": "http://yydf.540734621.xyz/yydf/yydf/bd/watson/js/四个圈影视.js"
        },
        {
            "key": "drpy_js_我爱跟剧",
            "name": "影视 | 我爱跟剧[js]",
            "type": 3,
            "api": "http://yydf.540734621.xyz/yydf/yydf/bd/watson/lib/drpy2.min.js",
            "ext": "http://yydf.540734621.xyz/yydf/yydf/bd/watson/js/我爱跟剧网.js"
        },
        {
            "key": "drpy_js_西瓜影视",
            "name": "影视 | 西瓜影视[js]",
            "type": 3,
            "api": "http://yydf.540734621.xyz/yydf/yydf/bd/watson/lib/drpy2.min.js",
            "ext": "http://yydf.540734621.xyz/yydf/yydf/bd/watson/js/西瓜影视.js"
        },
        {
            "key": "drpy_js_星辰影院",
            "name": "影视 | 星辰影院[js]",
            "type": 3,
            "api": "http://yydf.540734621.xyz/yydf/yydf/bd/watson/lib/drpy2.min.js",
            "ext": "http://yydf.540734621.xyz/yydf/yydf/bd/watson/js/星辰.js"
        },
        {
            "key": "drpy_js_追剧啦儿",
            "name": "影视 | 追剧啦儿[js]",
            "type": 3,
            "api": "http://yydf.540734621.xyz/yydf/yydf/bd/watson/lib/drpy2.min.js",
            "ext": "http://yydf.540734621.xyz/yydf/yydf/bd/watson/js/追剧啦.js"
        },
        {
            "key": "drpy_js_子子影视",
            "name": "影视 | 子子影视[js]",
            "type": 3,
            "api": "http://yydf.540734621.xyz/yydf/yydf/bd/watson/lib/drpy2.min.js",
            "ext": "http://yydf.540734621.xyz/yydf/yydf/bd/watson/js/子子影视.js"
        },
        {
            "key": "賤賤",
            "name": "賤賤",
            "type": 3,
            "api": "csp_Jianpian",
            "ext": "https://mirror.ghproxy.com/https://raw.githubusercontent.com/FongMi/CatVodSpider/main/json/jianpian.json"
        },
        {
            "key": "索尼",
            "name": "索尼",
            "type": 1,
            "api": "https://suoniapi.com/api.php/provide/vod"
        },
        {
            "key": "暴風",
            "name": "暴風",
            "type": 1,
            "api": "https://bfzyapi.com/api.php/provide/vod"
        },
        {
            "key": "量子",
            "name": "量子[fm]",
            "type": 0,
            "api": "https://cj.lziapi.com/api.php/provide/vod/at/xml/",
            "searchable": 1,
            "changeable": 1,
            "categories": [
                "国产动漫",
                "日韩动漫",
                "国产剧",
                "韩国剧",
                "日本剧",
                "电影片",
                "连续剧",
                "综艺片",
                "动漫片",
                "动作片",
                "喜剧片",
                "爱情片",
                "科幻片",
                "恐怖片",
                "剧情片",
                "战争片",
                "台湾剧",
                "香港剧",
                "欧美剧",
                "记录片",
                "海外剧",
                "泰国剧",
                "大陆综艺",
                "港台综艺",
                "日韩综艺",
                "欧美综艺",
                "欧美动漫",
                "港台动漫",
                "海外动漫",
                "体育",
                "足球",
                "篮球",
                "网球",
                "斯诺克"
            ]
        },
        {
            "key": "非凡",
            "name": "非凡[fm]",
            "type": 0,
            "api": "http://cj.ffzyapi.com/api.php/provide/vod/at/xml/",
            "searchable": 1,
            "changeable": 1,
            "categories": [
                "国产动漫",
                "日韩动漫",
                "国产剧",
                "韩国剧",
                "日本剧",
                "电影片",
                "连续剧",
                "综艺片",
                "动漫片",
                "动作片",
                "喜剧片",
                "爱情片",
                "科幻片",
                "恐怖片",
                "剧情片",
                "战争片",
                "香港剧",
                "欧美剧",
                "记录片",
                "台湾剧",
                "海外剧",
                "泰国剧",
                "大陆综艺",
                "港台综艺",
                "日韩综艺",
                "欧美综艺",
                "欧美动漫",
                "港台动漫",
                "海外动漫"
            ]
        },
        {
            "key": "快帆",
            "name": "快帆",
            "type": 1,
            "api": "https://api.kuaifan.tv/api.php/provide/vod"
        },
        {
            "key": "櫻花",
            "name": "樱花[fm]",
            "type": 3,
            "api": "csp_Ying"
        },
        {
            "key": "巴士",
            "name": "巴士[fm]",
            "type": 3,
            "api": "csp_Dm84"
        },
        {
            "key": "玩偶",
            "name": "玩偶[fm]",
            "type": 3,
            "api": "csp_Wogg",
            "ext": "http://127.0.0.1:9978/file/XYQTVBox/alitoken.txt"
        },
        {
            "key": "七夜",
            "name": "七夜",
            "type": 3,
            "api": "csp_Dovx",
            "ext": "http://127.0.0.1:9978/file/XYQTVBox/alitoken.txt"
        },
        {
            "key": "雲搜",
            "name": "雲搜[fm]",
            "type": 3,
            "api": "csp_UpYun",
            "searchable": 1,
            "changeable": 0,
            "ext": "http://127.0.0.1:9978/file/XYQTVBox/alitoken.txt"
        },
        {
            "key": "盤搜",
            "name": "盤搜[fm]",
            "type": 3,
            "api": "csp_PanSou",
            "searchable": 1,
            "changeable": 0,
            "ext": "http://127.0.0.1:9978/file/XYQTVBox/alitoken.txt"
        },
        {
            "key": "盤搜索",
            "name": "盤搜索[fm]",
            "type": 3,
            "api": "csp_PanSearch",
            "searchable": 1,
            "changeable": 0,
            "ext": "http://127.0.0.1:9978/file/XYQTVBox/alitoken.txt"
        },
        {
            "key": "找資源",
            "name": "找資源[fm]",
            "type": 3,
            "api": "csp_Zhaozy",
            "searchable": 1,
            "changeable": 0,
            "ext": "http://127.0.0.1:9978/file/XYQTVBox/alitoken.txt$$$test2$$$test2"
        },
        {
            "key": "AList",
            "name": "AList",
            "type": 3,
            "api": "csp_AList",
            "ext": "http://yydf.540734621.xyz/yydf/yydf/bd/watson/lib/alist.json"
        },
        {
            "key": "WebDAV",
            "name": "WebDAV",
            "type": 3,
            "api": "csp_WebDAV",
            "ext": "http://yydf.540734621.xyz/yydf/yydf/bd/watson/lib/webdav.json"
        },
        {
            "key": "本地",
            "name": "本地[fm]",
            "type": 3,
            "api": "csp_Local",
            "searchable": 0,
            "changeable": 0
        },
        {
            "key": "push_agent",
            "name": "推送",
            "type": 3,
            "api": "csp_Push",
            "searchable": 1,
            "changeable": 0,
            "ext": "http://127.0.0.1:9978/file/XYQTVBox/alitoken.txt"
        },
        {
            "key": "Live",
            "name": "影视直播",
            "type": 3,
            "api": "csp_Live",
            "ext": "2000"
        }
    ],
    "lives": [
        {
            "name": "太阳",
            "type": 0,
            "url": "http://www.weetai.cn/mtvzb.txt"
        }
    ],
    "doh": [
        {
            "name": "Google",
            "url": "https://dns.google/dns-query",
            "ips": [
                "8.8.4.4",
                "8.8.8.8"
            ]
        },
        {
            "name": "Cloudflare",
            "url": "https://cloudflare-dns.com/dns-query",
            "ips": [
                "1.1.1.1",
                "1.0.0.1",
                "2606:4700:4700::1111",
                "2606:4700:4700::1001"
            ]
        },
        {
            "name": "AdGuard",
            "url": "https://dns.adguard.com/dns-query",
            "ips": [
                "94.140.14.140",
                "94.140.14.141"
            ]
        },
        {
            "name": "DNSWatch",
            "url": "https://resolver2.dns.watch/dns-query",
            "ips": [
                "84.200.69.80",
                "84.200.70.40"
            ]
        },
        {
            "name": "Quad9",
            "url": "https://dns.quad9.net/dns-quer",
            "ips": [
                "9.9.9.9",
                "149.112.112.112"
            ]
        }
    ],
    "rules": [
        {
            "name": "星星",
            "hosts": [
                "aws.ulivetv.net"
            ],
            "regex": [
                "#EXT-X-DISCONTINUITY\\r*\\n*#EXTINF:8,[\\s\\S]*?#EXT-X-DISCONTINUITY"
            ]
        },
        {
            "name": "量子廣告",
            "hosts": [
                "vip.lz",
                "hd.lz"
            ],
            "regex": [
                "#EXT-X-DISCONTINUITY\\r*\\n*#EXTINF:6.433333,[\\s\\S]*?#EXT-X-DISCONTINUITY",
                "#EXTINF.*?\\s+.*?1o.*?\\.ts\\s+"
            ]
        },
        {
            "name": "非凡廣告",
            "hosts": [
                "vip.ffzy",
                "hd.ffzy"
            ],
            "regex": [
                "#EXT-X-DISCONTINUITY\\r*\\n*#EXTINF:6.666667,[\\s\\S]*?#EXT-X-DISCONTINUITY",
                "#EXTINF.*?\\s+.*?1o.*?\\.ts\\s+"
            ]
        },
        {
            "name": "火山嗅探",
            "hosts": [
                "huoshan.com"
            ],
            "regex": [
                "item_id="
            ]
        },
        {
            "name": "抖音嗅探",
            "hosts": [
                "douyin.com"
            ],
            "regex": [
                "is_play_url="
            ]
        },
        {
            "host": "*",
            "rule": [
                "http((?!http).){12,}?\\.(m3u8|mp4|flv|avi|mkv|rm|wmv|mpg|m4a)\\?.*"
            ]
        },
        {
            "host": "*",
            "rule": [
                "http((?!http).){12,}\\.(m3u8|mp4|flv|avi|mkv|rm|wmv|mpg|m4a)"
            ]
        },
        {
            "name": "農民嗅探",
            "hosts": [
                "toutiaovod.com"
            ],
            "regex": [
                "video/tos/cn"
            ]
        }
    ],
    "parses": [
        {
            "name": "777",
            "type": 0,
            "url": "https://jx.777jiexi.com/player/?url="
        },
        {
            "name": "杰森",
            "type": 0,
            "url": "https://jx.jsonplayer.com/player/?url="
        },
        {
            "name": "战狼",
            "type": 0,
            "url": "https://jx.zhanlangbu.com/?url="
        },
        {
            "name": "ok",
            "type": 0,
            "url": "https://okjx.cc/?url="
        },
        {
            "name": "bozrc",
            "type": 0,
            "url": "https://jx.bozrc.com:4433/player/?url=",
            "ext": {
                "flag": [
                    "qq",
                    "腾讯",
                    "qiyi",
                    "爱奇艺",
                    "奇艺",
                    "youku",
                    "优酷",
                    "mgtv",
                    "芒果",
                    "letv",
                    "leshi",
                    "LS",
                    "pptv",
                    "PPTV",
                    "sohu",
                    "bilibili",
                    "哔哩哔哩",
                    "哔哩"
                ],
                "header": {
                    "User-Agent": ""
                }
            }
        },
        {
            "name": "不累",
            "type": 0,
            "url": "https://blbfq.f3322.net/player/analysis.php?v=",
            "ext": {
                "flag": [
                    "qiyi",
                    "qq",
                    "letv",
                    "sohu",
                    "youku",
                    "mgtv",
                    "bilibili",
                    "wasu",
                    "xigua",
                    "1905"
                ]
            }
        },
        {
            "name": "cod",
            "type": 0,
            "url": "https://ksksl.codjx.com/?url="
        },
        {
            "name": "byg解析",
            "type": 0,
            "url": "https://byg.ziqj5.shop/?url="
        },
        {
            "name": "xmflv",
            "type": 0,
            "url": "https://jx.xmflv.com/?url="
        },
        {
            "name": "365",
            "type": 0,
            "url": "https://chaxun.truechat365.com/?url=",
            "ext": {
                "flag": [
                    "qq",
                    "腾讯",
                    "qiyi",
                    "iqiyi",
                    "爱奇艺",
                    "奇艺",
                    "youku",
                    "优酷",
                    "mgtv",
                    "芒果",
                    "letv",
                    "乐视",
                    "pptv",
                    "PPTV",
                    "sohu",
                    "bilibili",
                    "哔哩哔哩",
                    "哔哩"
                ]
            }
        },
        {
            "name": "26db",
            "type": 0,
            "url": "http://vip.26db.cn/g/?url="
        },
        {
            "name": "看看",
            "type": 0,
            "url": "https://jx.m3u8.pw/?url="
        },
        {
            "name": "FreeOK",
            "type": 0,
            "url": "https://play.86516.tk/OKPlayer/?url="
        },
        {
            "name": "free",
            "type": 0,
            "url": "https://h5.freejson.xyz/player/?url="
        }
    ],
    "flags": [
        "youku",
        "qq",
        "iqiyi",
        "qiyi",
        "letv",
        "sohu",
        "tudou",
        "pptv",
        "mgtv",
        "wasu"
    ],
    "wallpaper": "http://www.kf666888.cn/api/tvbox/img"
}