{
  "spider": "https://pan.shangui.cc/f/J1vEhK/xyq802.jar;md5;8b4d7815240224e910848d075a884058",
  "sites": [
    {
      "key": "drpy_js_ddys",
      "name": "♻️业余|豆瓣",
      "type": 3,
      "api": "https://gitee.com/yyfxz/yyfx/raw/yyfx/js/drpy2.min.js",
      "ext": "https://pan.shangui.cc/f/2mMvCx/ddys.js"
    },
        {
      "key": "csp_KungFu4041",
      "name": "♻️业余｜有效聚合",
      "type": 3,
      "api": "csp_KungFu404",
      "searchable": 1,
      "filterable": 1,
      "changeable": 0,
      "jar": "https://pan.shangui.cc/f/KQngU6/alibaba.jar"
    },
    {
      "key": "drpy_js_荐片",
      "name": "♻️业余｜荐片",
      "type": 3,
      "api": "https://gitee.com/yyfxz/yyfx/raw/yyfx/js/drpy2.min.js",
      "ext": "https://pan.shangui.cc/f/2mGmhx/%E8%8D%90%E7%89%87.js",
      "playerType": "1"
    },
    {
      "key": "爱奇异",
      "name": "♻️业余|爱奇艺(官源)",
      "type": 3,
      "api": "https://gitee.com/yyfxz/yyfx/raw/yyfx/js/drpy2.min.js",
      "ext": "https://pan.shangui.cc/f/2z4Fx/iqy.js"
    },    
    {
      "key": "csp_XYQHiker_6x",
      "name": "♻️业余｜6x磁力搜",
      "type": 3,
      "api": "csp_XYQHiker",
      "searchable": 1,
      "quickSearch": 1,
      "filterable": 1,
      "ext": "https://pan.shangui.cc/f/P0gxiK/6X.json"
    },
    {
      "key": "csp_WoGG",
      "name": "🦊业余|玩偶哥哥┃4K",
      "type": 3,
      "api": "csp_WoGG",
      "searchable": 1,
      "quickSearch": 1,
      "filterable": 1,
      "ext": "http://127.0.0.1:9978/file/XYQTVBox/alitoken.txt$$$https://wogg.xyz/",
      "jar": "https://files.zohopublic.com.cn/public/workdrive-public/download/uyv0t678c488189af47bb91dc108484d17431"
    },
    {
      "key": "YiSo",
      "name": "🦊业余|易搜┃搜索",
      "type": 3,
      "api": "csp_YiSo",
      "searchable": 1,
      "quickSearch": 1,
      "filterable": 0,
      "changeable": 0,
      "ext": "http://127.0.0.1:9978/file/XYQTVBox/alitoken.txt+4k|fhd|auto",
      "jar": "https://files.zohopublic.com.cn/public/workdrive-public/download/uyv0t678c488189af47bb91dc108484d17431"
    },
    {
      "key": "Zhaozy",
      "name": "🦊业余|找资源┃搜索",
      "type": 3,
      "api": "csp_Zhaozy",
      "searchable": 1,
      "quickSearch": 1,
      "filterable": 0,
      "changeable": 0,
      "ext": "http://127.0.0.1:9978/file/XYQTVBox/alitoken.txt+4k|fhd|auto$$$yannanfei$$$abcdefg",
      "jar": "https://files.zohopublic.com.cn/public/workdrive-public/download/uyv0t678c488189af47bb91dc108484d17431"
    },
    {
      "key": "PanSou",
      "name": "🦊业余|盘搜┃搜索",
      "type": 3,
      "api": "csp_PanSou",
      "searchable": 1,
      "quickSearch": 1,
      "filterable": 0,
      "changeable": 0,
      "ext": "http://127.0.0.1:9978/file/XYQTVBox/alitoken.txt+4k|fhd|auto",
      "jar": "https://files.zohopublic.com.cn/public/workdrive-public/download/uyv0t678c488189af47bb91dc108484d17431"
    },
    {
      "key": "UpYun",
      "name": "🦊业余|Up搜┃搜索",
      "type": 3,
      "api": "csp_UpYun",
      "searchable": 1,
      "quickSearch": 1,
      "filterable": 0,
      "changeable": 0,
      "ext": "http://127.0.0.1:9978/file/XYQTVBox/alitoken.txt+4k|fhd|auto",
      "jar": "https://files.zohopublic.com.cn/public/workdrive-public/download/uyv0t678c488189af47bb91dc108484d17431"
    },
    {
      "key": "PanSearch",
      "name": "🦊业余|盘Se┃搜索",
      "type": 3,
      "api": "csp_PanSearch",
      "searchable": 1,
      "quickSearch": 1,
      "filterable": 0,
      "changeable": 0,
      "ext": "http://127.0.0.1:9978/file/XYQTVBox/alitoken.txt+4k|fhd|auto",
      "jar": "https://files.zohopublic.com.cn/public/workdrive-public/download/uyv0t678c488189af47bb91dc108484d17431"
    },
    {
      "key": "七夜",
      "name": "🦊业余|七夜┃搜索",
      "type": 3,
      "api": "csp_Dovx",
      "searchable": 1,
      "quickSearch": 1,
      "filterable": 0,
      "changeable": 0,
      "ext": "http://127.0.0.1:9978/file/XYQTVBox/alitoken.txt+4k|fhd|auto",
      "jar": "https://files.zohopublic.com.cn/public/workdrive-public/download/uyv0t678c488189af47bb91dc108484d17431"
    },
    {
      "key": "Gitcafe",
      "name": "📀业余|小纸条(搜索)",
      "type": 3,
      "api": "csp_Gitcafe",
      "playerType": 1,
      "searchable": 1,
      "quickSearch": 1,
      "filterable": 1,
      "ext": "http://127.0.0.1:9978/file/XYQTVBox/alitoken.txt"
    },
    {
      "key": "csp_Zhaozy",
      "name": "📀业余|找资源(搜索)",
      "type": 3,
      "api": "csp_Zhaozy",
      "playerType": 1,
      "searchable": 1,
      "quickSearch": 1,
      "filterable": 0,
      "ext": "http://127.0.0.1:9978/file/XYQTVBox/alitoken.txt"
    },
    {
      "key": "csp_AliPS",
      "name": "📀业余|喵狸盘搜(搜索)",
      "type": 3,
      "api": "csp_AliPS",
      "playerType": 1,
      "searchable": 1,
      "quickSearch": 1,
      "filterable": 0,
      "ext": "http://127.0.0.1:9978/file/XYQTVBox/alitoken.txt"
    },
    {
      "key": "csp_Yisou",
      "name": "📀业余|易搜(搜索)",
      "type": 3,
      "api": "csp_Yisou",
      "playerType": 1,
      "searchable": 1,
      "quickSearch": 1,
      "filterable": 0,
      "ext": "http://127.0.0.1:9978/file/XYQTVBox/alitoken.txt"
    },
    {
      "key": "csp_Upyunso",
      "name": "📀业余|UP云搜(搜索)",
      "type": 3,
      "api": "csp_Upyunso",
      "playerType": 1,
      "searchable": 1,
      "quickSearch": 1,
      "filterable": 0,
      "ext": "http://127.0.0.1:9978/file/XYQTVBox/alitoken.txt"
    },
    {
      "key": "csp_XYQHiker_土拨鼠搜索",
      "name": "📀业余|土拨鼠(搜索)",
      "type": 3,
      "api": "csp_XYQHiker",
      "playerType": 1,
      "searchable": 1,
      "quickSearch": 1,
      "filterable": 1,
      "ext": "https://pan.shangui.cc/f/YawqHy/%E5%9C%9F%E6%8B%A8%E9%BC%A0%E6%90%9C%E7%B4%A2.json"
    },
    {
      "key": "csp_XYQHikerAL_玩偶哥哥",
      "name": "📀业余|玩偶哥哥(优)",
      "type": 3,
      "api": "csp_XYQHikerAL",
      "playerType": 1,
      "searchable": 1,
      "quickSearch": 1,
      "filterable": 1,
      "ext": "https://pan.shangui.cc/f/ZG5XIv/%E7%8E%A9%E5%81%B6%E5%93%A5%E5%93%A5.json"
    },
    {
      "key": "csp_XYQHikerAL_云盘资源",
      "name": "📀业余|云盘资源(搜索)",
      "type": 3,
      "api": "csp_XYQHikerAL",
      "playerType": 1,
      "searchable": 1,
      "quickSearch": 1,
      "filterable": 1,
      "ext": "https://pan.shangui.cc/f/zk7Jf0/%E4%BA%91%E7%9B%98%E8%B5%84%E6%BA%90%E5%88%86%E4%BA%AB.json"
    },
    {
      "key": "csp_XYQHikerAL_我的小站",
      "name": "📀业余|我的小站(搜索)",
      "type": 3,
      "api": "csp_XYQHikerAL",
      "playerType": 1,
      "searchable": 1,
      "quickSearch": 1,
      "filterable": 1,
      "ext": "https://pan.shangui.cc/f/JewATK/%E6%88%91%E7%9A%84%E5%B0%8F%E7%AB%99.json"
    },
    {
      "key": "csp_XYQHikerAL_阿里云盘网",
      "name": "📀业余|阿里云盘(搜索)",
      "type": 3,
      "api": "csp_XYQHikerAL",
      "playerType": 1,
      "searchable": 1,
      "quickSearch": 1,
      "filterable": 1,
      "ext": "https://pan.shangui.cc/f/d5xeto/%E9%98%BF%E9%87%8C%E4%BA%91%E7%9B%98%E7%BD%91.json"
    },
    {
      "key": "csp_XYQHikerAL_豆豆飞",
      "name": "📀业余|豆豆飞(搜索)",
      "type": 3,
      "api": "csp_XYQHikerAL",
      "playerType": 1,
      "searchable": 1,
      "quickSearch": 1,
      "filterable": 1,
      "ext": "https://pan.shangui.cc/f/e7mguQ/%E8%B1%86%E8%B1%86%E9%A3%9E.json"
    },
    {
      "key": "csp_XYQHikerAL_橘子盘搜",
      "name": "📀业余|橘子盘搜(搜索)",
      "type": 3,
      "api": "csp_XYQHikerAL",
      "playerType": 1,
      "searchable": 1,
      "quickSearch": 1,
      "filterable": 1,
      "ext": "https://pan.shangui.cc/f/7503iM/%E6%A9%98%E5%AD%90%E7%9B%98%E6%90%9C.json"
    },
    {
      "key": "csp_XYQHiker_DOVX搜索",
      "name": "📀业余|DOVX(搜索)",
      "type": 3,
      "api": "csp_XYQHiker",
      "playerType": 1,
      "searchable": 1,
      "quickSearch": 1,
      "filterable": 1,
      "ext": "https://pan.shangui.cc/f/vL1atk/DOVX%E6%90%9C%E7%B4%A2.json"
    },
    {
      "key": "csp_XYQBiu_云盘分享",
      "name": "📀业余|云盘分享(搜索)",
      "type": 3,
      "api": "csp_XYQBiu",
      "playerType": 1,
      "searchable": 1,
      "quickSearch": 1,
      "filterable": 1,
      "ext": "https://pan.shangui.cc/f/LV6PU3/%E4%BA%91%E7%9B%98%E5%88%86%E4%BA%AB.json"
    },
    {
      "key": "csp_XYQHiker_盘搜索",
      "name": "📀业余|盘搜索(搜索)",
      "type": 3,
      "api": "csp_XYQHiker",
      "playerType": 1,
      "searchable": 1,
      "quickSearch": 1,
      "filterable": 1,
      "ext": "https://pan.shangui.cc/f/0ZLGfj/%E7%9B%98%E6%90%9C%E7%B4%A2.json"
    },
    {
      "key": "YiSo3",
      "name": "🦄业余┃易搜.搜索",
      "type": 3,
      "api": "csp_YiSo",
      "searchable": 1,
      "quickSearch": 1,
      "filterable": 1,
      "changeable": 1,
      "ext": "http://127.0.0.1:9978/file/XYQTVBox/alitoken.txt+4k|fhd|auto",
      "jar": "https://pan.shangui.cc/f/DVLlCz/xbpq0802.jar"
    },
    {
      "key": "Zhaozy3",
      "name": "🦄业余┃资源.搜索",
      "type": 3,
      "api": "csp_Zhaozy",
      "searchable": 1,
      "quickSearch": 1,
      "filterable": 1,
      "changeable": 1,
      "ext": "http://127.0.0.1:9978/file/XYQTVBox/alitoken.txt+4k|fhd|auto$$$fanfan$$$qqq111",
      "jar": "https://pan.shangui.cc/f/DVLlCz/xbpq0802.jar"
    },
    {
      "key": "PanSou3",
      "name": "🦄业余┃盘搜.搜索",
      "type": 3,
      "api": "csp_PanSou",
      "searchable": 1,
      "quickSearch": 1,
      "filterable": 1,
      "changeable": 1,
      "ext": "http://127.0.0.1:9978/file/XYQTVBox/alitoken.txt+4k|fhd|auto",
      "jar": "https://pan.shangui.cc/f/DVLlCz/xbpq0802.jar"
    },
    {
      "key": "UpYun3",
      "name": "🦄业余┃Up搜.搜索",
      "type": 3,
      "api": "csp_UpYun",
      "searchable": 1,
      "quickSearch": 1,
      "filterable": 1,
      "changeable": 1,
      "ext": "http://127.0.0.1:9978/file/XYQTVBox/alitoken.txt+4k|fhd|auto",
      "jar": "https://pan.shangui.cc/f/DVLlCz/xbpq0802.jar"
    },
    {
      "key": "PanSearch3",
      "name": "🦄业余┃盘Se.搜索",
      "type": 3,
      "api": "csp_PanSearch",
      "searchable": 1,
      "quickSearch": 1,
      "changeable": 1,
      "ext": "http://127.0.0.1:9978/file/XYQTVBox/alitoken.txt+4k|fhd|auto",
      "jar": "https://pan.shangui.cc/f/DVLlCz/xbpq0802.jar"
    },
    {
      "key": "七夜3",
      "name": "🦄业余┃七夜.搜索",
      "type": 3,
      "api": "csp_Dovx",
      "searchable": 1,
      "quickSearch": 1,
      "changeable": 1,
      "ext": "http://127.0.0.1:9978/file/XYQTVBox/alitoken.txt+4k|fhd|auto",
      "jar": "https://pan.shangui.cc/f/DVLlCz/xbpq0802.jar"
    },
    {
      "key": "纸条1",
      "name": "🐿业余|纸条搜索",
      "type": 3,
      "api": "csp_Paper",
      "searchable": 1,
      "filterable": 1,
      "changeable": 0,
      "jar": "https://pan.shangui.cc/f/nl4xh2/ali.jar"
    },
    {
      "key": "阿里云盘1",
      "name": "🐿业余|阿里云盘",
      "type": 3,
      "api": "csp_Dovx",
      "searchable": 1,
      "filterable": 0,
      "changeable": 0,
      "jar": "https://pan.shangui.cc/f/nl4xh2/ali.jar"
    },
    {
      "key": "易搜1",
      "name": "🐿业余|易搜",
      "type": 3,
      "api": "csp_YiSo",
      "searchable": 1,
      "filterable": 0,
      "changeable": 0,
      "jar": "https://pan.shangui.cc/f/nl4xh2/ali.jar"
    },
    {
      "key": "盘搜1",
      "name": "🐿业余|盘搜",
      "type": 3,
      "api": "csp_PanSou",
      "searchable": 1,
      "filterable": 0,
      "changeable": 0,
      "jar": "https://pan.shangui.cc/f/nl4xh2/ali.jar"
    },
    {
      "key": "UP云搜1",
      "name": "🐿业余|UP云搜",
      "type": 3,
      "api": "csp_UpYun",
      "searchable": 1,
      "filterable": 0,
      "changeable": 0,
      "jar": "https://pan.shangui.cc/f/nl4xh2/ali.jar"
    },
    {
      "key": "找资源1",
      "name": "🐿业余|找资源",
      "type": 3,
      "api": "csp_Zhaozy",
      "searchable": 1,
      "filterable": 0,
      "changeable": 0,
      "ext": "null$$$yunshuche$$$11223344",
      "jar": "https://pan.shangui.cc/f/nl4xh2/ali.jar"
    },
    {
      "key": "网盘搜索1",
      "name": "🐿业余|网盘搜索",
      "type": 3,
      "api": "csp_PanSearch",
      "searchable": 1,
      "filterable": 1,
      "changeable": 0,
      "jar": "https://pan.shangui.cc/f/nl4xh2/ali.jar"
    },
    {
      "key": "push_agent",
      "name": "♻️业余|推送",
      "type": 3,
      "api": "csp_PushAgent",
      "playerType": 1,
      "searchable": 1,
      "quickSearch": 1,
      "filterable": 0,
      "ext": "http://127.0.0.1:9978/file/XYQTVBox/alitoken.txt"
    },
    {
      "key": "ext_live_protocol",
      "name": "♻️关注公众号“业余打发”",
      "type": 3,
      "api": "https://pan.shangui.cc/f/5AGXUA/%E5%8D%8F%E8%AE%AE.js",
      "ext": "clan://proxy?sourcekey=ext_live_protocol"
    }
  ],
  "parses": [
   {
      "name": "♻️聚合1",
      "type": 3,
      "url": "Demo"
    },
    {
      "name": "♻️嗅探",
      "type": 3,
      "url": "Web"
    },
    {
      "name": "♻️秒看",
      "type": 1,
      "url": "http://mkzy.vip/play.php/?url="
    },
    {
      "name": "♻️爱豆",
      "type": 1,
      "url": "https://jx.aidouer.net/?url="
    },
    {
      "name": "♻️虾米",
      "type": 1,
      "url": "https://jx.xmflv.com/?url="
    },
    {
      "name": "♻️yangtu",
      "type": 1,
      "url": "https://jx.yangtu.top/?url="
    },
    {
      "name": "♻️纯净/B站",
      "type": 1,
      "url": "https://im1907.top/?jx="
    },
    {
      "name": "♻️OK解析",
      "type": 1,
      "url": "https://okjx.cc/?url="
    },
    {
      "name": "♻️诺讯",
      "type": 1,
      "url": "https://www.nxflv.com/?url="
    },
    {
      "name": "♻️夜幕",
      "type": 1,
      "url": "https://www.yemu.xyz/?url="
    },
    {
      "name": "♻️M3U8.TV",
      "type": 1,
      "url": "https://jx.m3u8.tv/jiexi/?url="
    },
    {
      "name": "♻️人人迷",
      "type": 1,
      "url": "https://jx.blbo.cc:4433/?url="
    },
    {
      "name": "♻️全民",
      "type": 1,
      "url": "https://jx.blbo.cc:4433/?url="
    },
    {
      "name": "♻️七哥",
      "type": 1,
      "url": "https://jx.nnxv.cn/tv.php?url="
    },
    {
      "name": "♻️冰豆",
      "type": 1,
      "url": "https://api.qianqi.net/vip/?url="
    },
    {
      "name": "♻️迪奥",
      "type": 1,
      "url": "https://123.1dior.cn/?url="
    },
    {
      "name": "♻️CK",
      "type": 1,
      "url": "https://www.ckplayer.vip/jiexi/?url="
    },
    {
      "name": "♻️ckmov",
      "type": 1,
      "url": "https://www.ckmov.vip/api.php?url="
    },
    {
      "name": "♻️playerjy/B站",
      "type": 1,
      "url": "https://jx.playerjy.com/?url="
    },
    {
      "name": "♻️ccyjjd",
      "type": 1,
      "url": "https://ckmov.ccyjjd.com/ckmov/?url="
    },
    {
      "name": "♻️诺诺",
      "type": 1,
      "url": "https://www.ckmov.com/?url="
    },
    {
      "name": "♻️H8",
      "type": 1,
      "url": "https://www.h8jx.com/jiexi.php?url="
    },
    {
      "name": "♻️BL",
      "type": 1,
      "url": "https://vip.bljiex.com/?v="
    },
    {
      "name": "♻️解析la",
      "type": 1,
      "url": "https://api.jiexi.la/?url="
    },
    {
      "name": "♻️MUTV",
      "type": 1,
      "url": "https://jiexi.janan.net/jiexi/?url="
    },
    {
      "name": "♻️MAO",
      "type": 1,
      "url": "https://www.mtosz.com/m3u8.php?url="
    },
    {
      "name": "♻️盘古",
      "type": 1,
      "url": "https://www.pangujiexi.cc/jiexi.php?url="
    },
    {
      "name": "♻️0523",
      "type": 1,
      "url": "https://go.yh0523.cn/y.cy?url="
    },
    {
      "name": "♻️17云",
      "type": 1,
      "url": "https://www.1717yun.com/jx/ty.php?url="
    },
    {
      "name": "♻️4K",
      "type": 1,
      "url": "https://jx.4kdv.com/?url="
    },
    {
      "name": "♻️8090",
      "type": 1,
      "url": "https://www.8090g.cn/?url="
    },
    {
      "name": "♻️180",
      "type": 1,
      "url": "https://jx.000180.top/jx/?url="
    },
    {
      "name": "♻️无名",
      "type": 1,
      "url": "https://www.administratorw.com/video.php?url="
    },
    {
      "name": "♻️虾米",
      "type": 1,
      "url": "http://pandown.pro/app/kkdy.php?url="
    },
    {
      "name": "♻️4K",
      "type": 1,
      "url": "https://jx.4kdv.com/?url="
    },
    {
      "name": "♻️A",
      "type": 1,
      "url": "https://vip.xiaomaomi.tv/api.php?key=afkrtuyDGHLMPTV567&url=",
      "ext": {
        "flag": [
          "qq",
          "腾讯",
          "qiyi",
          "爱奇艺",
          "奇艺",
          "youku",
          "优酷",
          "sohu",
          "搜狐",
          "letv",
          "乐视",
          "mgtv",
          "芒果",
          "rx",
          "ltnb",
          "bilibili",
          "1905",
          "xigua"
        ]
      }
    },
    {
      "name": "♻️B",
      "type": 1,
      "url": "https://kk.hdjh.xyz/home/api?type=ys&uid=5282164&key=cdfqstuwCFJSTWX679&url=",
      "ext": {
        "flag": [
          "qq",
          "腾讯",
          "qiyi",
          "爱奇艺",
          "奇艺",
          "youku",
          "优酷",
          "sohu",
          "搜狐",
          "letv",
          "乐视",
          "mgtv",
          "芒果",
          "rx",
          "ltnb",
          "bilibili",
          "1905",
          "xigua"
        ]
      }
    },
    {
      "name": "♻️C",
      "type": 1,
      "url": "https://c.jonwer.cn/home/api?type=ys&uid=13139054&key=cdouvyDGNOPTV01369&url=",
      "ext": {
        "flag": [
          "qq",
          "腾讯",
          "qiyi",
          "爱奇艺",
          "奇艺",
          "youku",
          "优酷",
          "sohu",
          "搜狐",
          "letv",
          "乐视",
          "mgtv",
          "芒果",
          "rx",
          "ltnb",
          "bilibili",
          "1905",
          "xigua"
        ]
      }
    },
    {
      "name": "♻️D",
      "type": 1,
      "url": "https://mg.zrjx.xyz/?url=",
      "ext": {
        "flag": [
          "qq",
          "腾讯",
          "qiyi",
          "爱奇艺",
          "奇艺",
          "youku",
          "优酷",
          "sohu",
          "搜狐",
          "letv",
          "乐视",
          "mgtv",
          "芒果",
          "rx",
          "ltnb",
          "bilibili",
          "1905",
          "xigua"
        ]
      }
    },
    {
      "name": "♻️1",
      "type": 1,
      "url": "http://app.lyyyt/?url=",
      "header": {
        "User-Agent": "okhttp/4.1.0"
      }
    },
    {
      "name": "♻️2",
      "type": 1,
      "url": "http://xn--wnup5g.xn--z7x900a.love:63/Art1/analysis.php?v=",
      "ext": {
        "flag": [
          "qq",
          "腾讯",
          "企鹅",
          "IQiYi",
          "qiyi",
          "爱奇艺",
          "奇艺",
          "youku",
          "YouKu",
          "优酷",
          "sohu",
          "SoHu",
          "搜狐",
          "letv",
          "LeShi",
          "乐视",
          "imgo",
          "mgtv",
          "MangGuo",
          "芒果",
          "SLYS4k",
          "BYGA",
          "luanzi",
          "AliS",
          "dxzy",
          "bilibili",
          "QEYSS",
          "xigua",
          "西瓜视频",
          "腾讯视频",
          "奇艺视频",
          "优酷视频",
          "芒果视频",
          "乐视视频"
        ]
      }
    },
    {
      "name": "♻️3",
      "type": 0,
      "url": "https://jx.bozrc.com:4433/player/?url=",
      "ext": {
        "flag": [
          "qq",
          "腾讯",
          "qiyi",
          "爱奇艺",
          "奇艺",
          "youku",
          "优酷",
          "mgtv",
          "芒果",
          "letv",
          "乐视",
          "pptv",
          "PPTV",
          "sohu",
          "bilibili",
          "哔哩哔哩",
          "哔哩"
        ],
        "header": {
          "User-Agent": "okhttp/4.1.0"
        }
      }
    },
    {
      "name": "️♻盘古",
      "type": 0,
      "url": "https://www.pangujiexi.com/pangu/?url="
    },
    {
      "name": "♻️猪蹄",
      "type": 0,
      "url": "https://jx.iztyy.com/svip/?url="
    },
    {
      "name": "♻️4",
      "type": 0,
      "url": "http://www.miaoys.cc/vip/?url="
    },
    {
      "name": "♻️5",
      "type": 1,
      "url": "https://cy.jonwer.cn/home/api?type=ys&uid=13139054&key=cdouvyDGNOPTV01369&url="
    },
    {
      "name": "♻️6",
      "type": 1,
      "url": "http://47.108.39.237:55/api/jsonindex.php/?key=dp2xOsl8Nws8uFdY0E&url="
    },
    {
      "name": "♻️7",
      "type": 1,
      "url": "http://jx.fuqizhishi.com:63/API.php?appkey=feimao&url=",
      "ext": {
        "flag": [
          "qq",
          "腾讯",
          "企鹅",
          "IQiYi",
          "qiyi",
          "爱奇艺",
          "奇艺",
          "youku",
          "YouKu",
          "优酷",
          "sohu",
          "SoHu",
          "搜狐",
          "letv",
          "LeShi",
          "乐视",
          "imgo",
          "mgtv",
          "MangGuo",
          "芒果",
          "SLYS4k",
          "BYGA",
          "luanzi",
          "AliS",
          "dxzy",
          "bilibili",
          "QEYSS",
          "xigua",
          "西瓜视频",
          "腾讯视频",
          "奇艺视频",
          "优酷视频",
          "芒果视频",
          "乐视视频"
        ]
      }
    },
    {
      "name": "♻️刚佬",
      "type": 1,
      "url": "http://json.g9.pub:66/?url=",
      "ext": {
        "flag": [
          "qq",
          "腾讯",
          "qiyi",
          "爱奇艺",
          "奇艺",
          "youku",
          "优酷",
          "mgtv",
          "imgo",
          "芒果",
          "letv",
          "乐视",
          "pptv",
          "PPTV",
          "sohu",
          "bilibili",
          "哔哩哔哩",
          "哔哩"
        ],
        "header": {
          "User-Agent": "okhttp/4.1.0"
        }
      }
    },
    {
      "name": "♻️牛牛饭",
      "type": 1,
      "url": "http://1.117.111.78:93/home/api?type=ys&uid=77&key=影视范公众号免费提供&url="
    },
    {
      "name": "♻️全部",
      "type": 0,
      "url": "https://yun.ckmov.com/?url=",
      "ext": {
        "flag": [
          "qq",
          "腾讯",
          "qiyi",
          "爱奇艺",
          "奇艺",
          "youku",
          "优酷",
          "mgtv",
          "imgo",
          "芒果",
          "letv",
          "乐视",
          "pptv",
          "PPTV",
          "sohu",
          "bilibili",
          "哔哩哔哩",
          "哔哩"
        ],
        "header": {
          "User-Agent": "okhttp/4.1.0"
        }
      }
    },
    {
      "name": "♻️爱奇艺",
      "type": 0,
      "url": "https://jx.zhanlangbu.com/?url=",
      "ext": {
        "flag": [
          "qq",
          "腾讯",
          "qiyi",
          "爱奇艺",
          "奇艺",
          "youku",
          "优酷",
          "sohu",
          "搜狐",
          "letv",
          "乐视",
          "mgtv",
          "芒果",
          "imgo",
          "rx",
          "ltnb",
          "bilibili",
          "1905",
          "xigua"
        ]
      }
    },
    {
      "name": "♻️网络",
      "type": 1,
      "url": "https://api.cygc.xyz/analysis/?url=",
      "ext": {
        "flag": [
          "qq",
          "腾讯",
          "qiyi",
          "爱奇艺",
          "奇艺",
          "youku",
          "优酷",
          "sohu",
          "搜狐",
          "letv",
          "乐视",
          "imgo",
          "mgtv",
          "芒果",
          "rx",
          "ltnb",
          "bilibili",
          "1905",
          "xigua"
        ]
      }
    },
    {
      "name": "♻️大家",
      "type": 0,
      "url": "https://jx.xmflv.com/?url=",
      "ext": {
        "flag": [
          "qq",
          "腾讯",
          "qiyi",
          "爱奇艺",
          "奇艺",
          "youku",
          "优酷",
          "mgtv",
          "芒果",
          "imgo",
          "letv",
          "乐视",
          "pptv",
          "PPTV",
          "sohu",
          "bilibili",
          "哔哩哔哩",
          "哔哩"
        ],
        "header": {
          "User-Agent": "okhttp/4.1.0"
        }
      }
    },
    {
      "name": "♻️随便用",
      "type": 1,
      "url": "https://jx.ccabc.cc/xc/?key=5567332json&url="
    },
    {
      "name": "♻️坏了",
      "type": 0,
      "url": "http://27.124.4.42:4567/jhjson/ceshi.php?url=",
      "ext": {
        "flag": [
          "qq",
          "腾讯",
          "qiyi",
          "爱奇艺",
          "奇艺",
          "youku",
          "优酷",
          "mgtv",
          "imgo",
          "芒果",
          "letv",
          "乐视",
          "pptv",
          "PPTV",
          "sohu",
          "bilibili",
          "哔哩哔哩",
          "哔哩"
        ],
        "header": {
          "User-Agent": "okhttp/4.1.0"
        }
      }
    },
    {
      "name": "♻️我再找来",
      "type": 1,
      "url": "https://b.umkan.cc/API.php?url=",
      "ext": {
        "flag": [
          "qq",
          "腾讯",
          "企鹅",
          "IQiYi",
          "qiyi",
          "imgo",
          "爱奇艺",
          "奇艺",
          "youku",
          "YouKu",
          "优酷",
          "sohu",
          "SoHu",
          "搜狐",
          "letv",
          "LeShi",
          "乐视",
          "imgo",
          "mgtv",
          "MangGuo",
          "芒果",
          "SLYS4k",
          "BYGA",
          "luanzi",
          "AliS",
          "dxzy",
          "bilibili",
          "QEYSS",
          "xigua",
          "西瓜视频",
          "腾讯视频",
          "奇艺视频",
          "优酷视频",
          "芒果视频",
          "乐视视频"
        ]
      }
    },
    {
      "name": "♻️米1",
      "type": 1,
      "url": "http://xhww.fun:63/小米特别爱肥猫.php?url=",
      "ext": {
        "flag": [
          "mgtv",
          "qiyi",
          "imgo",
          "爱奇艺",
          "奇艺",
          "qq",
          "腾讯",
          "youku",
          "优酷",
          "pptv",
          "PPTV",
          "letv",
          "乐视",
          "leshi",
          "bilibili",
          "哔哩哔哩",
          "哔哩",
          "mgtv",
          "芒果",
          "芒果"
        ],
        "header": {
          "User-Agent": "okhttp/3.12.0"
        }
      }
    },
    {
      "name": "♻️米2",
      "type": 1,
      "url": "http://xhww.fun:63/fy8.php?v=",
      "ext": {
        "flag": [
          "FY"
        ],
        "header": {
          "User-Agent": "okhttp/3.12.0"
        }
      }
    },
    {
      "name": "♻️米3",
      "type": 1,
      "url": "http://27.124.4.42:4567//jhjson//ceshi.php?url=",
      "ext": {
        "flag": [
          "mgtv",
          "qiyi",
          "imgo",
          "爱奇艺",
          "奇艺",
          "qq",
          "腾讯",
          "youku",
          "优酷",
          "pptv",
          "PPTV",
          "letv",
          "乐视",
          "leshi",
          "bilibili",
          "哔哩哔哩",
          "哔哩",
          "mgtv",
          "芒果",
          "芒果"
        ],
        "header": {
          "User-Agent": "okhttp/3.12.0"
        }
      }
    },
    {
      "name": "♻️米4",
      "type": 1,
      "url": "https://qq.396pay.cn/home/api?type=ys&uid=3927563&key=ainsuwyBDEFGNQS037&url=",
      "flag": [
        "JHA",
        "JHB"
      ]
    },
    {
      "name": "♻️米5",
      "type": 1,
      "url": "https://jx.255tv.tk/api/?key=S6kQHaE1gVEY5KAv8L&url=",
      "ext": {
        "flag": [
          "imgo",
          "mgtv",
          "芒果"
        ]
      }
    },
    {
      "name": "♻️米6",
      "type": 1,
      "url": "http://110.42.2.247:880/analysis/json/?uid=2449&my=acfgikquvzFGJRW459&format=data&url=",
      "ext": {
        "flag": [
          "mgtv",
          "qiyi",
          "imgo",
          "爱奇艺",
          "奇艺",
          "qq",
          "腾讯",
          "youku",
          "优酷",
          "pptv",
          "PPTV",
          "letv",
          "乐视",
          "leshi",
          "bilibili",
          "哔哩哔哩",
          "哔哩",
          "mgtv"
        ],
        "header": {
          "User-Agent": "okhttp/3.12.0"
        }
      }
    },
    {
      "name": "️♻️芒果",
      "type": 1,
      "url": "http://110.42.2.247:880/analysis/json/?uid=2255&my=bcdkloqxzEFGPRT168&format=json&url=",
      "ext": {
        "flag": [
          "qq",
          "腾讯",
          "qiyi",
          "爱奇艺",
          "奇艺",
          "youku",
          "优酷",
          "mgtv",
          "芒果",
          "letv",
          "乐视",
          "pptv",
          "PPTV",
          "sohu",
          "bilibili",
          "哔哩哔哩",
          "哔哩"
        ],
        "header": {
          "User-Agent": "okhttp/4.1.0"
        }
      }
    },
    {
      "name": "♻️优酷",
      "type": 0,
      "url": "https://vip.lianfaka.com/vip/?url=",
      "ext": {
        "flag": [
          "qq",
          "腾讯",
          "qiyi",
          "爱奇艺",
          "奇艺",
          "youku",
          "优酷",
          "mgtv",
          "芒果",
          "letv",
          "乐视",
          "pptv",
          "PPTV",
          "sohu",
          "bilibili",
          "哔哩哔哩",
          "哔哩"
        ],
        "header": {
          "User-Agent": "okhttp/4.1.0"
        }
      }
    },
    {
      "name": "♻️360",
      "type": 1,
      "url": "https://json.key521.cn/api/?key=df27d9ca9ec97e22c47f8565a50aa6f5&url=",
      "ext": {
        "flag": [
          "qq",
          "腾讯",
          "企鹅",
          "IQiYi",
          "qiyi",
          "爱奇艺",
          "奇艺",
          "youku",
          "YouKu",
          "优酷",
          "sohu",
          "SoHu",
          "搜狐",
          "letv",
          "LeShi",
          "乐视",
          "imgo",
          "mgtv",
          "MangGuo",
          "芒果",
          "SLYS4k",
          "BYGA",
          "luanzi",
          "AliS",
          "dxzy",
          "bilibili",
          "QEYSS",
          "xigua",
          "西瓜视频",
          "腾讯视频",
          "奇艺视频",
          "优酷视频",
          "芒果视频",
          "乐视视频"
        ]
      }
    },
    {
      "name": "♻️搜狗",
      "type": 1,
      "url": "http://htp.behds.cn/json/520237app7/mlzjphp111.php?url=",
      "ext": {
        "flag": [
          "qq",
          "腾讯",
          "qiyi",
          "爱奇艺",
          "奇艺",
          "youku",
          "优酷",
          "mgtv",
          "芒果",
          "letv",
          "乐视",
          "pptv",
          "PPTV",
          "sohu",
          "bilibili",
          "FY",
          "哔哩"
        ],
        "header": {
          "User-Agent": "okhttp/4.1.0"
        }
      }
    },
    {
      "name": "♻️腾讯",
      "type": 0,
      "url": "https://jx.777jiexi.com/player/?url="
    },
    {
      "name": "♻️芒果",
      "type": 0,
      "url": "https://jx.jsonplayer.com/player/?url=",
      "ext": {
        "flag": [
          "qq",
          "腾讯",
          "qiyi",
          "爱奇艺",
          "奇艺",
          "youku",
          "优酷",
          "mgtv",
          "芒果",
          "letv",
          "乐视",
          "pptv",
          "PPTV",
          "sohu",
          "bilibili",
          "哔哩哔哩",
          "哔哩"
        ],
        "header": {
          "User-Agent": "okhttp/4.1.0"
        }
      }
    },
    {
      "name": "♻️优酷",
      "type": 0,
      "url": "https://yun.ckmov.com/?url=",
      "ext": {
        "flag": [
          "qq",
          "腾讯",
          "qiyi",
          "爱奇艺",
          "奇艺",
          "youku",
          "优酷",
          "mgtv",
          "芒果",
          "letv",
          "乐视",
          "pptv",
          "PPTV",
          "sohu",
          "bilibili",
          "哔哩哔哩",
          "哔哩"
        ],
        "header": {
          "User-Agent": "okhttp/4.1.0"
        }
      }
    },
    {
      "name": "♻️西瓜",
      "type": 0,
      "url": "https://www.nxflv.com/?url=",
      "ext": {
        "flag": [
          "qq",
          "腾讯",
          "企鹅",
          "IQiYi",
          "qiyi",
          "爱奇艺",
          "奇艺",
          "youku",
          "YouKu",
          "优酷",
          "sohu",
          "SoHu",
          "搜狐",
          "letv",
          "LeShi",
          "乐视",
          "imgo",
          "mgtv",
          "MangGuo",
          "芒果",
          "SLYS4k",
          "BYGA",
          "luanzi",
          "AliS",
          "dxzy",
          "bilibili",
          "QEYSS",
          "xigua",
          "西瓜视频",
          "腾讯视频",
          "奇艺视频",
          "优酷视频",
          "芒果视频",
          "乐视视频"
        ]
      }
    },
    {
      "name": "♻️搜狗",
      "type": 0,
      "url": "https://jx.m3u8.pw/?url="
    },
    {
      "name": "♻️高清1",
      "type": 0,
      "url": "https://www.8090g.cn/jiexi/?url=",
      "ext": {
        "header": {
          "User-Agent": "Mozilla/5.0"
        }
      }
    },
    {
      "name": "♻️高清2",
      "type": 0,
      "url": "https://www.ckmov.vip/api.php?url=",
      "ext": {
        "header": {
          "User-Agent": "Mozilla/5.0"
        }
      }
    },
    {
      "name": "♻️嗅探1号",
      "type": 0,
      "url": "https://okjx.cc/?url="
    },
    {
      "name": "♻️嗅探2号",
      "url": "https://jx.bozrc.com:4433/player/?url=",
      "showType": 1
    },
    {
      "name": "♻️嗅探3号",
      "type": 0,
      "url": "http://www.miaoys.cc/vip/?url="
    },
    {
      "name": "♻️嗅探4号",
      "type": 0,
      "url": "https://jx.ppjbk.cn/?url=",
      "ext": {
        "header": {
          "User-Agent": "Mozilla/5.0"
        }
      }
    },
    {
      "name": "♻️嗅探5号",
      "url": "https://jx.bozrc.com:4433/player/?url=",
      "type": 0,
      "ext": {
        "flag": [
          "qiyi",
          "imgo",
          "爱奇艺",
          "奇艺",
          "qq",
          "腾讯",
          "youku",
          "优酷",
          "pptv",
          "PPTV",
          "letv",
          "乐视",
          "leshi",
          "bilibili",
          "哔哩哔哩",
          "哔哩",
          "mgtv",
          "芒果",
          "sohu",
          "xigua",
          "fun",
          "风行"
        ],
        "header": {
          "User-Agent": "Mozilla/5.0"
        }
      }
    },
    {
      "name": "♻️嗅探6号",
      "type": 0,
      "url": "https://jx.4kdv.com/?url=",
      "ext": {
        "header": {
          "User-Agent": "okhttp/4.1.0"
        },
        "flag": [
          "qq",
          "腾讯",
          "qiyi",
          "爱奇艺",
          "奇艺",
          "youku",
          "优酷",
          "mgtv",
          "芒果",
          "letv",
          "leshi",
          "LS",
          "乐视",
          "pptv",
          "PPTV",
          "sohu",
          "bilibili",
          "哔哩哔哩",
          "哔哩"
        ]
      }
    },
    {
      "name": "♻️嗅探7号",
      "type": 0,
      "url": "https://jxdp.codermart.net/?url=",
      "ext": {
        "flag": [
          "qq",
          "腾讯",
          "qiyi",
          "爱奇艺",
          "奇艺",
          "youku",
          "优酷",
          "sohu",
          "搜狐",
          "letv",
          "乐视",
          "mgtv",
          "芒果",
          "rx",
          "ltnb",
          "bilibili",
          "1905",
          "xigua"
        ]
      }
    },
    {
      "name": "♻️龙1",
      "type": 1,
      "url": "http://j.grelighting.cn/parser88/?url="
    },
    {
      "name": "♻️龙2",
      "type": 0,
      "url": "https://jx.xmflv.com/?url=",
      "ext": {
        "flag": [
          "qq",
          "腾讯",
          "qiyi",
          "iqiyi",
          "爱奇艺",
          "奇艺",
          "youku",
          "优酷",
          "mgtv",
          "芒果",
          "letv",
          "乐视",
          "pptv",
          "PPTV",
          "sohu",
          "bilibili",
          "哔哩哔哩",
          "哔哩"
        ]
      }
    },
    {
      "name": "♻️龙3",
      "type": 0,
      "url": "https://www.ckmov.com/?url=",
      "ext": {
        "flag": [
          "qq",
          "腾讯",
          "qiyi",
          "iqiyi",
          "爱奇艺",
          "奇艺",
          "youku",
          "优酷",
          "mgtv",
          "芒果",
          "letv",
          "乐视",
          "pptv",
          "PPTV",
          "sohu",
          "bilibili",
          "哔哩哔哩",
          "哔哩"
        ]
      }
    },
    {
      "name": "♻️龙5",
      "type": 0,
      "url": "https://jx.aidouer.net/?url=",
      "ext": {
        "flag": [
          "qq",
          "腾讯",
          "qiyi",
          "iqiyi",
          "爱奇艺",
          "奇艺",
          "youku",
          "优酷",
          "mgtv",
          "芒果",
          "letv",
          "乐视",
          "pptv",
          "PPTV",
          "sohu",
          "bilibili",
          "哔哩哔哩",
          "哔哩"
        ]
      }
    },
    {
      "name": "♻️龙6",
      "type": 0,
      "url": "https://jx.zui.cm/?url=",
      "ext": {
        "flag": [
          "qq",
          "腾讯",
          "qiyi",
          "iqiyi",
          "爱奇艺",
          "奇艺",
          "youku",
          "优酷",
          "mgtv",
          "芒果",
          "letv",
          "乐视",
          "pptv",
          "PPTV",
          "sohu",
          "bilibili",
          "哔哩哔哩",
          "哔哩"
        ]
      }
    },
    {
      "name": "♻️龙7",
      "type": 0,
      "url": "https://www.yemu.xyz/?url=",
      "ext": {
        "flag": [
          "qq",
          "腾讯",
          "qiyi",
          "iqiyi",
          "爱奇艺",
          "奇艺",
          "youku",
          "优酷",
          "mgtv",
          "芒果",
          "letv",
          "乐视",
          "pptv",
          "PPTV",
          "sohu",
          "bilibili",
          "哔哩哔哩",
          "哔哩"
        ]
      }
    },
    {
      "name": "♻️龙8",
      "type": 0,
      "url": "https://jx.m3u8.tv/jiexi/?url=",
      "ext": {
        "flag": [
          "qq",
          "腾讯",
          "qiyi",
          "iqiyi",
          "爱奇艺",
          "奇艺",
          "youku",
          "优酷",
          "mgtv",
          "芒果",
          "letv",
          "乐视",
          "pptv",
          "PPTV",
          "sohu",
          "bilibili",
          "哔哩哔哩",
          "哔哩"
        ]
      }
    },
    {
      "name": "♻️龙9",
      "type": 0,
      "url": "https://okjx.cc/?url=",
      "ext": {
        "flag": [
          "qq",
          "腾讯",
          "qiyi",
          "iqiyi",
          "爱奇艺",
          "奇艺",
          "youku",
          "优酷",
          "mgtv",
          "芒果",
          "letv",
          "乐视",
          "pptv",
          "PPTV",
          "sohu",
          "bilibili",
          "哔哩哔哩",
          "哔哩"
        ]
      }
    },
    {
      "name": "♻️龙10",
      "type": 0,
      "url": "https://www.administratorw.com/index.php?url=",
      "ext": {
        "flag": [
          "qq",
          "腾讯",
          "qiyi",
          "iqiyi",
          "爱奇艺",
          "奇艺",
          "youku",
          "优酷",
          "mgtv",
          "letv",
          "乐视",
          "pptv",
          "PPTV",
          "sohu",
          "bilibili",
          "哔哩哔哩",
          "哔哩"
        ]
      }
    },
    {
      "name": "♻️龙11",
      "type": 0,
      "url": "https://api.qianqi.net/vip/?url=",
      "ext": {
        "flag": [
          "qq",
          "腾讯",
          "qiyi",
          "iqiyi",
          "爱奇艺",
          "奇艺",
          "youku",
          "优酷",
          "mgtv",
          "芒果",
          "letv",
          "乐视",
          "pptv",
          "PPTV",
          "sohu",
          "bilibili",
          "哔哩哔哩",
          "哔哩"
        ]
      }
    },
    {
      "name": "♻️龙12",
      "type": 0,
      "url": "https://www.ckplayer.vip/jiexi/?url=",
      "ext": {
        "flag": [
          "qq",
          "腾讯",
          "qiyi",
          "iqiyi",
          "爱奇艺",
          "奇艺",
          "youku",
          "优酷",
          "mgtv",
          "芒果",
          "letv",
          "乐视",
          "pptv",
          "PPTV",
          "sohu",
          "bilibili",
          "哔哩哔哩",
          "哔哩"
        ]
      }
    },
    {
      "name": "♻️龙13",
      "type": 0,
      "url": "https://jx.playerjy.com/?url=",
      "ext": {
        "flag": [
          "qq",
          "腾讯",
          "qiyi",
          "iqiyi",
          "爱奇艺",
          "奇艺",
          "youku",
          "优酷",
          "mgtv",
          "芒果",
          "letv",
          "乐视",
          "pptv",
          "PPTV",
          "sohu",
          "bilibili",
          "哔哩哔哩",
          "哔哩"
        ]
      }
    },
    {
      "name": "♻️龙14",
      "type": 0,
      "url": "https://ckmov.ccyjjd.com/ckmov/?url=",
      "ext": {
        "flag": [
          "qq",
          "腾讯",
          "qiyi",
          "iqiyi",
          "爱奇艺",
          "奇艺",
          "youku",
          "优酷",
          "mgtv",
          "芒果",
          "letv",
          "乐视",
          "pptv",
          "PPTV",
          "sohu",
          "bilibili",
          "哔哩哔哩",
          "哔哩"
        ]
      }
    },
    {
      "name": "♻️龙15",
      "type": 0,
      "url": "https://vip.bljiex.com/?v=",
      "ext": {
        "flag": [
          "qq",
          "腾讯",
          "qiyi",
          "iqiyi",
          "爱奇艺",
          "奇艺",
          "youku",
          "优酷",
          "mgtv",
          "芒果",
          "letv",
          "乐视",
          "pptv",
          "PPTV",
          "sohu",
          "bilibili",
          "哔哩哔哩",
          "哔哩"
        ]
      }
    },
    {
      "name": "♻️龙16",
      "type": 0,
      "url": "https://vip.laobandq.com/jiexi.php?url=",
      "ext": {
        "flag": [
          "qq",
          "腾讯",
          "qiyi",
          "iqiyi",
          "爱奇艺",
          "奇艺",
          "youku",
          "优酷",
          "mgtv",
          "芒果",
          "letv",
          "乐视",
          "pptv",
          "PPTV",
          "sohu",
          "bilibili",
          "哔哩哔哩",
          "哔哩"
        ]
      }
    },
    {
      "name": "♻️龙17",
      "type": 0,
      "url": "http://www.pangujiexi.cc/jiexi.php?url=",
      "ext": {
        "flag": [
          "qq",
          "腾讯",
          "qiyi",
          "iqiyi",
          "爱奇艺",
          "奇艺",
          "youku",
          "优酷",
          "mgtv",
          "芒果",
          "letv",
          "乐视",
          "pptv",
          "PPTV",
          "sohu",
          "bilibili",
          "哔哩哔哩",
          "哔哩"
        ]
      }
    },
    {
      "name": "♻️龙18",
      "type": 0,
      "url": "https://www.gai4.com/?url=",
      "ext": {
        "flag": [
          "qq",
          "腾讯",
          "qiyi",
          "iqiyi",
          "爱奇艺",
          "奇艺",
          "youku",
          "优酷",
          "mgtv",
          "芒果",
          "letv",
          "乐视",
          "pptv",
          "PPTV",
          "sohu",
          "bilibili",
          "哔哩哔哩",
          "哔哩"
        ]
      }
    },
    {
      "name": "♻️龙19",
      "type": 0,
      "url": "https://go.yh0523.cn/y.cy?url=",
      "ext": {
        "flag": [
          "qq",
          "腾讯",
          "qiyi",
          "iqiyi",
          "爱奇艺",
          "奇艺",
          "youku",
          "优酷",
          "mgtv",
          "芒果",
          "letv",
          "乐视",
          "pptv",
          "PPTV",
          "sohu",
          "bilibili",
          "哔哩哔哩",
          "哔哩"
        ]
      }
    },
    {
      "name": "♻️龙20",
      "type": 0,
      "url": "https://www.1717yun.com/jx/ty.php?url=",
      "ext": {
        "flag": [
          "qq",
          "腾讯",
          "qiyi",
          "iqiyi",
          "爱奇艺",
          "奇艺",
          "youku",
          "优酷",
          "mgtv",
          "芒果",
          "letv",
          "乐视",
          "pptv",
          "PPTV",
          "sohu",
          "bilibili",
          "哔哩哔哩",
          "哔哩"
        ]
      }
    },
    {
      "name": "♻️龙21",
      "type": 0,
      "url": "https://jx.4kdv.com/?url=",
      "ext": {
        "flag": [
          "qq",
          "腾讯",
          "qiyi",
          "iqiyi",
          "爱奇艺",
          "奇艺",
          "youku",
          "优酷",
          "mgtv",
          "芒果",
          "letv",
          "乐视",
          "pptv",
          "PPTV",
          "sohu",
          "bilibili",
          "哔哩哔哩",
          "哔哩"
        ]
      }
    },
    {
      "name": "♻️龙22",
      "type": 0,
      "url": "https://www.8090g.cn/?url=",
      "ext": {
        "flag": [
          "qq",
          "腾讯",
          "qiyi",
          "iqiyi",
          "爱奇艺",
          "奇艺",
          "youku",
          "优酷",
          "mgtv",
          "芒果",
          "letv",
          "乐视",
          "pptv",
          "PPTV",
          "sohu",
          "bilibili",
          "哔哩哔哩",
          "哔哩"
        ]
      }
    },
    {
      "name": "♻️龙23",
      "type": 0,
      "url": "https://www.nxflv.com/?url=",
      "ext": {
        "flag": [
          "qq",
          "腾讯",
          "qiyi",
          "iqiyi",
          "爱奇艺",
          "奇艺",
          "youku",
          "优酷",
          "mgtv",
          "芒果",
          "letv",
          "乐视",
          "pptv",
          "PPTV",
          "sohu",
          "bilibili",
          "哔哩哔哩",
          "哔哩"
        ]
      }
    },
    {
      "name": "♻️龙24",
      "type": 0,
      "url": "https://www.playm3u8.cn/jiexi.php?url=",
      "ext": {
        "flag": [
          "qq",
          "腾讯",
          "qiyi",
          "iqiyi",
          "爱奇艺",
          "奇艺",
          "youku",
          "优酷",
          "mgtv",
          "芒果",
          "letv",
          "乐视",
          "pptv",
          "PPTV",
          "sohu",
          "bilibili",
          "哔哩哔哩",
          "哔哩"
        ]
      }
    },
    {
      "name": "♻️龙25",
      "type": 0,
      "url": "https://api.jiexi.la/?url=",
      "ext": {
        "flag": [
          "qq",
          "腾讯",
          "qiyi",
          "iqiyi",
          "爱奇艺",
          "奇艺",
          "youku",
          "优酷",
          "mgtv",
          "芒果",
          "letv",
          "乐视",
          "pptv",
          "PPTV",
          "sohu",
          "bilibili",
          "哔哩哔哩",
          "哔哩"
        ]
      }
    },
    {
      "name": "♻️龙26",
      "type": 0,
      "url": "https://www.mtosz.com/m3u8.php?url=",
      "ext": {
        "flag": [
          "qq",
          "腾讯",
          "qiyi",
          "iqiyi",
          "爱奇艺",
          "奇艺",
          "youku",
          "优酷",
          "mgtv",
          "芒果",
          "letv",
          "乐视",
          "pptv",
          "PPTV",
          "sohu",
          "bilibili",
          "哔哩哔哩",
          "哔哩"
        ]
      }
    }
  ],
  "ijk": [
    {
      "group": "软解码",
      "options": [
        {
          "category": 4,
          "name": "opensles",
          "value": "0"
        },
        {
          "category": 4,
          "name": "overlay-format",
          "value": "842225234"
        },
        {
          "category": 4,
          "name": "framedrop",
          "value": "1"
        },
        {
          "category": 4,
          "name": "soundtouch",
          "value": "1"
        },
        {
          "category": 4,
          "name": "start-on-prepared",
          "value": "1"
        },
        {
          "category": 1,
          "name": "http-detect-range-support",
          "value": "0"
        },
        {
          "category": 1,
          "name": "fflags",
          "value": "fastseek"
        },
        {
          "category": 2,
          "name": "skip_loop_filter",
          "value": "48"
        },
        {
          "category": 4,
          "name": "reconnect",
          "value": "1"
        },
        {
          "category": 4,
          "name": "max-buffer-size",
          "value": "5242880"
        },
        {
          "category": 4,
          "name": "enable-accurate-seek",
          "value": "0"
        },
        {
          "category": 4,
          "name": "mediacodec",
          "value": "0"
        },
        {
          "category": 4,
          "name": "mediacodec-auto-rotate",
          "value": "0"
        },
        {
          "category": 4,
          "name": "mediacodec-handle-resolution-change",
          "value": "0"
        },
        {
          "category": 4,
          "name": "mediacodec-hevc",
          "value": "0"
        },
        {
          "category": 1,
          "name": "dns_cache_timeout",
          "value": "600000000"
        }
      ]
    },
    {
      "group": "硬解码",
      "options": [
        {
          "category": 4,
          "name": "opensles",
          "value": "0"
        },
        {
          "category": 4,
          "name": "overlay-format",
          "value": "842225234"
        },
        {
          "category": 4,
          "name": "framedrop",
          "value": "1"
        },
        {
          "category": 4,
          "name": "soundtouch",
          "value": "1"
        },
        {
          "category": 4,
          "name": "start-on-prepared",
          "value": "1"
        },
        {
          "category": 1,
          "name": "http-detect-range-support",
          "value": "0"
        },
        {
          "category": 1,
          "name": "fflags",
          "value": "fastseek"
        },
        {
          "category": 2,
          "name": "skip_loop_filter",
          "value": "48"
        },
        {
          "category": 4,
          "name": "reconnect",
          "value": "1"
        },
        {
          "category": 4,
          "name": "max-buffer-size",
          "value": "5242880"
        },
        {
          "category": 4,
          "name": "enable-accurate-seek",
          "value": "0"
        },
        {
          "category": 4,
          "name": "mediacodec",
          "value": "1"
        },
        {
          "category": 4,
          "name": "mediacodec-auto-rotate",
          "value": "1"
        },
        {
          "category": 4,
          "name": "mediacodec-handle-resolution-change",
          "value": "1"
        },
        {
          "category": 4,
          "name": "mediacodec-hevc",
          "value": "1"
        },
        {
          "category": 1,
          "name": "dns_cache_timeout",
          "value": "600000000"
        }
      ]
    }
  ],
  "doh": [
    {
      "name": "Google",
      "url": "https://dns.google/dns-query",
      "ips": [
        "8.8.4.4",
        "8.8.8.8"
      ]
    },
    {
      "name": "Cloudflare",
      "url": "https://cloudflare-dns.com/dns-query",
      "ips": [
        "1.1.1.1",
        "1.0.0.1",
        "2606:4700:4700::1111",
        "2606:4700:4700::1001"
      ]
    },
    {
      "name": "AdGuard",
      "url": "https://dns.adguard.com/dns-query",
      "ips": [
        "94.140.14.140",
        "94.140.14.141"
      ]
    },
    {
      "name": "DNSWatch",
      "url": "https://resolver2.dns.watch/dns-query",
      "ips": [
        "84.200.69.80",
        "84.200.70.40"
      ]
    },
    {
      "name": "Quad9",
      "url": "https://dns.quad9.net/dns-quer",
      "ips": [
        "9.9.9.9",
        "149.112.112.112"
      ]
    }
  ],
  "rules": [
    {
      "name": "量子廣告",
      "hosts": [
        "vip.lz",
        "hd.lz"
      ],
      "regex": [
        "#EXT-X-DISCONTINUITY\\r*\\n*#EXTINF:6.433333,[\\s\\S]*?#EXT-X-DISCONTINUITY",
        "#EXTINF.*?\\s+.*?1o.*?\\.ts\\s+"
      ]
    },
    {
      "name": "非凡廣告",
      "hosts": [
        "vip.ffzy",
        "hd.ffzy"
      ],
      "regex": [
        "#EXT-X-DISCONTINUITY\\r*\\n*#EXTINF:6.666667,[\\s\\S]*?#EXT-X-DISCONTINUITY",
        "#EXTINF.*?\\s+.*?1o.*?\\.ts\\s+"
      ]
    },
    {
      "name": "火山嗅探",
      "hosts": [
        "huoshan.com"
      ],
      "regex": [
        "item_id="
      ]
    },
    {
      "name": "抖音嗅探",
      "hosts": [
        "douyin.com"
      ],
      "regex": [
        "is_play_url="
      ]
    }
  ],
  "flags": [
    "youku",
    "优酷",
    "优 酷",
    "优酷视频",
    "qq",
    "腾讯",
    "腾 讯",
    "腾讯视频",
    "iqiyi",
    "qiyi",
    "奇艺",
    "爱奇艺",
    "爱 奇 艺",
    "m1905",
    "xigua",
    "letv",
    "leshi",
    "乐视",
    "乐 视",
    "sohu",
    "搜狐",
    "搜 狐",
    "搜狐视频",
    "tudou",
    "pptv",
    "mgtv",
    "芒果",
    "imgo",
    "芒果TV",
    "芒 果 T V",
    "bilibili",
    "哔 哩",
    "哔 哩 哔 哩"
  ],
  "ads": [
    "wan.51img1.com",
    "iqiyi.hbuioo.com",
    "vip.ffzyad.com",
    "https://lf1-cdn-tos.bytegoofy.com/obj/tos-cn-i-dy/455ccf9e8ae744378118e4bd289288dd"
  ]
}