{

//"spider":"http://rihou.cc:88/hccx/HeChengChaXiu.jar",

"spider":"http://rihou.cc:88/hccx/HeChengChaXiu.jar",

"wallpaper":"http://我不是.肥猫.live/ppic/feimao.php",

//"lives":[{"name":"live","type":0,"url":"http://rihou.cc:88/直播","epg":"http://epg.51zmt.top:8000/api/diyp/?ch={name}&date={date}"}],

"warningText":"荷城茶秀接口完全免费，切勿付费购买！",

"sites":[

{"key":"js_豆瓣热播","name":"🅱️追剧影院|T热播","type":3,"api":"http://rihou.cc:88/hccx/Api.js","searchable":0,"quickSearch":0,"filterable":0,"ext":"http://rihou.cc:88/hccx/Doubanrebo.js"},

//{"key":"js_豆瓣热播","name":"🅱️追剧影院|T热播 QQ③群：237658557","type":3,"api":"http://rihou.cc:88/hccx/Api.js","searchable":0,"quickSearch":0,"filterable":0,"ext":"http://rihou.cc:88/hccx/Doubanrebo.js"},

{"key":"AliYunPan","name":"🅱️云盘登录|T签到","type":3,"api":"csp_AliYunPan","searchable":0,"filterable":0,"ext":"b4242bebe6f144d3aa6a2cd842ac65aa"},

{"key":"Wogg","name":"🅱️玩偶哥哥|T追剧","type":3,"api":"csp_XPathAli","searchable":1,"quickSearch":1,"filterable":0,"ext":"http://rihou.cc:88/hccx/玩偶哥哥.json"},

{"key":"Czspp","name":"🅱️厂长影视|T追剧","type":3,"api":"csp_Czsapp","searchable":1,"quickSearch":1,"filterable":1,"ext":"https://www.czzy88.com/"},

//{"key": "yc","name": "🅱️影巢网盘|T追剧","type": 3,"api": "csp_Hdhive","searchable": 1,"quickSearch": 1,"filterable": 0,"ext": "b4242bebe6f144d3aa6a2cd842ac65aa"},

{"key":"csp_骚火","name":"🅱️骚火影视|T追剧","type":3,"api":"csp_XBPQ","searchable":1,"quickSearch":1,"filterable":1,"ext":"http://rihou.cc:88/hccx/骚火影视.json"},

//{"key":"csp_美剧","name":"🅱️美剧影视|T追剧","type":3,"api":"csp_XBPQ","searchable":1,"quickSearch":1,"filterable":1,"ext":"http://rihou.cc:88/hccx/美剧影视.json"},

{"key":"csp_威士","name":"🅱️威士影视|T追剧","type":3,"api":"csp_XBPQ","searchable":1,"quickSearch":1,"filterable":1,"ext":"http://rihou.cc:88/hccx/威士影视.json"},

{"key":"csp_Free","name":"🅱️Free影视|T追剧","type":3,"api":"csp_XBPQ","searchable":1,"quickSearch":1,"filterable":1,"ext":"http://rihou.cc:88/hccx/Free影视.json"},

{"key":"csp_xBPQ_玖八","name":"🅱️玖八影视|T追剧","type":3,"api":"csp_XBPQ","searchable":1,"quickSearch":1,"filterable":1,"ext":"http://rihou.cc:88/hccx/98影视.json"},

{"key": "csp_蛋蛋","name": "🅱️蛋蛋影视|T追剧","type": 3,"api": "csp_XBPQ","searchable":1,"quickSearch":1,"filterable":1,"ext":"http://rihou.cc:88/hccx/蛋蛋影视.json"},

{"key":"csp_星辰","name":"🅱️星辰影视|T追剧","type":3,"api":"csp_XBPQ","searchable":1,"quickSearch":1,"filterable":1,"ext":"http://rihou.cc:88/hccx/星辰影视.json"},

{"key":"csp_TVB","name":"🅱️TVB云播|T追剧","type":3,"api":"csp_XBPQ","searchable":1,"quickSearch":1,"filterable":1,"ext":"http://rihou.cc:88/hccx/TVB云播.json"},

{"key":"csp_农民","name":"🅱️农民影视|T追剧","type":3,"api":"csp_XBPQ","searchable":1,"quickSearch":1,"filterable":1,"ext":"http://rihou.cc:88/hccx/农民影视.json"},

{"key":"csp_xBPQ_奇优","name":"🅱️奇优影视|T追剧","type":3,"api":"csp_XBPQ","searchable":1,"quickSearch":1,"filterable":1,"ext":"http://rihou.cc:88/hccx/奇优影视.json"},

{"key":"csp_疯狗","name":"🅱️疯狗影视|T追剧","type":3,"api":"csp_XBPQ","searchable":1,"quickSearch":1,"filterable":1,"ext":"http://rihou.cc:88/hccx/疯狗影视.json"},

{"key":"csp_万达","name":"🅱️万达影视|T追剧","type":3,"api":"csp_XBPQ","searchable":1,"quickSearch":1,"filterable":1,"ext":"http://rihou.cc:88/hccx/万达影视.json"},

{"key":"csp_爱看","name":"🅱️爱看影视|T追剧","type":3,"api":"csp_XBPQ","searchable":1,"quickSearch":1,"filterable":1,"ext":"http://rihou.cc:88/hccx/爱看影视.json"},

{"key":"csp_七新","name":"🅱️七新影视|T追剧","type":3,"api":"csp_XBPQ","searchable":1,"quickSearch":1,"filterable":1,"ext":"http://rihou.cc:88/hccx/七新影视.json"},

{"key":"csp_超前","name":"🅱️超前点播|T追剧","type":3,"api":"csp_XBPQ","searchable":1,"quickSearch":1,"filterable":1,"ext":"http://rihou.cc:88/hccx/超前B站.json"},

{"key":"csp_热播","name":"🅱️热播之家|T追剧","type":3,"api":"csp_XBPQ","searchable":1,"quickSearch":1,"filterable":1,"ext":"http://rihou.cc:88/hccx/热播之家.json"},

{"key":"csp_玖摇","name":"🅱️玖摇影视|T追剧","type":3,"api":"csp_XBPQ","searchable":1,"quickSearch":1,"filterable":1,"ext":"http://rihou.cc:88/hccx/91影视.json"},

{"key":"csp_不卡","name":"🅱️不卡影视|T追剧","type":3,"api":"csp_XBPQ","searchable":1,"quickSearch":1,"filterable":1,"ext":"http://rihou.cc:88/hccx/真不卡影视.json"},

{"key":"csp_午舞","name":"🅱️午舞影视|T追剧","type":3,"api":"csp_XBPQ","searchable":1,"quickSearch":1,"filterable":1,"ext":"http://rihou.cc:88/hccx/五五影视.json"},

{"key":"csp_师兄","name":"🅱️师兄影视|T追剧","type":3,"api":"csp_XBPQ","searchable":1,"quickSearch":1,"filterable":1,"ext":"http://rihou.cc:88/hccx/大师兄影视.json"},

{"key":"csp_xBPQ_视觉","name":"🅱️视觉影视|T追剧","type":3,"api":"csp_XBPQ","searchable":1,"quickSearch":1,"filterable":1,"ext":"http://rihou.cc:88/hccx/新视觉影视.json"},

//{"key":"csp_光棍","name":"🅱️光棍影视|T追剧","type":3,"api":"csp_XBPQ","searchable":1,"quickSearch":1,"filterable":1,"ext":"http://rihou.cc:88/hccx/光棍影视.json"},

{"key":"csp_圣城","name":"🅱️圣城影视|T追剧","type":3,"api":"csp_XBPQ","searchable":1,"quickSearch":1,"filterable":1,"ext":"http://rihou.cc:88/hccx/圣城影视.json"},

{"key":"csp_好戏","name":"🅱️好戏影视|T追剧","type":3,"api":"csp_XBPQ","searchable":1,"quickSearch":1,"filterable":1,"ext":"http://rihou.cc:88/hccx/好戏影视.json"},

{"key":"csp_七月","name":"🅱️七月影视|T追剧","type":3,"api":"csp_XBPQ","searchable":1,"quickSearch":1,"filterable":1,"ext":"http://rihou.cc:88/hccx/七月影视.json"},

{"key":"csp_佳能","name":"🅱️佳能影视|T追剧","type":3,"api":"csp_XBPQ","searchable":1,"quickSearch":1,"filterable":1,"ext":"http://rihou.cc:88/hccx/348影视.json"},

{"key":"csp_土豪","name":"🅱️土豪影视|T追剧","type":3,"api":"csp_XBPQ","searchable":1,"quickSearch":1,"filterable":1,"ext":"http://rihou.cc:88/hccx/土豪影视.json"},

{"key":"csp_觅知","name":"🅱️觅知影视|T追剧","type":3,"api":"csp_XBPQ","searchable":1,"quickSearch":1,"filterable":1,"ext":"http://rihou.cc:88/hccx/觅知影视.json"},

{"key":"csp_达龟","name":"🅱️达龟影院|T追剧","type":3,"api":"csp_XBPQ","searchable":1,"quickSearch":1,"filterable":1,"ext":"http://rihou.cc:88/hccx/达达龟影视.json"},

{"key":"csp_七年","name":"🅱️七年影视|T追剧","type":3,"api":"csp_XBPQ","searchable":1,"quickSearch":1,"filterable":1,"ext":"http://rihou.cc:88/hccx/七年影视.json"},

{"key": "csp_黑狐","name": "🅱️黑狐影视|T追剧","type": 3,"api": "csp_XBPQ","searchable":1,"quickSearch":1,"filterable":1,"ext":"http://rihou.cc:88/hccx/黑狐影视.json"},

{"key":"csp_苹果","name":"🅱️苹果影视|T追剧","type":3,"api":"csp_XBPQ","searchable":1,"quickSearch":1,"filterable":1,"ext":"http://rihou.cc:88/hccx/苹果影视.json"},

{"key":"csp_米爱","name":"🅱️米爱影视|T追剧","type":3,"api":"csp_XBPQ","searchable":1,"quickSearch":1,"filterable":1,"ext":"http://rihou.cc:88/hccx/米爱影视.json"},

{"key":"csp_低端","name":"🅱️低端影视|T追剧","type":3,"api":"csp_XBPQ","searchable":1,"quickSearch":1,"filterable":1,"ext":"http://rihou.cc:88/hccx/低端影视.json"},

{"key":"csp_非凡","name":"🅱️非凡资源|T追剧","type":3,"api":"csp_XBPQ","searchable":1,"quickSearch":1,"filterable":1,"ext":"http://rihou.cc:88/hccx/非凡资源网.json"},

{"key":"csp_量子","name":"🅱️量子资源|T追剧","type":3,"api":"csp_XBPQ","searchable":1,"quickSearch":1,"filterable":1,"ext":"http://rihou.cc:88/hccx/量子资源网.json"},

//{"key":"js_搜狗","name":"🅱️荷城官源|T追剧","type":3,"api":"http://rihou.cc:88/hccx/Api.js","ext":"http://rihou.cc:88/hccx/荷城官源.js"},

{"key":"荐片","name":"🅱️荐片秒播|T追剧","type":3,"api":"csp_RinHome","searchable":1,"quickSearch":1,"filterable":0},

{"key": "push_agent","name": "🅱️辅助推送|T功能","type": 3,"api": "csp_Push","searchable": 0,"quickSearch": 0,"filterable": 0},

{"key": "PanSearch","name": "🔍阿里|网盘搜","type": 3,"api": "csp_PanSearch","searchable": 1,"filterable": 1,"changeable": 1,"ext": "b4242bebe6f144d3aa6a2cd842ac65aa"},

{"key": "PanSou","name": "🔍阿里|盘搜索","type": 3,"api": "csp_PanSou","searchable": 1,"filterable": 1,"changeable": 1,"ext": "b4242bebe6f144d3aa6a2cd842ac65aa"},

{"key": "UpYun","name": "🔍阿里|优盘搜","type": 3,"api": "csp_UpYun","searchable": 1,"filterable": 1,"changeable": 1,"ext": "b4242bebe6f144d3aa6a2cd842ac65aa"},

{"key": "YiSou","name": "🔍阿里|易搜搜","type": 3,"api": "csp_YiSou","searchable": 1,"filterable": 1,"changeable": 1,"ext": "b4242bebe6f144d3aa6a2cd842ac65aa$$$satoken=abfceef7-ca8f-40b6-afd8-5c11fab10336"},
        
{"key": "Zhaozy","name": "🔍阿里|找资源","type": 3,"api": "csp_Zhaozy","searchable": 1,"filterable": 1,"changeable": 1,"ext": "b4242bebe6f144d3aa6a2cd842ac65aa$$$hccx$$$hccx"},

{"key": "Gitcafe","name": "🔍阿里|小纸条","type": 3,"api": "csp_Paper","searchable": 1,"quickSearch": 1,"filterable": 1,"ext": "b4242bebe6f144d3aa6a2cd842ac65aa"},

{"key":"cctv","name":"📺央视｜大全","type":3,"api":"csp_CCTV","searchable":0,"filterable":0,"ext":"http://rihou.cc:88/hccx/央视大全.json"},

{"key":"py_cctv_少儿","name":"📺央视｜少儿","type":3,"api":"py_cctv_full","searchable":0,"quickSearch":0,"filterable":1,"ext":"http://rihou.cc:88/hccx/py_央视少儿.py"},

{"key":"央视经典","name":"📺央视｜经典","type":3,"api":"csp_Bili","searchable":0,"quickSearch":1,"filterable":1,"ext":"http://rihou.cc:88/hccx/哔哩经典.json"},

{"key":"py_cctv_企鹅","name":"📺体育｜直播","type":3,"api":"py_cctv_full","searchable":0,"quickSearch":0,"filterable":1,"ext":"http://rihou.cc:88/hccx/py_企鹅体育.py"},

{"key":"mtv_xp_动漫巴士","name":"🐼动漫丨巴士","type":3,"api":"csp_XBPQ","searchable":0,"quickSearch":0,"filterable":1,"ext":"http://rihou.cc:88/hccx/动漫巴士.json"},

{"key":"mtv_xp_维奇动漫","name":"🐼维奇丨动漫","type":3,"api":"csp_XBPQ","searchable":0,"quickSearch":0,"filterable":1,"ext":"http://rihou.cc:88/hccx/维奇动漫.json"},

{"key":"csp_短剧","name":"🎧刷刷｜短剧","type":3,"api":"csp_XBPQ","searchable":0,"quickSearch":0,"filterable":1,"ext":"http://rihou.cc:88/hccx/短剧网.json"},

{"key":"哔哩音乐","name":"🎧哔哩｜音乐","type":3,"api":"csp_Bili","searchable":0,"quickSearch":1,"filterable":1,"ext":"http://rihou.cc:88/hccx/哔哩音乐.json"},

{"key":"小灯塔科学","name":"🌏小灯塔科学","type":3,"api":"csp_Bili","searchable":0,"quickSearch":1,"filterable":1,"ext":"http://rihou.cc:88/hccx/小灯塔科学.json"},

{"key":"小灯塔地理","name":"🌏小灯塔地理","type":3,"api":"csp_Bili","searchable":0,"quickSearch":1,"filterable":1,"ext":"http://rihou.cc:88/hccx/小灯塔地理.json"},

{"key":"小灯塔百科","name":"🌏小灯塔百科","type":3,"api":"csp_Bili","searchable":0,"quickSearch":1,"filterable":1,"ext":"http://rihou.cc:88/hccx/小灯塔百科.json"},

{"key":"小灯塔国学","name":"🌏小灯塔国学","type":3,"api":"csp_Bili","searchable":0,"quickSearch":1,"filterable":1,"ext":"http://rihou.cc:88/hccx/小灯塔国学.json"},

{"key":"幼儿教育","name":"🅱幼小｜衔接","type":3,"api":"csp_Bili","searchable":0,"quickSearch":1,"filterable":1,"ext":"http://rihou.cc:88/hccx/哔哩幼小.json"},

{"key":"哔哩小学","name":"🅱小学｜教育","type":3,"api":"csp_Bili","searchable":0,"quickSearch":1,"filterable":1,"ext":"http://rihou.cc:88/hccx/哔哩小学.json"},

{"key":"哔哩初中","name":"🅱初中｜教育","type":3,"api":"csp_Bili","searchable":0,"quickSearch":1,"filterable":1,"ext":"http://rihou.cc:88/hccx/哔哩初中.json"},

{"key":"哔哩高中","name":"🅱高中｜教育","type":3,"api":"csp_Bili","searchable":0,"quickSearch":1,"filterable":1,"ext":"http://rihou.cc:88/hccx/哔哩高中.json"},

{"key":"兴趣健身","name":"🅱兴趣｜健身","type":3,"api":"csp_Bili","searchable":0,"quickSearch":1,"filterable":1,"ext":"http://rihou.cc:88/hccx/哔哩健身.json"},

{"key":"相声小品","name":"🅱相声｜小品","type":3,"api":"csp_Bili","searchable":0,"quickSearch":1,"filterable":1,"ext":"http://rihou.cc:88/hccx/哔哩相声.json"},

{"key":"天下美食","name":"🅱天下｜美食","type":3,"api":"csp_Bili","searchable":0,"quickSearch":1,"filterable":1,"ext":"http://rihou.cc:88/hccx/哔哩美食.json"},

{"key":"戏曲杂苑","name":"🅱戏曲｜杂苑","type":3,"api":"csp_Bili","searchable":0,"quickSearch":1,"filterable":1,"ext":"http://rihou.cc:88/hccx/哔哩戏曲.json"}],

"parses":[

{"name":"超级并发","type":3,"url":"Demo"},

{"name":"超级嗅探","type":3,"url":"Web"},

//{"name": "茶王解析","type": 1,"url": "http://json.84jia.com/home/api?type=ys&uid=335253&key=fjklpqsyCDGMNQRWX8&url=","ext":{"flag":["qq","腾讯","企鹅","IQiYi","qiyi","爱奇艺","奇艺","youku","YouKu","优酷","sohu","SoHu","搜狐","letv","LeShi","乐视","imgo","mgtv","MangGuo","芒果","SLYS4k","BYGA","luanzi","AliS","dxzy","bilibili","QEYSS","xigua","西瓜视频","腾讯视频","奇艺视频","优酷视频","芒果视频","乐视视频"]}},

{"name":"观音解析","type":1,"url":"http://61.147.93.21:8090/index.php?url=","ext":{"flag":["qq","腾讯","企鹅","IQiYi","qiyi","爱奇艺","奇艺","youku","YouKu","优酷","sohu","SoHu","搜狐","letv","LeShi","乐视","imgo","mgtv","MangGuo","芒果","SLYS4k","BYGA","luanzi","AliS","dxzy","bilibili","QEYSS","xigua","西瓜视频","腾讯视频","奇艺视频","优酷视频","芒果视频","乐视视频"]}},

{"name":"茶杯解析","type":1,"url":"http://110.42.2.247:880/analysis/json/?uid=2449&my=acfgikquvzFGJRW459&url=","ext":{"flag":["qq","腾讯","企鹅","IQiYi","qiyi","爱奇艺","奇艺","youku","YouKu","优酷","sohu","SoHu","搜狐","letv","LeShi","乐视","imgo","mgtv","MangGuo","芒果","SLYS4k","BYGA","luanzi","AliS","dxzy","bilibili","QEYSS","xigua","西瓜视频","腾讯视频","奇艺视频","优酷视频","芒果视频","乐视视频"]}},

{"name": "盖碗解析","type": 1,"url": "http://119.91.123.253:1234/Api/cs.php?url=2449&my=acfgikquvzFGJRW459&url=","ext": {"flag": ["qiyi", "爱奇艺", "奇艺", "youku", "优酷", "mgtv", "芒果", "letv", "乐视", "pptv", "PPTV", "sohu", "xigua","bilibili", "哔哩哔哩", "哔哩"],"header":{"User-Agent":"okhttp/4.1.0"}}},

{"name":"白茶嗅探","url":"https://jx.bozrc.com:4433/player/?url=","showType":1},

{"name":"滇红嗅探","type":0,"url":"https://jx.777jiexi.com/player/?url="},

{"name":"毛尖嗅探","type":0,"url":"https://jx.bozrc.com:4433/player/?url=","ext":{"header":{"User-Agent":"okhttp/4.1.0"},"flag":["qq","腾讯","qiyi","爱奇艺","奇艺","youku","优酷","mgtv","芒果","letv","leshi","LS","乐视","pptv","PPTV","sohu","bilibili","哔哩哔哩","哔哩"]}},

{"name":"青柑嗅探","type":0,"url":"http://www.miaoys.cc/vip/?url="},

{"name":"岩茶嗅探","type":0,"url":"https://jx.ppjbk.cn/?url=","ext":{"header":{"User-Agent":"Mozilla/5.0"}}},

{"name":"小种嗅探","type":0,"url":"https://jx.jsonplayer.com/player/?url="},

{"name":"普洱嗅探","url":"https://jx.bozrc.com:4433/player/?url=","type":0,"ext":{"flag":["qiyi","imgo","爱奇艺","奇艺","qq","腾讯","youku","优酷","pptv","PPTV","letv","乐视","leshi","bilibili","哔哩哔哩","哔哩","mgtv","芒果","sohu","xigua","fun","风行"],"header":{"User-Agent":"Mozilla/5.0"}}},

{"name":"红茶嗅探","type":0,"url":"https://jx.4kdv.com/?url=","ext":{"header":{"User-Agent":"okhttp/4.1.0"},"flag":["qq","腾讯","qiyi","爱奇艺","奇艺","youku","优酷","mgtv","芒果","letv","leshi","LS","乐视","pptv","PPTV","sohu","bilibili","哔哩哔哩","哔哩"]}}],

"flags":["youku","qq","QQ","iqiyi","qiyi","letv","sohu","tudou","pptv","PPTV","mgtv","ltnb","rx","CL4K","xfyun","wuduzy","wasu","bilibili","renrenmi","xmm","xigua","m1905 ","funshion ","duoduozy","xinluan","ddzy","tgqp","tkqp","XRJX","优酷","芒果","腾讯","爱奇艺","奇艺","哔哩哔哩","哔哩"],

"ijk":[{"group":"软解码","options":[{"category":4,"name":"opensles","value":"0"},{"category":1,"name":"fflags","value":"fastseek"},{"category":4,"name":"framedrop","value":"1"},{"category":4,"name":"enable-accurate-seek","value":"0"},{"category":4,"name":"start-on-prepared","value":"1"},{"category":1,"name":"http-detect-range-support","value":"0"},{"category":4,"name":"mediacodec-handle-resolution-change","value":"0"},{"category":2,"name":"skip_loop_filter","value":"48"},{"category":4,"name":"reconnect","value":"1"},{"category":4,"name":"overlay-format","value":"842225234"},{"category":4,"name":"mediacodec","value":"0"},{"category":4,"name":"mediacodec-auto-rotate","value":"0"},{"category":4,"name":"soundtouch","value":"1"},{"category":4,"name":"mediacodec-hevc","value":"0"},{"category":1,"name":"dns_cache_timeout","value":"600000000"}]},{"group":"硬解码","options":[{"category":4,"name":"opensles","value":"0"},{"category":1,"name":"fflags","value":"fastseek"},{"category":4,"name":"framedrop","value":"1"},{"category":4,"name":"enable-accurate-seek","value":"0"},{"category":4,"name":"start-on-prepared","value":"1"},{"category":1,"name":"http-detect-range-support","value":"0"},{"category":4,"name":"mediacodec-handle-resolution-change","value":"1"},{"category":2,"name":"skip_loop_filter","value":"48"},{"category":4,"name":"reconnect","value":"1"},{"category":4,"name":"overlay-format","value":"842225234"},{"category":4,"name":"mediacodec","value":"1"},{"category":4,"name":"mediacodec-auto-rotate","value":"1"},{"category":4,"name":"soundtouch","value":"1"},{"category":4,"name":"mediacodec-hevc","value":"1"},{"category":1,"name":"dns_cache_timeout","value":"600000000"}]}],

"rules":[{"name":"lz","hosts":["vip.lz","hd.lz","v.cdnlz"],"regex":["#EXT-X-DISCONTINUITY\\r*\\n*#EXTINF:6.433333,[\\s\\S]*?#EXT-X-DISCONTINUITY","#EXTINF.*?\\s+.*?1o.*?\\.ts\\s+"]},{"name":"蜗牛直连去广","hosts":["vip.123pan.cn","rescdn.wuxivlog.cn"],"regex":["#EXT-X-DISCONTINUITY\\r*\\n*#EXTINF:20.840000,[\\s\\S]*?#EXT-X-DISCONTINUITY","#EXT-X-DISCONTINUITY\\r*\\n*#EXTINF:10.120000,[\\s\\S]*?#EXT-X-DISCONTINUITY","#EXTINF.*?\\s+.*?1o.*?\\.ts\\s+"]},{"name":"ff","hosts":["vip.ffzy","hd.ffzy"],"regex":["#EXT-X-DISCONTINUITY\\r*\\n*#EXTINF:6.666667,[\\s\\S]*?#EXT-X-DISCONTINUITY","#EXTINF.*?\\s+.*?1o.*?\\.ts\\s+"]},{"name":"bf","hosts":["bfzy","s5.bfzycdn"],"regex":["#EXT-X-DISCONTINUITY\\r*\\n*#EXTINF:3,[\\s\\S]*?#EXT-X-DISCONTINUITY"]},{"name":"hs","hosts":["huoshan.com"],"regex":["item_id="]},{"name":"dy","hosts":["douyin.com"],"regex":["is_play_url="]},{"name":"cl","hosts":["magnet"],"regex":["最 新","直 播","更 新"]}],

"ads":["mimg.0c1q0l.cn","www.googletagmanager.com","www.google-analytics.com","mc.usihnbcq.cn","mg.g1mm3d.cn","mscs.svaeuzh.cn","cnzz.hhttm.top","tp.vinuxhome.com","cnzz.mmstat.com","www.baihuillq.com","s23.cnzz.com","z3.cnzz.com","c.cnzz.com","stj.v1vo.top","z12.cnzz.com","img.mosflower.cn","tips.gamevvip.com","ehwe.yhdtns.com","xdn.cqqc3.com","www.jixunkyy.cn","sp.chemacid.cn","hm.baidu.com","s9.cnzz.com","z6.cnzz.com","um.cavuc.com","mav.mavuz.com","wofwk.aoidf3.com","z5.cnzz.com","xc.hubeijieshikj.cn","tj.tianwenhu.com","xg.gars57.cn","k.jinxiuzhilv.com","cdn.bootcss.com","ppl.xunzhuo123.com","xomk.jiangjunmh.top","img.xunzhuo123.com","z1.cnzz.com","s13.cnzz.com","xg.huataisangao.cn","z7.cnzz.com","xg.huataisangao.cn","z2.cnzz.com","s96.cnzz.com","q11.cnzz.com","thy.dacedsfa.cn","xg.whsbpw.cn","s19.cnzz.com","z8.cnzz.com","s4.cnzz.com","f5w.as12df.top","ae01.alicdn.com","www.92424.cn","k.wudejia.com","vivovip.mmszxc.top","qiu.xixiqiu.com","cdnjs.hnfenxun.com","cms.qdwght.com"]}