{
  "spider": "http://xiaohu.xzam.cn/jar/1.jar;md5;6120d08f4eb1edce507bfcd1b339c482",
  "wallpaper": "http://饭太硬.top/深色壁纸/api.php",
  "lives": [
    {
      "name": "live",
      "type": 0,
      "url": "http://xiaohu.xzam.cn/live.txt",
      "playerType": 1,
      "ua": "okhttp/3.15",
      "epg": "http://epg.112114.xyz/?ch={name}&date={date}",
      "logo": "https://epg.112114.xyz/logo/{name}.png"
    },
    {
      "name": "ipv6",
      "type": 0,
      "url": "https://fanmingming.com/txt?url=https://live.fanmingming.com/tv/m3u/ipv6.m3u",
      "playerType": 1,
      "ua": "okhttp/3.15",
      "epg": "http://epg.112114.xyz/?ch={name}&date={date}",
      "logo": "https://epg.112114.xyz/logo/{name}.png"
    }
  ],
  "warningText": "💖小胡同学：black💖",
  "sites": [
    {
      "key": "豆瓣",
      "name": "🏮小胡祝大家新年快乐 身体倍棒 多多赚钱",
      "type": 3,
      "api": "http://xiaohu.xzam.cn/lib/drpy2.min.js",
      "ext": "http://xiaohu.xzam.cn/js/豆瓣.js"
    },
    {
      "key": "小胡",
      "name": "🔥自营┃影视",
      "type": 1,
      "playerType": 1,
      "api": "http://c.xn--yetu07f.icu/api.php/provide/vod/"
    },
    {
      "key": "厂长",
      "name": "🐞厂长┃影视",
      "type": 3,
      "api": "csp_Czsapp",
      "searchable": 1,
      "quickSearch": 1,
      "filterable": 1,
      "ext": "https://www.czzy66.com/"
    },
    {
      "key": "玩偶哥哥",
      "name": "👼玩偶┃阿里",
      "type": 3,
      "api": "csp_XYQHikerAL",
      "searchable": 1,
      "quickSearch": 1,
      "filterable": 1,
      "ext": "http://xiaohu.xzam.cn/XYQH/玩偶哥哥.json"
    },
    {
      "key": "玩偶姐姐",
      "name": "🧚玩偶┃姐姐",
      "type": 3,
      "api": "csp_XYQHikerAL",
      "searchable": 1,
      "quickSearch": 1,
      "filterable": 1,
      "ext": "http://xiaohu.xzam.cn/XYQH/玩偶姐姐.json"
    },
    {
      "key": "农民",
      "name": "🌾农民┃影视",
      "type": 3,
      "api": "csp_XYQHiker",
      "playerType": 1,
      "searchable": 1,
      "quickSearch": 1,
      "filterable": 1,
      "ext": "http://xiaohu.xzam.cn/XYQH/农民影视.json"
    },
    {
      "key": "77",
      "name": "🍪七七┃影视",
      "type": 3,
      "api": "csp_Kunyu77",
      "searchable": 1,
      "quickSearch": 1,
      "filterable": 1
    },
    {
      "key": "耐看",
      "name": "😣耐看┃影视",
      "type": 3,
      "api": "csp_XBPQ",
      "jar": "https://jihulab.com/xiaohutx/meisha/-/raw/main/1.jar",
      "ext": "http://xiaohu.xzam.cn/XBPQ/nk.json"
    },
    {
      "key": "996",
      "name": "🍉九六┃直连",
      "type": 3,
      "api": "csp_XYQHiker",
      "playerType": 1,
      "searchable": 1,
      "quickSearch": 1,
      "filterable": 1,
      "ext": "http://xiaohu.xzam.cn/XYQH/996.json"
    },
    {
      "key": "种子",
      "name": "🍃种子┃短剧",
      "type": 1,
      "api": "http://zzdj.cc/api.php/provide/vod/"
    },
    {
      "key": "短剧",
      "name": "😅短剧┃视频",
      "type": 3,
      "api": "csp_XBPQ",
      "jar": "https://jihulab.com/xiaohutx/meisha/-/raw/main/1.jar",
      "ext": "http://xiaohu.xzam.cn/XBPQ/短剧.json"
    },
    {
      "key": "360",
      "name": "🔱360┃影视",
      "type": 3,
      "api": "csp_SP360",
      "filterable": 1,
      "quickSearch": 1,
      "searchable": 1
    },
    {
      "key": "荐片",
      "name": "📷荐片┃P2P",
      "type": 3,
      "playerType": 1,
      "api": "http://xiaohu.xzam.cn/lib/drpy2.min.js",
      "ext": "http://xiaohu.xzam.cn/js/荐片.js"
    },
    {
      "key": "Yj1211",
      "name": "🚁直播┃聚合",
      "type": 3,
      "api": "csp_Yj1211",
      "searchable": 0,
      "quickSearch": 0,
      "filterable": 0
    },
    {
      "key": "爱迪",
      "name": "💡爱迪┃外剧",
      "type": 3,
      "api": "csp_AppYsV2",
      "ext": "https://api123.adys.app/xgapp.php/v3/"
    },
    {
      "key": "在线之家",
      "name": "🌝在线┃之家",
      "type": 3,
      "api": "http://xiaohu.xzam.cn/lib/drpy2.min.js",
      "playerType": 2,
      "ext": "http://xiaohu.xzam.cn/js/在线之家.js"
    },
    {
      "key": "两个bt",
      "name": "🌝两个┃鼻涕",
      "type": 3,
      "api": "http://xiaohu.xzam.cn/lib/drpy2.min.js",
      "ext": "http://xiaohu.xzam.cn/js/两个bt.js"
    },
    {
      "key": "sh",
      "name": "🌙骚火┃电影",
      "type": 3,
      "searchable": 1,
      "changeable": 0,
      "quickSearch": 1,
      "jar": "https://jihulab.com/xiaohutx/meisha/-/raw/main/1.jar;md5;bb155c3f0133bbce4756ad52003f5968",
      "api": "csp_XBPQ",
      "ext": {
        "嗅探词": ".m3u8#.mp4#.m3u8?#freeok.mp4",
        "分类url": "https://shdy2.com/list/{cateId}-{catePg}.html;;vr1au0",
        "分类": "电影$1#电视剧$2#韩剧$22#美剧$23#动漫$4",
        "数组二次截取": "class=\"v_list\">&&</ul>",
        "数组": "\"v_img\"&&/div>",
        "标题": "title=\"&&\"",
        "副标题": "v_note\"&&</div",
        "跳转播放链接": "<iframe*src=\"&&\"",
        "二次跳转播放链接": "https://hhjx.hhplayer.com/api.php;post;url=+var url*\"&&\"+&t=+var t*\"&&\"+&key=+var key*\"&&\"+&act=0+&play=1",
        "三次跳转播放链接": "\"url\"*\"&&\""
      }
    },
    {
      "key": "fok",
      "name": "🌙Frok┃影视",
      "type": 3,
      "api": "csp_XBPQ",
      "jar": "https://jihulab.com/xiaohutx/meisha/-/raw/main/1.jar;md5;bb155c3f0133bbce4756ad52003f5968",
      "ext": {
        "分类url": "https://www.freeok.vip/vod-show/{cateId}-{area}-------{catePg}---{year}.html",
        "分类": "FREE电影&FREE剧集&FREE动漫&FREE综艺&FREE短剧&FREE少儿",
        "分类值": "1&2&3&4&12&5",
        "播放请求头": "User-Agent$Mozilla/5.0 (Macintosh; Intel Mac OS X 10_15_7) AppleWebKit/537.36 (KHTML, like Gecko) Chrome/118.0.0.0 Safari/537.36",
        "副标题": "<div class=\"module-item-note\">&&</div>",
        "嗅探词": "m3u8#.m3u8#.mp4#freeok.mp4#/obj/",
        "线路数组": "data-dropdown-value=&&</div>[不包含:夸克]",
        "线路标题": "<span>&&</small>",
        "导演": "导演：&&</div>",
        "主演": "主演：&&</div>",
        "简介": "<p>&&</p>"
      }
    },
    {
      "key": "淘剧",
      "name": "🌙淘剧┃影视",
      "type": 3,
      "api": "csp_XBPQ",
      "ext": {
        "主页url": "http://dyxz.tv",
        "数组": "<div class=\"stui-vodlist__box\">&&</div>",
        "图片": "data-original=\"&&\"",
        "标题": "title=\"&&\"",
        "链接": "href=\"&&\"",
        "副标题": "<span class=\"pic-text text-right\">&&</span>",
        "搜索url": "http://dyxz.tv/search.php;post;searchword={wd}",
        "搜索模式": "1",
        "搜索数组": "<a class=\"v-thumb stui-vodlist__thumb&&</a>",
        "搜索图片": "data-original=\"&&\"",
        "搜索标题": "title=\"&&\"",
        "搜索链接": "href=\"&&\"",
        "搜索副标题": "<span class=\"pic-text text-right\">&&</span>",
        "搜索后缀": "/view/",
        "线路数组": "<a data-toggle=\"tab\"&&/a>",
        "线路标题": ">&&<",
        "播放数组": "<ul class=\"stui-content__playlist clearfix&&</ul>",
        "影片年代": "年份：&&</p>",
        "影片地区": "地区：&&<span",
        "影片类型": "类型：&&</a>",
        "导演": "导演：&&</p>",
        "主演": "主演：&&</p>",
        "简介": "更新：&&</p>",
        "播放列表": "<a&&/a>",
        "播放标题": ">&&<",
        "播放链接": "href=\"&&\"",
        "免嗅": "0",
        "分类url": "http://dyxz.tv/list/{cateId}_{catePg}.html",
        "分类": "电影$1#电视剧$2#动漫$3#综艺$4"
      },
      "jar": "https://jihulab.com/xiaohutx/meisha/-/raw/main/1.jar;md5;bb155c3f0133bbce4756ad52003f5968"
    },
    {
      "key": "纸条",
      "name": "🍼纸条┃阿里",
      "type": 3,
      "api": "csp_Gitcafe",
      "searchable": 1,
      "quickSearch": 1,
      "filterable": 1
    },
    {
      "key": "盘搜",
      "name": "🍼盘搜┃阿里",
      "type": 3,
      "api": "csp_AliPS",
      "playerType": 1,
      "searchable": 1,
      "quickSearch": 1,
      "filterable": 0
    },
    {
      "key": "易搜",
      "name": "🍼易搜┃阿里",
      "type": 3,
      "api": "csp_Yisou",
      "playerType": 1,
      "searchable": 1,
      "quickSearch": 1,
      "filterable": 0
    },
    {
      "key": "云搜",
      "name": "🍼云搜┃阿里",
      "type": 3,
      "api": "csp_Upyunso",
      "playerType": 1,
      "searchable": 1,
      "quickSearch": 1,
      "filterable": 0
    },
    {
      "key": "push_agent",
      "name": "🍼推送┃推送",
      "type": 3,
      "api": "csp_PushAgent",
      "playerType": 1,
      "searchable": 0,
      "quickSearch": 0,
      "filterable": 0
    },
    {
      "key": "ty",
      "name": "😄TnYi┃资源",
      "type": 1,
      "api": "http://cms.xzam.cn/api.php/provide/vod/",
      "searchable": 0,
      "quickSearch": 0,
      "changeable": 0
    },
    {
      "key": "乐视",
      "name": "🦄乐视┃资源",
      "type": 1,
      "api": "https://leshizyapi.com/api.php/provide/vod/"
    },
    {
      "key": "索尼",
      "name": "🦄索尼┃资源",
      "type": 1,
      "api": "https://suoniapi.com/api.php/provide/vod/",
      "playUrl": "json:http://api.suxun.site/api/delad?url="
    },
    {
      "key": "非凡",
      "name": "🦄非凡┃资源",
      "type": 1,
      "api": "http://cj.ffzyapi.com/api.php/provide/vod/from/ffm3u8/",
      "playUrl": "json:http://api.suxun.site/api/delad?url="
    },
    {
      "key": "量子",
      "name": "🦄量子┃资源",
      "type": 1,
      "api": "https://cj.lziapi.com/api.php/provide/vod/from/lzm3u8/",
      "playUrl": "json:http://api.suxun.site/api/delad?url="
    },
    {
      "key": "豪华",
      "name": "🦄豪华┃资源",
      "type": 1,
      "api": "https://hhzyapi.com/api.php/provide/vod/"
    }
  ],
  "parses": [
    {
      "name": "JSON",
      "type": 3,
      "url": "Demo"
    },
    {
      "name": "超嗅探",
      "type": 3,
      "url": "Web"
    },
    {
      "name": "解析1",
      "type": 1,
      "url": "http://119.91.123.253:2345/Api/yun.php?url="
    },
    {
      "name": "西瓜",
      "type": 0,
      "url": "https://t1.qlplayer.cyou/player/analysis.php?v="
    },
    {
      "name": "西瓜2",
      "type": 0,
      "url": "https://t1.qlplayer.cyou/player/?url="
    },
    {
      "name": "初恋1",
      "type": 0,
      "url": "https://cdn.jxxkja.com/?url="
    },
    {
      "name": "初恋2",
      "type": 0,
      "url": "https://ys.zf520.cn/addons/dp/player/dp.php?key=0&from=&id=&api=&url="
    },
    {
      "name": "初恋3",
      "type": 0,
      "url": "https://ys.zf520.cn/addons/dp/player/dp.php?key=2&from=qq&id=0&api=&url="
    },
    {
      "name": "嗅探1",
      "type": 0,
      "url": "https://jx.jsonplayer.com/player/?url="
    },
    {
      "name": "嗅探2",
      "type": 0,
      "url": "https://jx.bozrc.com:4433/player/?url="
    },
    {
      "name": "嗅探3",
      "type": 0,
      "url": "https://jx.777jiexi.com/player/?url="
    },
    {
      "name": "嗅探4",
      "type": 0,
      "url": "https://jx.xmflv.com/?url="
    }
  ],
  "flags": [
    "youku",
    "优酷",
    "优 酷",
    "优酷视频",
    "qq",
    "腾讯",
    "腾 讯",
    "腾讯视频",
    "iqiyi",
    "qiyi",
    "奇艺",
    "爱奇艺",
    "爱 奇 艺",
    "m1905",
    "xigua",
    "letv",
    "leshi",
    "乐视",
    "乐 视",
    "sohu",
    "搜狐",
    "搜 狐",
    "搜狐视频",
    "tudou",
    "pptv",
    "mgtv",
    "芒果",
    "imgo",
    "芒果TV",
    "芒 果 T V",
    "bilibili",
    "哔 哩",
    "哔 哩 哔 哩"
  ],
  "rules": [
    {
      "name": "量子",
      "hosts": [
        "vip.lz",
        "hd.lz",
        "v.cdnlz"
      ],
      "regex": [
        "#EXT-X-DISCONTINUITY\\r*\\n*#EXTINF:6.433333,[\\s\\S]*?#EXT-X-DISCONTINUITY",
        "#EXTINF.*?\\s+.*?1o.*?\\.ts\\s+"
      ]
    },
    {
      "name": "非凡",
      "hosts": [
        "vip.ffzy",
        "hd.ffzy"
      ],
      "regex": [
        "#EXT-X-DISCONTINUITY\\r*\\n*#EXTINF:6.666667,[\\s\\S]*?#EXT-X-DISCONTINUITY",
        "#EXTINF.*?\\s+.*?1o.*?\\.ts\\s+"
      ]
    },
    {
      "name": "索尼",
      "hosts": [
        "suonizy"
      ],
      "regex": [
        "#EXT-X-DISCONTINUITY\\r*\\n*#EXTINF:7.680000,[\\s\\S]*?#EXT-X-DISCONTINUITY",
        "#EXTINF.*?\\s+.*?1o.*?\\.ts\\s+"
      ]
    },
    {
      "name": "暴风",
      "hosts": [
        "bfzy"
      ],
      "regex": [
        "#EXT-X-DISCONTINUITY\\r*\\n*#EXTINF:3,[\\s\\S]*?#EXT-X-DISCONTINUITY",
        "#EXTINF.*?\\s+.*?1o.*?\\.ts\\s+"
      ]
    },
    {
      "name": "磁力",
      "hosts": [
        "magnet"
      ],
      "regex": [
        "更多",
        "社 區",
        "x u u",
        "最 新",
        "更 新",
        "社 区",
        "有趣",
        "有 趣",
        "英皇体育",
        "全中文AV在线",
        "澳门皇冠赌场",
        "哥哥快来",
        "美女荷官",
        "裸聊",
        "新片首发",
        "UUE29"
      ]
    }
  ],
  "ijk": [
    {
      "group": "软解码",
      "options": [
        {
          "category": 4,
          "name": "opensles",
          "value": "0"
        },
        {
          "category": 4,
          "name": "overlay-format",
          "value": "842225234"
        },
        {
          "category": 4,
          "name": "framedrop",
          "value": "1"
        },
        {
          "category": 4,
          "name": "soundtouch",
          "value": "1"
        },
        {
          "category": 4,
          "name": "start-on-prepared",
          "value": "1"
        },
        {
          "category": 1,
          "name": "http-detect-range-support",
          "value": "0"
        },
        {
          "category": 1,
          "name": "fflags",
          "value": "fastseek"
        },
        {
          "category": 2,
          "name": "skip_loop_filter",
          "value": "48"
        },
        {
          "category": 4,
          "name": "reconnect",
          "value": "1"
        },
        {
          "category": 4,
          "name": "max-buffer-size",
          "value": "5242880"
        },
        {
          "category": 4,
          "name": "enable-accurate-seek",
          "value": "0"
        },
        {
          "category": 4,
          "name": "mediacodec",
          "value": "0"
        },
        {
          "category": 4,
          "name": "mediacodec-auto-rotate",
          "value": "0"
        },
        {
          "category": 4,
          "name": "mediacodec-handle-resolution-change",
          "value": "0"
        },
        {
          "category": 4,
          "name": "mediacodec-hevc",
          "value": "0"
        },
        {
          "category": 1,
          "name": "dns_cache_timeout",
          "value": "600000000"
        }
      ]
    },
    {
      "group": "硬解码",
      "options": [
        {
          "category": 4,
          "name": "opensles",
          "value": "0"
        },
        {
          "category": 4,
          "name": "overlay-format",
          "value": "842225234"
        },
        {
          "category": 4,
          "name": "framedrop",
          "value": "1"
        },
        {
          "category": 4,
          "name": "soundtouch",
          "value": "1"
        },
        {
          "category": 4,
          "name": "start-on-prepared",
          "value": "1"
        },
        {
          "category": 1,
          "name": "http-detect-range-support",
          "value": "0"
        },
        {
          "category": 1,
          "name": "fflags",
          "value": "fastseek"
        },
        {
          "category": 2,
          "name": "skip_loop_filter",
          "value": "48"
        },
        {
          "category": 4,
          "name": "reconnect",
          "value": "1"
        },
        {
          "category": 4,
          "name": "max-buffer-size",
          "value": "5242880"
        },
        {
          "category": 4,
          "name": "enable-accurate-seek",
          "value": "0"
        },
        {
          "category": 4,
          "name": "mediacodec",
          "value": "1"
        },
        {
          "category": 4,
          "name": "mediacodec-auto-rotate",
          "value": "1"
        },
        {
          "category": 4,
          "name": "mediacodec-handle-resolution-change",
          "value": "1"
        },
        {
          "category": 4,
          "name": "mediacodec-hevc",
          "value": "1"
        },
        {
          "category": 1,
          "name": "dns_cache_timeout",
          "value": "600000000"
        }
      ]
    }
  ],
  "doh": [
    {
      "name": "Google",
      "url": "https://dns.google/dns-query",
      "ips": [
        "8.8.4.4",
        "8.8.8.8"
      ]
    },
    {
      "name": "AdGuard",
      "url": "https://dns.adguard.com/dns-query",
      "ips": [
        "94.140.14.140",
        "94.140.14.141"
      ]
    },
    {
      "name": "DNSWatch",
      "url": "https://resolver2.dns.watch/dns-query",
      "ips": [
        "84.200.69.80",
        "84.200.70.40"
      ]
    },
    {
      "name": "Quad9",
      "url": "https://dns.quad9.net/dns-quer",
      "ips": [
        "9.9.9.9",
        "149.112.112.112"
      ]
    }
  ],
  "ads": [
    "wan.51img1.com",
    "iqiyi.hbuioo.com",
    "vip.ffzyad.com",
    "https://lf1-cdn-tos.bytegoofy.com/obj/tos-cn-i-dy/455ccf9e8ae744378118e4bd289288dd"
  ]
}