{
  "spider": "https://pan.shangui.cc/f/8PXZCo/RevsYourHeart.jar;md5;43b24595ef0f2d8699f5b29db476ef2b",
  "wallpaper": "http://饭太硬.top/深色壁纸/api.php",
  "sites": [
   {
      "key": "豆瓣",
      "name": "🎯 公益接口，微信公众号：乌鸦不太黑",
      "type": 3,
      "api": "https://d.kstore.space/download/4690/lib/drpy2.min.js",
      "searchable": 1,
      "quickSearch": 0,
      "changeable": 0,
      "ext": "https://d.kstore.space/download/4690/js/豆瓣.js"
    },
    {
      "key": "alist",
      "name": "小鸭🍰网盘",
      "type": 3,
      "api": "csp_AList",
      "searchable": 1,
      "quickSearch": 1,
      "filterable": 1,
      "ext": "http://alist.xn--z7x900a.live/alist.json"
    },
    {
      "key": "csp_WoGG",
      "name": "玩偶💀乌鸦",
      "type": 3,
      "api": "csp_Wogg",
      "jar": "https://pan.shangui.cc/f/2QzZIx/pg.jar",
      "searchable": 1,
      "quickSearch": 1,
      "changeable": 0,
      "ext": "http://127.0.0.1:9978/file/TV/token.json$$$https://api.wogg.xyz/$$$1",
      "timeout": 30
    },

{
      "key": "玩偶哥哥",
      "name": "玩偶🍊哥哥",
      "type": 3,
      "api": "csp_WoGG",
      "jar": "https://files.zohopublic.com.cn/public/workdrive-public/download/uyv0t678c488189af47bb91dc108484d17431;md5;58adbd51a4bbed437f442e4e9a4c85c2",
      "searchable": 1,
      "quickSearch": 1,
      "changeable": 0,
      "ext": "http://127.0.0.1:9978/file/tvfan/token.txt+4k|auto|fhd$$$https://api.wogg.xyz/$$$弹"
    },

    {
      "key": "csp_Panda_玩偶哥哥",
      "name": "玩偶🕊️肥猫",
      "api": "csp_Panda",
      "jar": "http://like.xn--z7x900a.live:66/jar/PandaQ231205.jar;md5;9cc29f6286b2fe7910628852929c4bdb",
      "type": 3,
      "searchable": 1,
      "playerType": 2,
      "timeout": 30,
      "changeable": 0,
      "ext": "http://dt.xn--yety82d.love/玩偶表哥.json"
    },
   {
      "key": "玩偶的哥哥",
      "name": "玩偶👽香版",
      "type": 3,
      "api": "csp_XYQHikerAL",
      "jar": "https://pan.shangui.cc/f/ogqPU7/1.jar",
      "playerType": 1,
      "searchable": 1,
      "quickSearch": 1,
      "filterable": 1,
      "ext": "https://pan.shangui.cc/f/A2QGuy/玩偶哥哥.json"
    },
    {
      "key": "赞赞",
      "name": "双赞➕观影",
      "type": 3,
      "api": "https://fanty.run.goorm.site/ext/js/drpy2.min.js",
      "ext": "https://agit.ai/xiaohewanwan/TVBox/raw/branch/master/js/zanzan.js",
      "searchable": 1,
      "quickSearch": 1,
      "changeable": 0
    },
    {
      "key": "feiyun",
      "name": "飞云☁️观影",
      "type": 3,
      "api": "https://fanty.run.goorm.site/ext/js/drpy2.min.js",
      "ext": "https://agit.ai/xiaohewanwan/TVBox/raw/branch/master/js/fy.js",
      "searchable": 1,
      "quickSearch": 1,
      "changeable": 0
    },
     {
      "key": "双黄",
      "name": "鸡蛋🥚观影",
      "type": 3,
      "jar": "http://luoye.shop/b.jar;md5;bb155c3f0133bbce4756ad52003f5968",
      "api": "csp_XBPQ",
      "ext": {
        "嗅探词": "v3.toutiaovod.com#v3-dy-o.zjcdn#.m3u8#/tos/#.mp4",
        "请求头": "手机#Referer$https://www.dandanju.cc/",
        "分类url": "https://www.dandanju.cc/show/{cateId}--------{catePg}---2023.html",
        "分类": "电影$1#剧集$2#动漫$4#综艺$4",
        "数组": " <li class=\"col-md-6 col-sm-4 col-xs-3&&</li",
        "搜索模式": "1",
        "搜索url": "https://www.dandanju.cc/search/{wd}----------1---.html",
        "搜索数组": "<li class=\"active clearfix&&</li"
      }
    },
    {
      "key": "热播库",
      "name": "热播🔥观影",
      "type": 3,
      "changeable": 1,
      "jar": "http://luoye.shop/b.jar;md5;bb155c3f0133bbce4756ad52003f5968",
      "api": "csp_XBPQ",
      "playerType": "1",
      "ext": {
        "主页url": "https://rebozj.pro",
        "数组": "class=\"stui-vodlist__thumb lazyload&&</a>",
        "图片": "data-original=\"&&\"",
        "标题": "title=\"&&\"",
        "链接": "href=\"&&\"",
        "副标题": "class=\"pic-text text-right\"><b>&&</span>",
        "搜索模式": "1",
        "嗅探词": ".m3u8#video_mp4#tos-#.mp4#cdn.123pan.cn#huoshanvod.com",
        "搜索url": "https://rebozj.pro/type/id-.html?wd={wd}",
        "线路数组": "<h4 class=\"title&&/h4>",
        "线路标题": ">&&<",
        "播放列表": "<a&&/a>",
        "播放标题": ">&&<",
        "影片类型": "类型：&&</p>",
        "导演": "导演：&&</p>",
        "主演": "主演：&&</p>",
        "简介": "display: none;\">&&</span>",
        "分类": "电视剧$2#电影$1#综艺$3#动漫$4",
        "分类url": "https://rebozj.pro/show/{cateId}--{area}------{catePg}---{year}.html;;a",
        "跳转播放链接": "urlDecode(vod_class*url\":\"&&\")"
      }
    },
     {
      "key": "nangua",
      "name": "南瓜🎃影视",
      "type": 3,
      "playerType": "2",
      "api": "https://d.kstore.space/download/6296/js/lib/drpy2.min.js",
      "ext": "https://d.kstore.space/download/6296/js/南瓜.js"
    },
     {
      "key": "csp_XBPQ_多剧",
      "name": "剧多🏰观影",
      "type": 3,
      "api": "csp_XBPQ",
      "searchable": 1,
      "quickSearch": 1,
      "filterable": 0,
      "ext": "{\"免嗅\":\"1\",\"演员\":\"主演：&&</div>\",\"简介\":\"class=\\\"module-info-introduction-content show-desc\\\"*<p>&&</div>\",\"副标题\":\"class=\\\"module-item-note\\\">&&</div>\",\"线路数组\":\"class=\\\"module-tab-item tab-item&&</div>\",\"线路标题\":\"<span>&&</small>\",\"播放数组\":\"class=\\\"module-play-list&&</div>\",\"分类\":\"电影$1#电视剧$2#国产剧$13#港剧$34#综艺$3#动漫$4\",\"分类url\":\"https://duoju.vip/vodshow/{cateId}--------{catePg}---.html\"}"
    },
     {
      "key": "小胡",
      "name": "小胡🙆观影",
      "type": 1,
      "playerType": 1,
      "api": "http://d.xzam.cn/api.php/provide/vod/"
    },
     {
      "key": "花海",
      "name": "花海🌼观影",
      "api": "csp_AppYs",
      "type": 3,
      "playerType": "2",
      "ext": "http://app.huahai.pro/ruifenglb_api.php/v1.vod"
    },
{
      "key": "app_轻简",
      "name": "轻简🚈影视",
      "type": 1,
      "api": "http://1.ahailove.cn:23456/cj/api.php/provide/vod/",
      "categories": [
        "电影",
        "电视剧",
        "综艺",
        "动漫"
      ]
    },
{
      "key": "49zy",
      "name": "四九🦁观影",
      "type": 1,
      "api": "https://49zyw.com/api.php/provide/vod/?ac=list",
      "searchable": 1,
      "quickSearch": 1,
      "filterable": 1,
      "changeable": 1,
      "categories": [
        "国产剧",
        "纪录片",
        "欧美剧",
        "香港剧",
        "动作片",
        "爱情片",
        "科幻片",
        "恐怖片",
        "剧情片",
        "战争片",
        "喜剧片",
        "动画片",
        "犯罪片",
        "韩国剧",
        "动漫",
        "电影",
        "大陆综艺",
        "港台综艺",
        "日韩综艺",
        "欧美综艺",
        "台湾剧",
        "国产动漫",
        "日本动漫",
        "欧美动漫",
        "泰国剧",
        "日剧",
        "电影解说",
        "奇幻片",
        "灾难片",
        "悬疑片",
        "其他片",
        "体育赛事",
        "海外剧"
      ]
    },
    {
      "key": "Czsapp",
      "name": "厂长📔观影",
      "type": 3,
      "api": "csp_Czsapp",
      "playerType": 2,
      "searchable": 1,
      "quickSearch": 1,
      "changeable": 1,
      "ext": "https://www.czzy88.com/"
    },
    {
      "key": "csp_SNzy",
      "name": "索尼🐉观影",
      "type": 1,
      "api": "https://suoniapi.com/api.php/provide/vod/?ac=list",
      "searchable": 1,
      "quickSearch": 1,
      "filterable": 1,
      "categories": [
        "动作片",
        "喜剧片",
        "科幻片",
        "恐怖片",
        "爱情片",
        "剧情片",
        "战争片",
        "记录片",
        "国产剧",
        "欧美剧",
        "香港剧",
        "韩国剧",
        "台湾剧",
        "日本剧",
        "海外剧",
        "泰国剧",
        "国产动漫",
        "日韩动漫",
        "欧美动漫",
        "港台动漫",
        "海外动漫",
        "大陆综艺",
        "港台综艺",
        "日韩综艺",
        "欧美综艺"
      ]
    },
    {
      "key": "cjzy_暴风资源",
      "name": "暴风🎈观影",
      "type": 1,
      "api": "https://bfzyapi.com/api.php/provide/vod/?ac=list",
      "playUrl": "",
      "categories": [
        "国产剧",
        "国产动漫",
        "大陆综艺",
        "港台综艺",
        "香港剧",
        "台湾剧",
        "日本剧",
        "欧美剧",
        "泰国剧",
        "日本动漫",
        "日本综艺",
        "综艺频道",
        "新马泰综艺",
        "纪录片",
        "科幻片",
        "喜剧片",
        "战争片"
      ]
    },
    {
      "key": "迪迪",
      "name": "爱迪🌈观影",
      "api": "csp_AppYsV2",
      "type": 3,
      "playerType": 2,
      "searchable": 1,
      "quickSearch": 1,
      "changeable": 1,
      "ext": "https://api123.adys.app/xgapp.php/v3/"
    },
    {
      "key": "贱贱",
      "name": "荐片🐭观影",
      "type": 3,
      "searchable": 1,
      "quickSearch": 1,
      "changeable": 1,
      "playerType": "1",
      "api": "https://fanty.run.goorm.site/ext/js/drpy2.min.js",
      "ext": "https://fanty.run.goorm.site/ext/jp.js"
    },
    {
      "key": "4KHDR",
      "name": "世界🧲磁力",
      "type": 3,
      "searchable": 1,
      "quickSearch": 1,
      "changeable": 0,
      "api": "https://fanty.run.goorm.site/ext/js/drpy2.min.js",
      "ext": "https://fanty.run.goorm.site/ext/4khdr.js"
    },
    {
      "key": "路人",
      "name": "路人🖼影视",
      "api": "csp_AppYs",
      "type": 3,
      "playerType": "2",
      "ext": "http://app.huahai.pro/ruifenglb_api.php/v1.vod"
    },
    {
      "key": "996",
      "name": "久留🥃影视",
      "type": 3,
      "filterable": 1,
      "api": "csp_Panda",
      "jar": "http://like.xn--z7x900a.live:66/jar/PandaQ231205.jar;md5;9cc29f6286b2fe7910628852929c4bdb",
      "ext": {
        "分类url": "https://www.cs1369.com/show/id/index.php/vod/show/area/{area}/id/{cateId}/page/{catePg}/year/{year}.html",
        "分类": "电影$1#电视剧$2#动漫$3#爽文短剧$4#动作片$6#喜剧片$7#爱情片$8#科幻片$9#恐怖片$10#剧情片$11#战争片$12#动画片$13#纪录片$14",
        "筛选": "1"
      }
    },
    {
      "key": "bttwo",
      "name": "比特✌影视",
      "type": 3,
      "playerType": "2",
      "api": "https://d.kstore.space/download/6296/js/lib/drpy2.min.js",
      "ext": "https://d.kstore.space/download/6296/js/两个BT.js"
    },
    {
      "key": "Libvio",
      "name": "利播💐影视",
      "type": 3,
      "playerType": "1",
      "api": "https://d.kstore.space/download/6296/js/lib/drpy2.min.js",
      "ext": "https://d.kstore.space/download/6296/js/LIBVIO.js"
    },
    {
      "key": "FREE1OK",
      "name": "️️自由👌影视",
      "type": 3,
      "playerType": "1",
      "api": "https://d.kstore.space/download/6296/js/lib/drpy2.min.js",
      "ext": "https://d.kstore.space/download/6296/js/FreeOK.js"
    },
    {
      "key": "saohuo",
      "name": " 骚火👗影视",
      "type": 3,
      "playerType": "2",
      "api": "https://d.kstore.space/download/6296/js/lib/drpy2.min.js",
      "ext": "https://d.kstore.space/download/6296/js/骚火.js"
    },
    {
      "key": "爱看影视",
      "name": "爱看❤影视",
      "type": 3,
      "playerType": "2",
      "api": "https://d.kstore.space/download/6296/js/lib/drpy2.min.js",
      "ext": "https://d.kstore.space/download/6296/js/爱看.js"
    },
    {
      "key": "新视觉",
      "name": "视觉🐦影视",
      "type": 3,
      "playerType": "2",
      "api": "https://d.kstore.space/download/6296/js/lib/drpy2.min.js",
      "ext": "https://d.kstore.space/download/6296/js/新视觉.js"
    },
    {
      "key": "007影视",
      "name": "邦德🍭影视",
      "type": 3,
      "playerType": "1",
      "api": "https://d.kstore.space/download/6296/js/lib/drpy2.min.js",
      "ext": "https://d.kstore.space/download/6296/js/007.js"
    },
    {
      "key": "低端",
      "name": "低端🛣影视",
      "type": 3,
      "playerType": "2",
      "api": "https://d.kstore.space/download/6296/js/lib/drpy2.min.js",
      "ext": "https://d.kstore.space/download/6296/js/ddys.js"
    },
    {
      "key": "奇优",
      "name": " 奇优🍩影视",
      "type": 3,
      "playerType": "2",
      "api": "https://d.kstore.space/download/6296/js/lib/drpy2.min.js",
      "ext": "https://d.kstore.space/download/6296/js/奇优.js"
    },
    {
      "key": "虎虎",
      "name": "老虎🐯影视",
      "type": 3,
      "api": "csp_Panda",
      "jar": "http://like.xn--z7x900a.live:66/jar/PandaQ231205.jar;md5;9cc29f6286b2fe7910628852929c4bdb",
      "ext": "http://我不是.肥猫.live/json/虎虎.json"
    },
    {
      "key": "drpy_js_360影视",
      "name": "三三📺官源",
      "type": 3,
      "api": "https://d.kstore.space/download/6296/js/lib/drpy2.min.js",
      "ext": "https://d.kstore.space/download/6296/js/360.js"
    },
    {
      "key": "蓝猫动漫",
      "name": "蓝猫🌊动漫",
      "type": 3,
      "api": "csp_Panda",
      "jar": "http://like.xn--z7x900a.live:66/jar/PandaQ231205.jar;md5;9cc29f6286b2fe7910628852929c4bdb",
      "ext": "分类:日漫$1#国漫$2#剧场$3#美漫$4#少儿$5,分类url:https://www.lmfun.vip/vodshow/area/{area}/by/{by}/class/{class}/id/{cateId}/page/{catePg}/year/{year}.html"
    },
    {
      "key": "樱花动漫",
      "name": "樱花🌸动漫",
      "type": 3,
      "api": "csp_Panda",
      "jar": "http://like.xn--z7x900a.live:66/jar/PandaQ231205.jar;md5;9cc29f6286b2fe7910628852929c4bdb",
      "ext": "分类url:https://www.857yhdm.com/show/{cateId}--{by}------{catePg}---{year}.html,分类:日本动漫$ribendongman#国产动漫$guochandongman#动漫电影$dongmandianying#欧美动漫$omeidongman"
    },
    {
      "key": "csp_Anime1",
      "name": "日本💀动漫",
      "type": 3,
      "api": "csp_Anime1",
      "jar": "http://like.xn--z7x900a.live:66/jar/PandaQ231205.jar;md5;9cc29f6286b2fe7910628852929c4bdb",
      "searchable": 1,
      "quickSearch": 1,
      "filterable": 1
    },
    {
      "key": "csp_xifan",
      "name": "稀饭🍚动漫",
      "type": 3,
      "api": "csp_Xifan",
      "searchable": 1,
      "quickSearch": 1,
      "filterable": 1,
      "jar": "http://like.xn--z7x900a.live:66/jar/fatcat.jar;md5;B83AE169F5A991ADC48560AEEBFB0C90"
    },
     {
      "key": "短剧one",
      "name": "短剧🥰视频",
      "type": 3,
      "api": "csp_Panda",
      "jar": "http://like.xn--z7x900a.live:66/jar/PandaQ231205.jar;md5;9cc29f6286b2fe7910628852929c4bdb",
      "ext": "https://d.kstore.space/download/6296/json/短剧.json"
    },
    {
      "key": "532短剧",
      "name": "短剧💓视频",
      "type": 3,
      "api": "csp_Panda",
      "jar": "http://like.xn--z7x900a.live:66/jar/PandaQ231205.jar;md5;9cc29f6286b2fe7910628852929c4bdb",
      "ext": "分类url:https://532kan.com/index.php/vod/show/by/{by}/id/{cateId}/page/{catePg}.html,分类:短剧$23,首页:短剧$16"
    },
    {
      "key": "Aid",
      "name": "急救🚑教学",
      "type": 3,
      "api": "csp_FirstAid",
      "jar": "http://like.xn--z7x900a.live:66/jar/PandaQ231205.jar;md5;9cc29f6286b2fe7910628852929c4bdb",
      "searchable": 0,
      "quickSearch": 0,
      "style": {
        "type": "rect",
        "ratio": 3.8
      },
      "gridview": "0-0-4.1"
    },
    {
      "key": "csp_XPath_企鹅体育",
      "name": "企鹅🐧体育",
      "type": 3,
      "api": "csp_XPath",
      "style": {
        "type": "rect",
        "ratio": 1.597
      },
      "searchable": 0,
      "quickSearch": 0,
      "changeable": 0,
      "ext": "https://fanty.run.goorm.site/ext/企鹅直播.json"
    },
    {
      "key": "MV_vod",
      "name": "明星🎶音乐",
      "type": 1,
      "api": "https://mv.wogg.link/mv/vod",
      "style": {
        "type": "oval"
      },
      "searchable": 1,
      "quickSearch": 0,
      "changeable": 0
    },
    {
      "key": "有声小说js",
      "name": "有声🎧小说",
      "type": 3,
      "api": "https://fanty.run.goorm.site/ext/js/drpy2.min.js",
      "ext": "https://fanty.run.goorm.site/ext/有声小说吧.js",
      "style": {
        "type": "rect",
        "ratio": 1
      },
      "searchable": 0,
      "quickSearch": 0,
      "changeable": 0
    },
     {
      "key": "YiSo",
      "name": "易搜😹网盘",
      "type": 3,
      "api": "csp_YiSo",
      "searchable": 1,
      "quickSearch": 1,
      "changeable": 0,
      "ext": "http://127.0.0.1:9978/file/tvfan/token.txt+4k|auto|fhd"
    },
    {
      "key": "Zhaozy",
      "name": "找源🐺网盘",
      "type": 3,
      "api": "csp_Zhaozy",
      "searchable": 1,
      "quickSearch": 1,
      "changeable": 0,
      "ext": "http://127.0.0.1:9978/file/tvfan/token.txt+4k|auto|fhd$$$fanty$$$qqq111"
    },
    {
      "key": "PanSou",
      "name": "盘搜🦊网盘",
      "type": 3,
      "api": "csp_PanSou",
      "searchable": 1,
      "quickSearch": 1,
      "changeable": 0,
      "ext": "http://127.0.0.1:9978/file/tvfan/token.txt+4k|auto|fhd"
    },
    {
      "key": "UpYun",
      "name": "UP搜😻网盘",
      "type": 3,
      "api": "csp_UpYun",
      "searchable": 1,
      "quickSearch": 1,
      "changeable": 0,
      "ext": "http://127.0.0.1:9978/file/tvfan/token.txt+4k|auto|fhd"
    },
    {
      "key": "PanSearch",
      "name": "盘SE🙀网盘",
      "type": 3,
      "api": "csp_PanSearch",
      "searchable": 1,
      "quickSearch": 1,
      "changeable": 0,
      "ext": "http://127.0.0.1:9978/file/tvfan/token.txt+4k|auto|fhd"
    },
    {
      "key": "七夜",
      "name": "七夜😾网盘",
      "type": 3,
      "api": "csp_Dovx",
      "searchable": 1,
      "quickSearch": 1,
      "changeable": 0,
      "ext": "http://127.0.0.1:9978/file/tvfan/token.txt+4k|auto|fhd"
    },
    {
      "key": "Bili",
      "name": "哔哩🅱合集",
      "type": 3,
      "api": "csp_Bili",
      "style": {
        "type": "rect",
        "ratio": 1.597
      },
      "searchable": 1,
      "quickSearch": 0,
      "changeable": 0,
      "ext": "https://fanty.run.goorm.site/ext/bilibili.json"
    },
    {
      "key": "Bili",
      "name": "哔哩🅱合集",
      "type": 3,
      "api": "csp_Bili",
      "jar": "https://files.zohopublic.com.cn/public/workdrive-public/download/uyv0t678c488189af47bb91dc108484d17431;md5;7f5b55c37dba231f3862cd1a8c8ea932",
      "style": {
        "type": "rect",
        "ratio": 1.597
      },
      "searchable": 1,
      "quickSearch": 0,
      "changeable": 0,
      "ext": "https://fanty.run.goorm.site/ext/bilibili.json"
    },
    {
      "key": "ext_live_protocol",
      "name": "🎯 公益接口，微信公众号：乌鸦不太黑",
      "type": 3,
      "api": "csp_XPath",
      "searchable": 0,
      "quickSearch": 0,
      "changeable": 0
    }
  ],
  "parses": [
    {
      "name": "聚合",
      "type": 3,
      "url": "Demo"
    },
    {
      "name": "解析1",
      "type": 1,
      "url": "http://api.888484.xyz/jiexi/米太硬.php?url=",
      "ext": {
        "flag": [
          "qq",
          "腾讯",
          "qiyi",
          "爱奇艺",
          "奇艺",
          "youku",
          "优酷",
          "tucheng",
          "sohu",
          "搜狐",
          "letv",
          "乐视",
          "mgtv",
          "芒果",
          "tnmb",
          "seven",
          "yzm",
          "aliyun",
          "RJuMao",
          "bilibili",
          "1905",
          "xinvip",
          "XAL",
          "qiqi",
          "XALS",
          "YuMi-vip"
        ]
      }
    },
    {
      "name": "解析2",
      "type": 1,
      "url": "https://api.tyun77.cn/api.php/provide/parseDicturl?url=",
      "ext": {
        "flag": [
          "qq",
          "腾讯",
          "qiyi",
          "iqiyi",
          "爱奇艺",
          "奇艺",
          "youku",
          "优酷",
          "mgtv",
          "芒果",
          "letv",
          "乐视",
          "pptv",
          "PPTV",
          "sohu",
          "bilibili",
          "哔哩哔哩",
          "哔哩"
        ]
      }
    },
    {
      "name": "解析3",
      "type": 0,
      "url": "https://jx.xmflv.com/?url=",
      "ext": {
        "flag": [
          "qq",
          "腾讯",
          "qiyi",
          "爱奇艺",
          "奇艺",
          "youku",
          "优酷",
          "mgtv",
          "芒果",
          "imgo",
          "letv",
          "乐视",
          "pptv",
          "PPTV",
          "sohu",
          "bilibili",
          "哔哩哔哩",
          "哔哩"
        ],
        "header": {
          "User-Agent": "okhttp/4.1.0"
        }
      }
    }
  ],
  "doh": [
    {
      "name": "Google",
      "url": "https://dns.google/dns-query",
      "ips": [
        "8.8.4.4",
        "8.8.8.8"
      ]
    },
    {
      "name": "Cloudflare",
      "url": "https://cloudflare-dns.com/dns-query",
      "ips": [
        "1.1.1.1",
        "1.0.0.1",
        "2606:4700:4700::1111",
        "2606:4700:4700::1001"
      ]
    },
    {
      "name": "AdGuard",
      "url": "https://dns.adguard.com/dns-query",
      "ips": [
        "94.140.14.140",
        "94.140.14.141"
      ]
    },
    {
      "name": "DNSWatch",
      "url": "https://resolver2.dns.watch/dns-query",
      "ips": [
        "84.200.69.80",
        "84.200.70.40"
      ]
    },
    {
      "name": "Quad9",
      "url": "https://dns.quad9.net/dns-quer",
      "ips": [
        "9.9.9.9",
        "149.112.112.112"
      ]
    }
  ],
  "rules": [
    {
      "name": "hwk",
      "hosts": [
        "haiwaikan"
      ],
      "regex": [
        "10.0099",
        "10.3333",
        "16.0599",
        "8.1748",
        "10.85"
      ]
    },
    {
      "name": "yqk",
      "hosts": [
        "yqk88"
      ],
      "regex": [
        "18.4",
        "15.1666"
      ]
    },
    {
      "name": "sn",
      "hosts": [
        "suonizy"
      ],
      "regex": [
        "15.1666",
        "15.2666"
      ]
    },
    {
      "name": "bf",
      "hosts": [
        "bfzy"
      ],
      "regex": [
        "#EXT-X-DISCONTINUITY\\r*\\n*#EXTINF:3,[\\s\\S]*?#EXT-X-DISCONTINUITY"
      ]
    },
    {
      "name": "xx",
      "hosts": [
        "aws.ulivetv.net"
      ],
      "regex": [
        "#EXT-X-DISCONTINUITY\\r*\\n*#EXTINF:8,[\\s\\S]*?#EXT-X-DISCONTINUITY"
      ]
    },
    {
      "name": "lz",
      "hosts": [
        "vip.lz",
        "hd.lz",
        "v.cdnlz"
      ],
      "regex": [
        "18.5333"
      ]
    },
    {
      "name": "非凡",
      "hosts": [
        "vip.ffzy",
        "hd.ffzy"
      ],
      "regex": [
        "25.0666"
      ]
    },
    {
      "name": "hs",
      "hosts": [
        "huoshan.com"
      ],
      "regex": [
        "item_id="
      ]
    },
    {
      "name": "dy",
      "hosts": [
        "douyin.com"
      ],
      "regex": [
        "is_play_url="
      ]
    },
    {
      "name": "nm",
      "hosts": [
        "toutiaovod.com"
      ],
      "regex": [
        "video/tos/cn"
      ]
    },
    {
      "name": "cl",
      "hosts": [
        "magnet"
      ],
      "regex": [
        "最 新",
        "直 播",
        "更 新"
      ]
    }
  ],
  "lives": [
    {
      "name": "live",
      "type": 0,
      "url": "https://agit.ai/fantaiying/0/raw/branch/main/tvlive.txt",
      "playerType": 1,
      "ua": "okhttp/3.15",
      "epg": "http://epg.112114.xyz/?ch={name}&date={date}",
      "logo": "https://epg.112114.xyz/logo/{name}.png"
    }
  ]
}
