{
  "spider": "https://superbox.lvdoui.net/uploads/tvbox/default_custom_spider.jar",
  "wallpaper": "http://饭太硬.ga/深色壁纸/api.php",
  "sites": [
    {
      "key": "linguxiaowu",
      "name": "关注公众号",
       "type": 3,
            "api": "http://jar.lingutv.cn/tvbox/yw/dr/lib/drpy2.min.js",
            "ext": "http://jar.lingutv.cn/tvbox/yw/dr/js/drpy.js"
    },
    {
      "key": "linguxiaowu1",
      "name": "科技搜罗",
      "type": 3,
            "api": "http://jar.lingutv.cn/tvbox/yw/dr/lib/drpy2.min.js",
            "ext": "http://jar.lingutv.cn/tvbox/yw/dr/js/腾云驾雾.js"
    },    
    {
      "key": "linguxiaowu2",
      "name": "科技搜罗",
      "type": 3,
            "api": "http://jar.lingutv.cn/tvbox/yw/dr/lib/drpy2.min.js",
            "ext": "http://jar.lingutv.cn/tvbox/yw/dr/js/腾云驾雾.js"
    },    {
      "key": "linguxiaowu3",
      "name": "科技搜罗",
     "type": 3,
            "api": "http://jar.lingutv.cn/tvbox/yw/dr/lib/drpy2.min.js",
            "ext": "http://jar.lingutv.cn/tvbox/yw/dr/js/腾云驾雾.js"
    },    {
      "key": "linguxiaowu",
      "name": "科技搜罗",
      "type": 3,
            "api": "http://jar.lingutv.cn/tvbox/yw/dr/lib/drpy2.min.js",
            "ext": "http://jar.lingutv.cn/tvbox/yw/dr/js/腾云驾雾.js"
    },    {
      "key": "linguxiaowu5",
      "name": "科技搜罗",
      "type": 3,
            "api": "http://jar.lingutv.cn/tvbox/yw/dr/lib/drpy2.min.js",
            "ext": "http://jar.lingutv.cn/tvbox/yw/dr/js/腾云驾雾.js"
    },    {
      "key": "linguxiaowu6",
      "name": "科技搜罗",
      "type": 3,
            "api": "http://jar.lingutv.cn/tvbox/yw/dr/lib/drpy2.min.js",
            "ext": "http://jar.lingutv.cn/tvbox/yw/dr/js/腾云驾雾.js"
    }
  ],
  "lives": [
    {
      "group": "redirect",
      "channels": [
        {
          "name": "redirect",
          "urls": [
            "proxy://do=live&type=txt&ext=aHR0cDovL2phcmxnLmxpbmd1dHYuY24vd2FyZWhvdXNlL1RWQm94X3dhcmVob3VzZS1tYWluL2xpdmUudHh0"
          ]
        }
      ]
    }
  ],
  "flags": [],
  "parses": [
      {
      "name": "关注公众号《科技搜罗》",
      "type": 1,
      "url": "https://jf.lingutv.cn/api/?key=kffmwavJilTv1wLTw9&url="
    }
      ],
  "ijk": [
    {
      "group": "软解码",
      "options": [
        {
          "category": 4,
          "name": "opensles",
          "value": "0"
        },
        {
          "category": 4,
          "name": "overlay-format",
          "value": "842225234"
        },
        {
          "category": 4,
          "name": "framedrop",
          "value": "1"
        },
        {
          "category": 4,
          "name": "soundtouch",
          "value": "1"
        },
        {
          "category": 4,
          "name": "start-on-prepared",
          "value": "1"
        },
        {
          "category": 1,
          "name": "http-detect-range-support",
          "value": "0"
        },
        {
          "category": 1,
          "name": "fflags",
          "value": "fastseek"
        },
        {
          "category": 2,
          "name": "skip_loop_filter",
          "value": "48"
        },
        {
          "category": 4,
          "name": "reconnect",
          "value": "1"
        },
        {
          "category": 4,
          "name": "enable-accurate-seek",
          "value": "0"
        },
        {
          "category": 4,
          "name": "mediacodec",
          "value": "0"
        },
        {
          "category": 4,
          "name": "mediacodec-auto-rotate",
          "value": "0"
        },
        {
          "category": 4,
          "name": "mediacodec-handle-resolution-change",
          "value": "0"
        },
        {
          "category": 4,
          "name": "mediacodec-hevc",
          "value": "0"
        },
        {
          "category": 1,
          "name": "dns_cache_timeout",
          "value": "600000000"
        }
      ]
    },
    {
      "group": "硬解码",
      "options": [
        {
          "category": 4,
          "name": "opensles",
          "value": "0"
        },
        {
          "category": 4,
          "name": "overlay-format",
          "value": "842225234"
        },
        {
          "category": 4,
          "name": "framedrop",
          "value": "1"
        },
        {
          "category": 4,
          "name": "soundtouch",
          "value": "1"
        },
        {
          "category": 4,
          "name": "start-on-prepared",
          "value": "1"
        },
        {
          "category": 1,
          "name": "http-detect-range-support",
          "value": "0"
        },
        {
          "category": 1,
          "name": "fflags",
          "value": "fastseek"
        },
        {
          "category": 2,
          "name": "skip_loop_filter",
          "value": "48"
        },
        {
          "category": 4,
          "name": "reconnect",
          "value": "1"
        },
        {
          "category": 4,
          "name": "enable-accurate-seek",
          "value": "0"
        },
        {
          "category": 4,
          "name": "mediacodec",
          "value": "1"
        },
        {
          "category": 4,
          "name": "mediacodec-auto-rotate",
          "value": "1"
        },
        {
          "category": 4,
          "name": "mediacodec-handle-resolution-change",
          "value": "1"
        },
        {
          "category": 4,
          "name": "mediacodec-hevc",
          "value": "1"
        },
        {
          "category": 1,
          "name": "dns_cache_timeout",
          "value": "600000000"
        }
      ]
    }
  ],
  "ads": [
    "mimg.0c1q0l.cn",
    "www.googletagmanager.com",
    "www.google-analytics.com",
    "mc.usihnbcq.cn",
    "mg.g1mm3d.cn",
    "mscs.svaeuzh.cn",
    "cnzz.hhttm.top",
    "tp.vinuxhome.com",
    "cnzz.mmstat.com",
    "www.baihuillq.com",
    "s23.cnzz.com",
    "z3.cnzz.com",
    "c.cnzz.com",
    "stj.v1vo.top",
    "z12.cnzz.com",
    "img.mosflower.cn",
    "tips.gamevvip.com",
    "ehwe.yhdtns.com",
    "xdn.cqqc3.com",
    "www.jixunkyy.cn",
    "sp.chemacid.cn",
    "hm.baidu.com",
    "s9.cnzz.com",
    "z6.cnzz.com",
    "um.cavuc.com",
    "mav.mavuz.com",
    "wofwk.aoidf3.com",
    "z5.cnzz.com",
    "xc.hubeijieshikj.cn",
    "tj.tianwenhu.com",
    "xg.gars57.cn",
    "k.jinxiuzhilv.com",
    "cdn.bootcss.com",
    "ppl.xunzhuo123.com",
    "xomk.jiangjunmh.top",
    "img.xunzhuo123.com",
    "z1.cnzz.com",
    "v1.cnzz.com",
    "s13.cnzz.com",
    "xg.huataisangao.cn",
    "z7.cnzz.com",
    "xg.huataisangao.cn",
    "z2.cnzz.com",
    "s96.cnzz.com",
    "q11.cnzz.com",
    "thy.dacedsfa.cn",
    "xg.whsbpw.cn",
    "s19.cnzz.com",
    "z8.cnzz.com",
    "s4.cnzz.com",
    "f5w.as12df.top",
    "ae01.alicdn.com",
    "videocloud.cn-hangzhou.log.aliyuncs.com",
    "www.92424.cn",
    "k.wudejia.com",
    "vivovip.mmszxc.top",
    "qiu.xixiqiu.com",
    "cdnjs.hnfenxun.com",
    "cms.qdwght.com"
  ]
}