{
  "spider": "https://gh.con.sh/https://raw.githubusercontent.com/xmbjm/vip4K/main/4Kvip.jar;md5;f6ce0ce7bd8b398540be062ebef7051d",
  "wallpaper": "http://饭太硬.top/深色壁纸/api.php",
"lives": [
        {
            "name": "live",
            "type": 0,
            "url": "https://gh.con.sh/https://raw.githubusercontent.com/xmbjm/vip4K/main/lib/tvlive.txt",
            "epg": "http://epg.112114.xyz/?ch={name}&date={date}"
        }
    ],
  "sites": [
    {
      "key": "豆豆",
      "name": "📚┃豆瓣┃【关注公众号：拾光畅谈】📚",
      "type": 3,
      "api": "csp_DouDou",
      "searchable": 0,
      "quickSearch": 0,
      "filterable": 0
    },
    {
      "key": "Bili",
      "name": "🐼哔哩合集┃所有资源均为免费提供",
      "type": 3,
      "api": "csp_Bili",
      "style": {
        "type": "rect",
        "ratio": 1.597
      },
      "searchable": 1,
      "quickSearch": 0,
      "changeable": 0,
      "ext": "https://gh.con.sh/https://raw.githubusercontent.com/xmbjm/vip4K/main/lib/bilibili.json"
    },
    {
      "key": "csp_woggcli",
      "name": "🐼4KHDR┃T4站-A",
      "type": 4,
      "api": "http://home.jundie.top:9520/spider/csp_Wogg?sort=原画,蓝光,超清,高清&token=8e14121f900f4bdfb861306f7a67b17c",
      "searchable": 1,
      "quickSearch": 1,
      "filterable": 1
    },
    {
      "key": "玩偶哥哥",
      "name": "🐼4KHDR┃4K站-B",
      "type": 3,
      "api": "csp_WoGG",
      "searchable": 1,
      "quickSearch": 1,
      "changeable": 0,
      "ext": "http://127.0.0.1:9978/file/tvbox/d3bf1ef8-625a-4ac1-a4a1-c588c620fcc9/token.txt"
    },
    {
      "key": "PanSou",
      "name": "🐼4KHDR┃4K站-C",
      "type": 3,
      "api": "csp_PanSou",
      "searchable": 1,
      "quickSearch": 1,
      "changeable": 0,
      "ext": "http://127.0.0.1:9978/file/tvbox/d3bf1ef8-625a-4ac1-a4a1-c588c620fcc9/token.txt"
    },
    {
      "key": "七夜",
      "name": "🐼4KHDR┃4K站-D",
      "type": 3,
      "api": "csp_Dovx",
      "searchable": 1,
      "quickSearch": 1,
      "changeable": 0,
      "ext": "http://127.0.0.1:9978/file/tvbox/d3bf1ef8-625a-4ac1-a4a1-c588c620fcc9/token.txt"
    },
    {
      "key": "优酷",
      "name": "🐼2KHDR┃官源-1",
      "type": 3,
      "api": "https://gh.con.sh/https://raw.githubusercontent.com/xmbjm/vip4K/main/lib/drpy2.min.js",
      "ext": "https://gh.con.sh/https://raw.githubusercontent.com/xmbjm/vip4K/main/lib/youku.js"
    },
    {
      "key": "芒果",
      "name": "🐼2KHDR┃官源-2",
      "type": 3,
      "api": "https://gh.con.sh/https://raw.githubusercontent.com/xmbjm/vip4K/main/lib/drpy2.min.js",
      "ext": "https://gh.con.sh/https://raw.githubusercontent.com/xmbjm/vip4K/main/lib/mangguo.js"
    },
    {
      "key": "爱奇异",
      "name": "🐼2KHDR┃官源-3",
      "type": 3,
      "api": "https://gh.con.sh/https://raw.githubusercontent.com/xmbjm/vip4K/main/lib/drpy2.min.js",
      "ext": "https://gh.con.sh/https://raw.githubusercontent.com/xmbjm/vip4K/main/lib/aiqiyi.js"
    },
    {
      "key": "腾讯",
      "name": "🐼2KHDR┃官源-4",
      "type": 3,
      "api": "https://gh.con.sh/https://raw.githubusercontent.com/xmbjm/vip4K/main/lib/drpy2.min.js",
      "ext": "https://gh.con.sh/https://raw.githubusercontent.com/xmbjm/vip4K/main/lib/tengxun.js"
    },
    {
      "key": "Czsapp",
      "name": "🐼2KHDR┃秒播-A",
      "type": 3,
      "api": "csp_Czsapp",
      "playerType": 2,
      "searchable": 1,
      "quickSearch": 1,
      "changeable": 1,
      "ext": "https://www.czzy88.com/"
    },
    {
      "key": "南瓜",
      "name": "🐼2KHDR┃秒播-B",
      "type": 3,
      "api": "csp_NanGua",
      "playerType": 2,
      "searchable": 1,
      "quickSearch": 1,
      "changeable": 1
    },
    {
      "key": "csp_Nmys",
      "name": "🐼2KHDR┃秒播-C",
      "type": 3,
      "api": "csp_Nmys",
      "searchable": 1,
      "quickSearch": 1,
      "changeable": 1,
      "ext": "https://gh.con.sh/https://raw.githubusercontent.com/xmbjm/vip4K/main/lib/nmys.json"
    },
    {
      "key": "csp_Bttoo",
      "name": "🐼2KHDR┃秒播-D",
      "type": 3,
      "api": "csp_Bttwoo",
      "searchable": 1,
      "quickSearch": 1,
      "changeable": 1
    },
    {
      "key": "Biliych",
      "name": "🐼热门┃歌曲",
      "type": 3,
      "api": "csp_Bili",
      "style": {
        "type": "rect",
        "ratio": 1.597
      },
      "searchable": 1,
      "quickSearch": 0,
      "changeable": 0,
      "ext": "https://gh.con.sh/https://raw.githubusercontent.com/xmbjm/vip4K/main/lib/biliych.json"
    },
    {
      "key": "js58",
      "name": "🐼五八┃动漫",
      "type": 3,
      "api": "https://gh.con.sh/https://raw.githubusercontent.com/xmbjm/vip4K/main/lib/drpy2.min.js",
      "searchable": 0,
      "quickSearch": 0,
      "filterable": 1,
      "ext": "https://gh.con.sh/https://raw.githubusercontent.com/xmbjm/vip4K/main/lib/58动漫.js"
    },
    {
      "key": "csp_动漫巴士",
      "name": "🐼动漫┃巴士",
      "type": 3,
      "api": "csp_XPath",
      "searchable": 1,
      "quickSearch": 1,
      "filterable": 0,
      "ext": "https://gh.con.sh/https://raw.githubusercontent.com/xmbjm/vip4K/main/lib/动漫巴士.json"
    },
    {
      "key": "csp_qiumi",
      "name": "🐼Jrs球┃直播",
      "type": 3,
      "api": "https://gh.con.sh/https://raw.githubusercontent.com/xmbjm/vip4K/main/lib/drpy2.min.js",
      "ext": "https://gh.con.sh/https://raw.githubusercontent.com/xmbjm/vip4K/main/lib/JRKAN直播.js",
      "style": {
        "type": "rect",
        "ratio": 1
      },
      "searchable": 0,
      "quickSearch": 0,
      "changeable": 0
    },
    {
      "key": "88js",
      "name": "🐼看球┃球迷",
      "type": 3,
      "api": "https://gh.con.sh/https://raw.githubusercontent.com/xmbjm/vip4K/main/lib/drpy2.min.js",
      "ext": "https://gh.con.sh/https://raw.githubusercontent.com/xmbjm/vip4K/main/lib/88看球.js",
      "style": {
        "type": "rect",
        "ratio": 1
      },
      "searchable": 0,
      "quickSearch": 0,
      "changeable": 0
    },
    {
      "key": "drpy_js_短剧网",
      "name": "🐼短剧┃大全",
      "type": 3,
      "api": "https://gh.con.sh/https://raw.githubusercontent.com/xmbjm/vip4K/main/lib/drpy2.min.js",
      "ext": "https://gh.con.sh/https://raw.githubusercontent.com/xmbjm/vip4K/main/lib/短剧网.js"
    },
    {
      "key": "戏曲杂苑",
      "name": "🐼戏曲｜大全",
      "type": 3,
      "api": "csp_Bili",
      "searchable": 0,
      "quickSearch": 1,
      "filterable": 1,
      "ext": "https://gh.con.sh/https://raw.githubusercontent.com/xmbjm/vip4K/main/lib/哔哩戏曲.json"
    },
    {
      "key": "相声小品",
      "name": "🐼相声｜小品",
      "type": 3,
      "api": "csp_Bili",
      "searchable": 0,
      "quickSearch": 1,
      "filterable": 1,
      "ext": "https://gh.con.sh/https://raw.githubusercontent.com/xmbjm/vip4K/main/lib/哔哩相声.json"
    },
    {
      "key": "dr_兔小贝",
      "name": "🐼教育┃儿童启蒙",
      "type": 3,
      "api": "https://gh.con.sh/https://raw.githubusercontent.com/xmbjm/vip4K/main/lib/drpy2.min.js",
      "ext": "https://gh.con.sh/https://raw.githubusercontent.com/xmbjm/vip4K/main/lib/兔小贝.js",
      "style": {
        "type": "rect",
        "ratio": 1.597
      },
      "searchable": 0,
      "quickSearch": 0,
      "changeable": 0
    },
    {
      "key": "少儿教育",
      "name": "🐼教育┃少儿教育",
      "type": 3,
      "api": "csp_Bili",
      "style": {
        "type": "rect",
        "ratio": 1.597
      },
      "searchable": 0,
      "quickSearch": 0,
      "changeable": 0,
      "ext": "https://gh.con.sh/https://raw.githubusercontent.com/xmbjm/vip4K/main/lib/少儿教育.json"
    },
    {
      "key": "小学课堂",
      "name": "🐼教育┃小学课堂",
      "type": 3,
      "api": "csp_Bili",
      "style": {
        "type": "rect",
        "ratio": 1.597
      },
      "searchable": 0,
      "quickSearch": 0,
      "changeable": 0,
      "ext": "https://gh.con.sh/https://raw.githubusercontent.com/xmbjm/vip4K/main/lib/小学课堂.json"
    },
    {
      "key": "初中课堂",
      "name": "🐼教育┃初中课堂",
      "type": 3,
      "api": "csp_Bili",
      "style": {
        "type": "rect",
        "ratio": 1.597
      },
      "searchable": 0,
      "quickSearch": 0,
      "changeable": 0,
      "ext": "https://gh.con.sh/https://raw.githubusercontent.com/xmbjm/vip4K/main/lib/初中课堂.json"
    },
    {
      "key": "高中教育",
      "name": "🐼教育┃高中课堂",
      "type": 3,
      "api": "csp_Bili",
      "style": {
        "type": "rect",
        "ratio": 1.597
      },
      "searchable": 0,
      "quickSearch": 0,
      "changeable": 0,
      "ext": "https://gh.con.sh/https://raw.githubusercontent.com/xmbjm/vip4K/main/lib/高中课堂.json"
    }
  ],
//=========解析嗅探====================================================
"parses": [
{"name":"拾光m3u8嗅探","type":0,"url":"https://jx.m3u8.tv/jiexi/?url=","ext": {"flag": ["qq","腾讯","qiyi","iqiyi","爱奇艺","奇艺","youku","yk","优
酷","mgtv","imgo","芒果"]}},
{"name":"拾光探","type":0,"url":"https://jx.xmflv.com/?url="},
{"name":"拾光7777","type":0,"url":"https://jx.777jiexi.com/player/?url="},
 {
      "name": "🍭环宇|小种",
      "type": 0,
      "url": "https://jx.jsonplayer.com/player/?url=",
      "flag": [
        "qq",
        "腾讯",
        "qiyi",
        "爱奇艺",
        "奇艺",
        "youku",
        "优",
        "mgtv",
        "芒果",
        "letv",
        "leshi",
        "LS",
        "乐视",
        "pptv",
        "PPTV",
        "sohu",
        "bilibili",
        "哔哩哔哩",
        "哔哩"
      ]
    }, 
{"name":"拾光闲鱼嗅探","type":0,"url":"https://jx.xyflv.com/?url=","ext": {"flag": ["qq","腾讯","qiyi","iqiyi","爱奇艺","奇艺","youku","yk","优酷","mgtv","imgo","
芒果"]}},
 {
      "name": "天微战狼",
      "type": 0,
      "url": "https://jx.zhanlangbu.com/?url="
    },	   
{"name":"拾光夜幕嗅探","type":0,"url":"https://www.yemu.xyz/?url="}],

//===========解析完成==================================
"flags":["youku","qq","iqiyi","qiyi","letv","sohu","tudou","pptv","mgtv","wasu"],

"doh":[
{"name":"Google","url":"https://dns.google/dns-query","ips":["8.8.4.4","8.8.8.8"]},
{"name":"Cloudflare","url":"https://cloudflare-dns.com/dns-query","ips":["1.1.1.1","1.0.0.1","2606:4700:4700::1111","2606:4700:4700::1001"]},
{"name":"AdGuard","url":"https://dns.adguard.com/dns-query","ips":["94.140.14.140","94.140.14.141"]},
{"name":"DNSWatch","url":"https://resolver2.dns.watch/dns-query","ips":["84.200.69.80","84.200.70.40"]},
{"name":"Quad9","url":"https://dns.quad9.net/dns-quer","ips":["9.9.9.9","149.112.112.112"]}],
 
//过滤
 "rules":[

{"host":"www.djuu.com","rule":["mp4.djuu.com","m4a"]},
{"host":"www.sharenice.net","rule":["huoshan.com","/item/video/"],"filter":[]},
{"host":"www.sharenice.net","rule":["sovv.qianpailive.com","vid="],"filter":[]},
{"host":"www.sharenice.net","rule":["douyin.com","/play/"]},
{"host":"m.ysxs8.vip","rule":["ysting.ysxs8.vip:81","xmcdn.com"],"filter":[]},
{"host":"hdmoli.com","rule":[".m3u8"]},{"host":"https://api.live.bilibili.com","rule":["bilivideo.com","/index.m3u8"],"filter":["data.bilibili.com/log/web","i0.hdslb.com/bfs/live/"]},
{"host":"www.agemys.cc","rule":["cdn-tos","obj/tos-cn"]},
{"host":"www.fun4k.com","rule":["https://hd.ijycnd.com/play","index.m3u8"]},
{"host":"zjmiao.com","rule":["play.videomiao.vip/API.php","time=","key=","path="]}],

//解码
   "ijk": [
   {"group":"软解码","options":[{"category":4,"name":"opensles","value":"0"},{"category":4,"name":"overlay-format","value":"842225234"},{"category":4,"name":"framedrop","value":"1"},{"category":4,"name":"soundtouch","value":"1"},{"category":4,"name":"start-on-prepared","value":"1"},{"category":1,"name":"http-detect-rangeupport","value":"0"},{"category":1,"name":"fflags","value":"fastseek"},{"category":2,"name":"skip_loop_filter","value":"48"},{"category":4,"name":"reconnect","value":"1"},{"category":4,"name":"enable-accurateeek","value":"0"},{"category":4,"name":"mediacodec","value":"0"},{"category":4,"name":"mediacodec-auto-rotate","value":"0"},{"category":4,"name":"mediacodec-handle-resolution-change","value":"0"},{"category":4,"name":"mediacodec-hevc","value":"0"},{"category":1,"name":"dns_cache_timeout","value":"600000000"}]},
   {"group":"硬解码","options":[{"category":4,"name":"opensles","value":"0"},{"category":4,"name":"overlay-format","value":"842225234"},{"category":4,"name":"framedrop","value":"1"},{"category":4,"name":"soundtouch","value":"1"},{"category":4,"name":"start-on-prepared","value":"1"},{"category":1,"name":"http-detect-rangeupport","value":"0"},{"category":1,"name":"fflags","value":"fastseek"},{"category":2,"name":"skip_loop_filter","value":"48"},{"category":4,"name":"reconnect","value":"1"},{"category":4,"name":"enable-accurateeek","value":"0"},{"category":4,"name":"mediacodec","value":"1"},{"category":4,"name":"mediacodec-auto-rotate","value":"1"},{"category":4,"name":"mediacodec-handle-resolution-change","value":"1"},{"category":4,"name":"mediacodec-hevc","value":"1"},{"category":1,"name":"dns_cache_timeout","value":"600000000"}]}],
   "ads": ["mimg.0c1q0l.cn","www.googletagmanager.com","www.google-analytics.com","mc.usihnbcq.cn","mg.g1mm3d.cn","mscs.svaeuzh.cn","cnzz.hhttm.top","tp.vinuxhome.com","cnzz.mmstat.com","www.baihuillq.com","s23.cnzz.com","z3.cnzz.com","c.cnzz.com","stj.v1vo.top","z12.cnzz.com","img.mosflower.cn","tips.gamevvip.com","ehwe.yhdtns.com","xdn.cqqc3.com","www.jixunkyy.cn","sp.chemacid.cn","hm.baidu.com","s9.cnzz.com","z6.cnzz.com","um.cavuc.com","mav.mavuz.com","wofwk.aoidf3.com","z5.cnzz.com","xc.hubeijieshikj.cn","tj.tianwenhu.com","xg.gars57.cn","k.jinxiuzhilv.com","cdn.bootcss.com","ppl.xunzhuo123.com","xomk.jiangjunmh.top","img.xunzhuo123.com","z1.cnzz.com","s13.cnzz.com","xg.huataisangao.cn","z7.cnzz.com","xg.huataisangao.cn","z2.cnzz.com","s96.cnzz.com","q11.cnzz.com","thy.dacedsfa.cn","xg.whsbpw.cn","s19.cnzz.com","z8.cnzz.com","s4.cnzz.com","f5w.as12df.top","ae01.alicdn.com","www.92424.cn","k.wudejia.com","vivovip.mmszxc.top","qiu.xixiqiu.com","cdnjs.hnfenxun.com","cms.qdwght.com"]}