
{
"spider":"http://52bsj.vip:81/api/v3/file/get/41062/bili.jar?sign=7AtCZhy5987QnuOKnZuP_XnaH6fqCqV5DaSqjtUplbc%3D%3A0
;md5;c5c337bb2793598e9aa5953898fbb087",


"lives":[{"group":"redirect","channels":[{"name":"live","urls":["proxy://do=live&type=txt&ext=aHR0cDovL21hb3lpbmdzaGkuY2MvdHZib3gvemhpYm8vMS50eHQ="]}]}],
"wallpaper":"http://maoyingshi.cc/api.php",

//"wallpaper":"https://www.dmoe.cc/random.php",  //默认动漫少女
//"wallpaper":"https://api.vvhan.com/api/acgimg",  //动漫少女
//"wallpaper":"https://picsum.photos/1280/720/?blur=10",  //普通
//"wallpaper":"https://xxxx.xxxx/xxx/xxxx",  //膜板

"sites":[

{"key": "Bili","name": "🅱️哔哩套餐","type": 3,"api": "csp_Bili","searchable": 0,"quickSearch": 0,"filterable": 0,"ext": "http://52bsj.vip:81/api/v3/file/get/33110/%E5%93%94%E5%93%A9.json?sign=bfFrA3Ub4BqSYHavVzc5BVYQuvwuGROwx8QLWbKbb3A%3D%3A0"},
{"key": "演唱会","name": "🅱️演唱会","type": 3,"api": "csp_Bili","searchable": 0,"quickSearch": 0,"filterable": 1,"ext": "http://52bsj.vip:81/api/v3/file/get/33114/%E6%BC%94%E5%94%B1%E4%BC%9A.json?sign=JgZ1FuOl12vukIkRas_T4v4Zg_l999m2JVHDiqhGLic%3D%3A0"},
{"key": "戏曲","name": "🅱️戏曲","type": 3,"api": "csp_Bili","searchable": 0,"quickSearch": 0,"filterable": 1,"ext": "http://52bsj.vip:81/api/v3/file/get/33115/%E6%88%8F%E6%9B%B2.json?sign=dKQjA0Cnr7RHc3NkFbhjCLD7AmXE6SD5OF8pDlONKxs%3D%3A0"},
{"key": "MV","name": "🅱️歌曲MV","type": 3,"api": "csp_Bili","searchable": 0,"quickSearch": 0,"filterable": 1,"ext": "http://52bsj.vip:81/api/v3/file/get/33112/%E6%AD%8C%E6%9B%B2MV.json?sign=KB_Qwrac-uvlJFIVoaZNoyFKolNnM9ETQxd61-_wRsE%3D%3A0"},

{"key": "体育","name": "💋体育合集","type": 3,"api": "csp_Bili","searchable": 0,"quickSearch": 0,"filterable": 1,"ext": "http://maoyingshi.cc/tvbox/云星日记/sh/MaooXB/体育.json"},
{"key": "球类","name": "⚽️球类合集","type": 3,"api": "csp_Bili","searchable": 1,"quickSearch": 1,"filterable": 1,"ext": "http://maoyingshi.cc/tvbox/云星日记/sh/MaooXB/球类.json"},
{"key": "游戏电竞","name": "🎮游戏电竞","type": 3,"api": "csp_Bili","searchable": 1,"quickSearch": 1,"filterable": 1,"ext": "http://52bsj.vip:81/api/v3/file/get/52130/%E7%94%B5%E7%AB%9E.json?sign=5SALLUFtOd1Lc99kqj4-BX0LiZsFQMo7K2CJr_YSv24%3D%3A0"},
{"key": "棋牌","name": " 💔棋牌娱乐","type": 3,"api": "csp_Bili","searchable": 0,"quickSearch": 0,"filterable": 1,"ext": "http://maoyingshi.cc/tvbox/云星日记/sh/MaooXB/棋牌.json"},
{"key": "MV","name": "🌈歌曲MV","type": 3,"api": "csp_Bili","searchable": 1,"quickSearch": 1,"filterable": 1,"ext": "http://maoyingshi.cc/tvbox/云星日记/sh/MaooXB/歌曲MV.json"},
{"key":"幼儿乐园","name":"📚幼儿乐园（B站）","type":3,"api":"csp_Bili","searchable":0,"quickSearch":0,"filterable":1,"ext":"http://52bsj.vip:81/api/v3/file/get/41336/%E5%B9%BC%E5%84%BF%E4%B9%90%E5%9B%AD.json?sign=b0VKDEh6TdxrOrwTdNQDmQunv9Jtxwn9u6LZhvNI4Uk%3D%3A0"},
{"key":"少儿教育","name":"📚少儿教育（B站）","type":3,"api":"csp_Bili","searchable":0,"quickSearch":0,"filterable":1,"ext":"http://52bsj.vip:81/api/v3/file/get/33113/%E5%B0%91%E5%84%BF%E6%95%99%E8%82%B2.json?sign=M9Yy0JDj_uwsAsiHY0YChEk27S55kj30rdi_3zU7Nb4%3D%3A0"},
{"key":"小学课堂","name":"📚小学课堂（B站）","type":3,"api":"csp_Bili","searchable":0,"quickSearch":0,"filterable":1,"ext":"http://52bsj.vip:81/api/v3/file/get/41337/%E5%B0%8F%E5%AD%A6%E8%AF%BE%E5%A0%82.json?sign=387muZLyp6NuQcPpNk08Na3PGGG4kYRGDx2STRLPPhs%3D%3A0"},
{"key":"初中课堂","name":"📚初中课堂（B站）","type":3,"api":"csp_Bili","searchable":0,"quickSearch":0,"filterable":1,"ext":"http://52bsj.vip:81/api/v3/file/get/41339/%E5%88%9D%E4%B8%AD%E8%AF%BE%E5%A0%82.json?sign=EEK60Rh1irVK_O997KS_7er0CvIEG2BBwIsr_ejV5ps%3D%3A0"},
{"key":"高中教育","name":"📚高中课堂（B站）","type":3,"api":"csp_Bili","searchable":0,"quickSearch":0,"filterable":1,"ext":"http://52bsj.vip:81/api/v3/file/get/41338/%E9%AB%98%E4%B8%AD%E8%AF%BE%E5%A0%82.json?sign=UJlPvFp_E0-Y2aHDGnxbnG-Cdp657aojGsKSvE9m8zA%3D%3A0"}

],


"parses":[
{"name":"解析聚合","type":3,"url":"Demo"},
{"name":"Json并发","type":2,"url":"Parallel"},
{"name":"Json轮询","type":2,"url":"Sequence"},
{"name":"云you秒解①","type":1,"url":"https://play.fuqizhishi.com/maotv/API.php?appkey=QQ172598364&url="},
{"name":"LTRX","type":1,"url":"https://svip.spchat.top/api/?type=ys&key=bKemW41JnxmQb4l67h&url=","ext":{"flag":["rx"]}},
{"name":"云you秒播①","type":1,"url":"https://jx.hfyrw.com/mao.go?url="},
{"name":"云you秒播②","type":1,"url":"http://27.124.4.42:4567/jhjson/ceshi.php?url=","ext":{"flag":["qiyi","qq","letv","sohu","youku","mgtv","bilibili","wasu","xigua","1905"]}},
{"name":"leduo","type":1,"url":"https://api.ldjx.cc/wp-api/getvodurl.php?token=1001&vid=","ext":{"flag":["leduo"]}},
{"name":"云you解析①","type":1,"url":"https://chaloli.cn/home/api?type=ys&uid=1&key=dfgilnotuyDGHMQW34&url="},
{"name":"云you解析③","type":1,"url":"https://play.fuqizhishi.com/maotv/API.php?appkey=QQ172598364&url="},
{"name":"2","type":1,"url":"http://27.124.4.42:4567/jhjson/ceshi.php?url=","ext":{"flag":["qiyi","qq","letv","sohu","youku","mgtv","bilibili","wasu","xigua","1905"]}},
{"name":"9","type":1,"url":"http://110.42.2.115:880/analysis/json/?uid=2100&my=fgjnoqstLMRUZ03489&url="},
{"name":"11","type":1,"url":"http://124.222.68.182/jiexi/4kJX.php/?url="},
{"name":"16","type":1,"url":"https://jhjx.kuanjv.com/newky/?url="},
{"name":"18","type":1,"url":"http://jx.hlele.vip/api/?url="},
{"name":"线路m9","type":1,"url":"https://good-vip.mmiyue.com/zhenbuka2/api/svip/HaShrcJUHwtH7TDdgUzHaWvJ1lWUZWiK.php?url="},
{"name":"线路NX","type":1,"url":"https://play.fuqizhishi.com/maotv/API.php?appkey=QQ172598364&url="},
{"name":"293","type":1,"url":"http://110.42.2.115:880/analysis/json/?uid=2100&my=fgjnoqstLMRUZ03489&url=","ext":{"flag":["qq","qiyi","mgtv","youku","letv","sohu","xigua","1905"],"header":{"User-Agent":"Dart/2.14 (dart:io)"}}},
{"name":"Pro","type":1,"url":"http://124.222.68.182/jiexi/4kJX.php/?url=","ext":{"flag":["youku","优酷","mgtv","芒果","qq","腾讯","qiyi","爱奇艺","qq","奇艺"]}},
{"name":"leduo","type":1,"url":"https://api.ldjx.cc/wp-api/getvodurl.php?token=1001&vid=","ext":{"flag":["leduo"]}},
{"name":"renrenmi2","type":1,"url":"https://a.dxzj88.com/jxrrm/jiami.php?url=","ext":{"flag":["renrenmi"]}},
{"name":"renrenmi3","type":1,"url":"https://sz.dxzj88.com/jxrjrm/jiaomi.php?url=","ext":{"flag":["renrenmi"]}},
{"name":"Pro2","type":1,"url":"https://vip.rongxingvr.top/api/?type=ys&key=JJEZkZIhzkA4cUtBfR&url=","ext":{"flag":["ltnb","rx","qiyi","爱奇艺","qq","奇艺","sohu","letv","youku","优酷","mgtv","芒果"]}},
{"name":"2","type":1,"url":"https://jx.mczdyw.com/xg.php?url=","ext":{"flag":["mgtv","芒果"]}},
{"name":"3","type":1,"url":"https://www.aiaine.com/api/?key=kVqmG5dAQ5dZTcECw8&url=","ext":{"flag":["youku","优酷","mgtv","芒果","qq","腾讯","qiyi","爱奇艺","qq","奇艺"]}},
{"name":"4","type":1,"url":"https://svip.rongxingvr.top/api/?key=niBgMGXVdCQhsmeEBK&url=","ext":{"flag":["youku","优酷","mgtv","芒果","qq","腾讯","qiyi","爱奇艺","qq","奇艺"]}},
{"name":"8","type":1,"url":"https://app.iminna.com/jx/?url=","ext":{"flag":["youku","优酷","mgtv","芒果","qq","腾讯","qiyi","爱奇艺","qq","奇艺"]}},
{"name":"飓风影院2","type":1,"url":"https://vvip.funsline.cn/api/?key=3xWfEoDf4V9p9Y20CR&url=","ext":{"flag":["ziqie","youku","优酷","qiyi","爱奇艺","奇艺","mgtv","芒果","qq","腾讯"]}},
{"name":"我爱电影网","type":1,"url":"https://jhpc.manduhu.com/j1217.php?url=","ext":{"flag":["qiyi","爱奇艺","奇艺","mgtv","芒果","youku","优酷","pptv","PPTV"]}},
{"name":"江湖解析","type":1,"url":"http://103.40.240.46/jh/?url=","ext":{"flag":["renrenmi","qq","腾讯","youku","优酷","mgtv","芒果","xigua","西瓜"]}},
{"name":"王牌","type":1,"url":"https://za.kuanjv.com/?url=","ext":{"flag":["qq","腾讯","qiyi","爱奇艺","奇艺","youku","优酷","mgtv","芒果","搜狐","sohu","letv","乐视","bilibili","哔哩哔哩","哔哩","xigua","西瓜"]}},
{"name":"盘古解析","type":1,"url":"https://json.pangujiexi.com:12345/json.php?url=","ext":{"flag":["qq","腾讯","qiyi","爱奇艺","奇艺","youku","优酷","mgtv","芒果"]}},
{"name":"欢雨","type":1,"url":"http://www.youhuifuligou.com/json/?id=7&url=","ext":{"flag":["qq","腾讯","qiyi","爱奇艺","奇艺","youku","优酷","letv","乐视","xigua","西瓜"]}},
//{"name":"21","type":0,"url":"https://okjx.cc/?url="},
//{"name":"龙虾","type":1,"url":"http://106.55.234.91:4433/?url=","ext":{"flag":["qq","qiyi","mgtv","youku","letv","sohu","xigua","1905"],"header":{"User-Agent":"Dalvik/2.1.0"}}},
//{"name":"Web解析","type":0,"url":"https://chaxun.truechat365.com/?url=","ext":{"flag":["youku","优酷","mgtv","芒果","qq","腾讯","qiyi","爱奇艺","iqiyi","奇艺"]}},
//{"name":"parwix1","type":0,"url":"https://jx.parwix.com:4433/player/?url=","ext":{"flag":["qq","腾讯","qiyi","爱奇艺","奇艺","youku","优酷","mgtv","芒果","letv","乐视","pptv","PPTV","sohu","bilibili","哔哩哔哩","哔哩"]}},
{"name":"parwix2","type":0,"url":"https://jx.parwix.com:4433/player/analysis.php?v=","ext":{"flag":["qq","腾讯","qiyi","爱奇艺","奇艺","youku","优酷","mgtv","芒果","letv","乐视","pptv","PPTV","sohu","bilibili","哔哩哔哩","哔哩"]}},
{"name":"线路m9","type":1,"url":"https://api.m3u8.tv:5678/home/api?type=ys&uid=1931000&key=gktuvyzABEORSYZ135&url="},
{"name":"Pro","type":1,"url":"http://api.vip123kan.vip/?url=","ext":{"flag":["youku","优酷","mgtv","芒果","qq","腾讯","qiyi","爱奇艺","qq","奇艺"]}},
{"name":"leduo","type":1,"url":"https://api.ldjx.cc/wp-api/getvodurl.php?token=1001&vid=","ext":{"flag":["leduo"]}},
{"name":"Pro2","type":1,"url":"https://vip.rongxingvr.top/api/?type=ys&key=JJEZkZIhzkA4cUtBfR&url=","ext":{"flag":["ltnb","rx","qiyi","爱奇艺","qq","奇艺","sohu","letv","youku","优酷","mgtv","芒果"]}},
//{"name":"2","type":1,"url":"https://jx.mczdyw.com/xg.php?url=","ext":{"flag":["mgtv","芒果"]}},
//{"name":"M117","type":0,"url":"http://1.117.152.239:39000/?url="},
{"name":"zui","type":0,"url":"https://jx.zui.cm/?url=","ext":{"flag":["ltnb"]}},
{"name":"parwix1","type":0,"url":"https://jx.parwix.com:4433/player/?url=","ext":{"flag":["qq","腾讯","qiyi","爱奇艺","奇艺","youku","优酷","mgtv","芒果","letv","乐视","pptv","PPTV","sohu","bilibili","哔哩哔哩","哔哩"]}},
{"name":"parwix2","type":0,"url":"https://jx.parwix.com:4433/player/analysis.php?v=","ext":{"flag":["qq","腾讯","qiyi","爱奇艺","奇艺","youku","优酷","mgtv","芒果","letv","乐视","pptv","PPTV","sohu","bilibili","哔哩哔哩","哔哩"]}},
{"name":"xuerenweb","type":0,"url":"https://s.2tu.uk/?url=","ext":{"flag":["xueren"]}},
{"name":"xuerenweb2","type":0,"url":"https://xrm3u8.qd234.cn/?url=","ext":{"flag":["xueren"]}},
{"name":"美剧虫","type":0,"url":"https://jx.daiguaji.com/?url=","ext":{"flag":["zijian"]}},
{"name":"miao","type":0,"url":"https://jx.58g8.com/1/?url=","ext":{"flag":["miaoparty"]}},
{"name":"万能解析","type":0,"url":"https://vip.legendwhb.cn/m3u8.php?url=","ext":{"flag":["ltnb","renrenmi","qq","腾讯","qiyi","爱奇艺","奇艺","youku","优酷","mgtv","芒果","bilibili","哔哩哔哩","哔哩"]}},
{"name":"ltnb04","type":0,"url":"https://vip.bljiex.com/?v=","ext":{"flag":["ltnb"]}},
{"name":"ltnb02","type":0,"url":"https://jx.zui.cm/?url=","ext":{"flag":["ltnb"]}},
{"name":"CL4K02","type":0,"url":"https://app.okmedcos.com/4k/?url=","ext":{"flag":["CL4K","qq","腾讯","pptv","PPTV"]}},
{"name":"433解析","type":1,"url":"https://jx.bozrc.com:4433/player/?url=","ext":{"flag":["播放列表1","播放列表2","qiyi","qq","letv","sohu","youku","mgtv","bilibili","wasu","xigua","1905","优酷","芒果","腾讯","爱奇艺","奇艺"]}},
{"name":"线路1","type":1,"url":"http://27.124.4.42:4567/jhjson/ceshi.php?url=","ext":{"flag":["qiyi","qq","letv","sohu","youku","mgtv","bilibili","wasu","xigua","1905"]}},
{"name":"线路3","type":1,"url":"http://106.55.234.91:4433/?url=","ext":{"flag":["qiyi","qq","letv","sohu","youku","mgtv","bilibili","wasu","xigua","1905"]}},
{"name":"线路M9","type":1,"url":"https://api.m3u8.tv:5678/home/api?type=ys&uid=1931000&key=gktuvyzABEORSYZ135&url="},
{"name":"Pro","type":1,"url":"http://api.vip123kan.vip/?url=","ext":{"flag":["youku","优酷","mgtv","芒果","qq","腾讯","qiyi","爱奇艺","qq","奇艺"]}},
{"name":"leduo","type":1,"url":"https://api.ldjx.cc/wp-api/getvodurl.php?token=1001&vid=","ext":{"flag":["leduo"]}},
{"name":"renrenmi2","type":1,"url":"https://a.dxzj88.com/jxrrm/jiami.php?url=","ext":{"flag":["renrenmi"]}},
{"name":"renrenmi3","type":1,"url":"https://sz.dxzj88.com/jxrjrm/jiaomi.php?url=","ext":{"flag":["renrenmi"]}},
{"name":"Pro2","type":1,"url":"https://vip.rongxingvr.top/api/?type=ys&key=JJEZkZIhzkA4cUtBfR&url=","ext":{"flag":["ltnb","rx","qiyi","爱奇艺","qq","奇艺","sohu","letv","youku","优酷","mgtv","芒果"]}},
{"name":"2","type":1,"url":"https://jx.mczdyw.com/xg.php?url=","ext":{"flag":["mgtv","芒果"]}},
{"name":"3","type":1,"url":"https://www.aiaine.com/api/?key=kVqmG5dAQ5dZTcECw8&url=","ext":{"flag":["youku","优酷","mgtv","芒果","qq","腾讯","qiyi","爱奇艺","qq","奇艺"]}},
{"name":"4","type":1,"url":"https://svip.rongxingvr.top/api/?key=niBgMGXVdCQhsmeEBK&url=","ext":{"flag":["youku","优酷","mgtv","芒果","qq","腾讯","qiyi","爱奇艺","qq","奇艺"]}},
{"name":"8","type":1,"url":"https://app.iminna.com/jx/?url=","ext":{"flag":["youku","优酷","mgtv","芒果","qq","腾讯","qiyi","爱奇艺","qq","奇艺"]}},
{"name": "parwix1","type":1,"url": "https://jx.parwix.com:4433/player/?url=","ext":{"flag":["qq","腾讯","qiyi","爱奇艺","奇艺","youku","优酷","mgtv","芒果","letv","乐视","pptv","PPTV","sohu","bilibili","哔哩哔哩","哔哩"]}},
{"name": "parwix2","type":1,"url": "https://jx.parwix.com:4433/player/analysis.php?v=","ext":{"flag":["dbm3u8","qq","腾讯","qiyi","爱奇艺","奇艺","youku","优酷","mgtv","芒果","letv","乐视","pptv","PPTV","sohu","bilibili","哔哩哔哩","哔哩"]}},
{"name": "综合/B站","type": 1,"url": "https://vip.parwix.com:4433/player/?url="},
{"name": "综合线路解析","type": 1,"url": "https://laisoyiba.com/mov/s/?sv=3&url="},
{"name": "纯净/B站","type": 1,"url": "https://z1.m1907.cn/?jx="},
{"name": "高速接口","type": 1,"url": "https://jsap.attakids.com/?url="},
{"name": "OK解析","type": 1,"url": "https://okjx.cc/?url="},
{"name": "OK解析2","type": 1,"url": "https://api.okjx.cc:3389/jx.php?url="},
{"name": "夜幕","type": 1,"url": "https://www.yemu.xyz/?url="},
{"name": "乐多资源","type": 1,"url": "https://api.leduotv.com/wp-api/ifr.php?isDp=1&vid="},
{"name": "爱豆","type": 1,"url": "https://jx.aidouer.net/?url="},
{"name": "虾米","type": 1,"url": "https://jx.xmflv.com/?url="},
{"name": "M3U8.TV","type": 1,"url": "https://jx.m3u8.tv/jiexi/?url="},
{"name": "人人迷","type": 1,"url": "https://jx.blbo.cc:4433/?url="},
{"name": "全民","type": 1,"url": "https://jx.quanmingjiexi.com/?url="},
{"name": "全民2","type": 1,"url": "https://chaxun.truechat365.com/?url="},
{"name": "PPJ蓝光解析","type": 1,"url": "https://bf.ppjbk.cn/?url="},
{"name": "PPJ解析","type": 1,"url": "https://jx.ppjbk.cn/?url="},
{"name": "PPJ弹幕解析2","type": 1,"url": "https://bf.ppjbk.cn/bf/?url="},
{"name": "m2090.","type": 1,"url": "https://m2090.com/?url="},
{"name": "云解析","type": 1,"url": "https://jx.ppflv.com/?url="},
{"name": "天翼解析","type": 1,"url": "https://www.qianyicp.com/vip/vip_g.php?url="},
{"name": "百域","type": 1,"url": "https://jx.618g.com/?url="},
{"name": "大幕","type": 1,"url": "https://jx.52damu.com/dmjx/jiexi.php?url="},
{"name": "RDHK","type": 1,"url": "https://jx.rdhk.net/?v="},
{"name": "淘电影","type": 1,"url": "https://jx.vodjx.top/vip/?url="},
{"name": "维多","type": 1,"url": "https://jx.ivito.cn/?url="},
{"name": "云端","type": 1,"url": "https://sb.5gseo.net/?url="},
{"name": "七哥","type": 1,"url": "https://jx.mmkv.cn/tv.php?url="},
{"name": "冰豆","type": 1,"url": "https://api.qianqi.net/vip/?url="},
{"name": "迪奥","type": 1,"url": "https://123.1dior.cn/?url="},
{"name": "CK","type": 1,"url": "https://www.ckplayer.vip/jiexi/?url="},
{"name": "游艺","type": 1,"url": "https://api.u1o.net/?url="},
{"name": "LE","type": 1,"url": "https://lecurl.cn/?url="},
{"name": "ckmov","type": 1,"url": "https://www.ckmov.vip/api.php?url="},
{"name": "playerjy/B站","type": 1,"url": "https://jx.playerjy.com/?url="},
{"name": "ccyjjd","type": 1,"url": "https://ckmov.ccyjjd.com/ckmov/?url="},
{"name": "爱豆","type": 1,"url": "https://jx.aidouer.net/?url="},
{"name": "诺诺","type": 1,"url": "https://www.ckmov.com/?url="},
{"name": "H8","type": 1,"url": "https://www.h8jx.com/jiexi.php?url="},
{"name": "BL","type": 1,"url": "https://vip.bljiex.com/?v="},
{"name": "解析la","type": 1,"url": "https://api.jiexi.la/?url="},
{"name": "MUTV","type": 1,"url": "https://jiexi.janan.net/jiexi/?url="},
{"name": "MAO","type": 1,"url": "https://www.mtosz.com/m3u8.php?url="},
{"name": "老板","type": 1,"url": "https://vip.laobandq.com/jiexi.php?url="},
{"name": "盘古","type": 1,"url": "https://www.pangujiexi.cc/jiexi.php?url="},
{"name": "盖世","type": 1,"url": "https://www.gai4.com/?url="},
{"name": "小蒋","type": 1,"url": "https://www.kpezp.cn/jlexi.php?url="},
{"name": "YiTV","type": 1,"url": "https://jiexi.us/?url="},
{"name": "星空","type": 1,"url": "http://60jx.com/?url="},
{"name": "0523","type": 1,"url": "https://go.yh0523.cn/y.cy?url="},
{"name": "17云","type": 1,"url": "https://www.1717yun.com/jx/ty.php?url="},
{"name": "4K","type": 1,"url": "https://jx.4kdv.com/?url="},
{"name": "云析","type": 1,"url": "https://jx.yparse.com/index.php?url="},
{"name": "8090","type": 1,"url": "https://www.8090g.cn/?url="},
{"name": "江湖","type": 1,"url": "https://api.jhdyw.vip/?url="},
{"name": "诺讯","type": 1,"url": "https://www.nxflv.com/?url="},
{"name": "PM","type": 1,"url": "https://www.playm3u8.cn/jiexi.php?url="},
{"name": "奇米","type": 1,"url": "https://qimihe.com/?url="},
{"name": "思云","type": 1,"url": "https://jx.ap2p.cn/?url="},
{"name": "听乐","type": 1,"url": "https://jx.dj6u.com/?url="},
{"name": "aijx","type": 1,"url": "https://jiexi.t7g.cn/?url="},
{"name": "52","type": 1,"url": "https://vip.52jiexi.top/?url="},
{"name": "黑米","type": 1,"url": "https://www.myxin.top/jx/api/?url="},
{"name": "豪华啦","type": 1,"url": "https://api.lhh.la/vip/?url="},
{"name": "凉城","type": 1,"url": "https://jx.mw0.cc/?url="},
{"name": "33t","type": 1,"url": "https://www.33tn.cn/?url="},
{"name": "180","type": 1,"url": "https://jx.000180.top/jx/?url="},
{"name": "无名","type": 1,"url": "https://www.administratorw.com/video.php?url="},
{"name": "黑云","type": 1,"url": "https://jiexi.380k.com/?url="},
{"name": "九八","type": 1,"url": "https://jx.youyitv.com/?url="},
{"name":"飓风影院2","type":1,"url":"https://vvip.funsline.cn/api/?key=3xWfEoDf4V9p9Y20CR&url=","ext":{"flag":["ziqie","youku","优酷","qiyi","爱奇艺","奇艺","mgtv","芒果","qq","腾讯"]}},
{"name":"我爱电影网","type":1,"url":"https://jhpc.manduhu.com/j1217.php?url=","ext":{"flag":["qiyi","爱奇艺","奇艺","mgtv","芒果","youku","优酷","pptv","PPTV"]}},
{"name":"江湖解析","type":1,"url":"http://103.40.240.46/jh/?url=","ext":{"flag":["renrenmi","qq","腾讯","youku","优酷","mgtv","芒果","xigua","西瓜"]}},
{"name":"王牌","type":1,"url":"https://za.kuanjv.com/?url=","ext":{"flag":["qq","腾讯","qiyi","爱奇艺","奇艺","youku","优酷","mgtv","芒果","搜狐","sohu","letv","乐视","bilibili","哔哩哔哩","哔哩","xigua","西瓜"]}},
{"name":"盘古解析","type":1,"url":"https://json.pangujiexi.com:12345/json.php?url=","ext":{"flag":["qq","腾讯","qiyi","爱奇艺","奇艺","youku","优酷","mgtv","芒果"]}},
{"name":"欢雨","type":1,"url":"http://www.youhuifuligou.com/json/?id=7&url=","ext":{"flag":["qq","腾讯","qiyi","爱奇艺","奇艺","youku","优酷","letv","乐视","xigua","西瓜"]}},
{"name":"hfyrw","type":1,"url":"https://json.hfyrw.com/mao.go?url=","ext":{"flag":["ltnb","renrenmi"]}},
{"name":"aiaine02","type":1,"url":"https://vip.aiaine.com/api/?key=8FN8gNAySnvJiMllxZ&url=","ext":{"flag":["ltnb","renrenmi","xfyun","miaoparty","miaoparty2","miaoparty3","longteng","xueren"]}},
{"name":"五一解析","type":1,"url":"https://json.5lp.net/json.php?url=","ext":{"flag":["ltnb","renrenmi","rx","rongxing"]}},
{"name":"RongXingVR","type":1,"url":"https://vip.rongxingvr.top/api/?key=JJEZkZIhzkA4cUtBfR&url=","ext":{"flag":["renrenmi","rx","rongxing","mgtv","芒果","bilibili","哔哩哔哩","哔哩"]}},
{"name":"jx36","type":1,"url":"https://api.m3u8.tv:5678/home/api?type=ys&uid=9105801&key=huwxFGILMOQSTUZ679&url=","ext":{"flag":["qq","腾讯","qiyi","爱奇艺","奇艺","youku","优酷","mgtv","芒果"]}},
{"name":"J13","type":1,"url":"https://languangyingshiziyuan.1080zy.top/longtengzy.php/?url=","ext":{"flag":["ltnb"]}},
{"name":"Wuduzy","type":1,"url":"https://aa.xkys.tv/json.php?url=","ext":{"flag":["wuduzy"]}},
{"name":"LTRX","type":1,"url":"https://svip.spchat.top/api/?type=ys&key=bKemW41JnxmQb4l67h&url=","ext":{"flag":["rx"]}},
{"name":"喵派对资源3","type":1,"url":"https://vip.aiaine.com/api/?key=fOWaGgFU45zlIjvbHI&url=","ext":{"flag":["ltnb","renrenmi"]}},
{"name":"喵派对资源2","type":1,"url":"https://svip.iremind.me/api/?key=A5Db8HF8c8FSIOR6R1&url=","ext":{"flag":["renrenmi","qq","腾讯","qiyi","爱奇艺","奇艺","youku","优酷","mgtv","芒果","bilibili","哔哩哔哩","哔哩","sohu"]}},
{"name":"leduotv","type":1,"url":"https://api.leduotv.com/wp-api/getvodurl.php?vid=","ext":{"flag":["leduo"]}},
{"name":"web1","type":0,"url":"https://www.nxflv.com/?url=","ext":{"flag":["youku","优酷","mgtv","芒果","qq","腾讯","qiyi","爱奇艺","qq","奇艺","sohu","letv"]}},
{"name":"OJBK","type":0,"url":"https://jmwl.qd234.cn/v/?v=","ext":{"flag":["ltnb","renrenmi","rx","xfyun","muxm3u8","xigua","xueren","qq","腾讯","qiyi","爱奇艺","奇艺","youku","优酷","mgtv","芒果","bilibili","哔哩哔哩","哔哩","pptv","PPTV","sohu","letv"]}},
{"name":"M117","type":0,"url":"http://1.117.152.239:39000/?url="},
{"name":"zui","type":0,"url":"https://jx.zui.cm/?url=","ext":{"flag":["ltnb"]}},
{"name":"parwix1","type":0,"url":"https://jx.parwix.com:4433/player/?url=","ext":{"flag":["qq","腾讯","qiyi","爱奇艺","奇艺","youku","优酷","mgtv","芒果","letv","乐视","pptv","PPTV","sohu","bilibili","哔哩哔哩","哔哩"]}},
{"name":"parwix2","type":0,"url":"https://jx.parwix.com:4433/player/analysis.php?v=","ext":{"flag":["qq","腾讯","qiyi","爱奇艺","奇艺","youku","优酷","mgtv","芒果","letv","乐视","pptv","PPTV","sohu","bilibili","哔哩哔哩","哔哩"]}},
{"name":"xuerenweb","type":0,"url":"https://s.2tu.uk/?url=","ext":{"flag":["xueren"]}},
{"name":"xuerenweb2","type":0,"url":"https://xrm3u8.qd234.cn/?url=","ext":{"flag":["xueren"]}},
{"name":"美剧虫","type":0,"url":"https://jx.daiguaji.com/?url=","ext":{"flag":["zijian"]}},
{"name":"miao","type":0,"url":"https://jx.58g8.com/1/?url=","ext":{"flag":["miaoparty"]}},
{"name":"万能解析","type":0,"url":"https://vip.legendwhb.cn/m3u8.php?url=","ext":{"flag":["ltnb","renrenmi","qq","腾讯","qiyi","爱奇艺","奇艺","youku","优酷","mgtv","芒果","bilibili","哔哩哔哩","哔哩"]}},
{"name":"网络搜集02","type":1,"url":"https://json.pangujiexi.com/json.php?url=","ext":{"flag":["youku","优酷","qq","腾讯","qiyi","爱奇艺","奇艺"]}},
{"name":"网络搜集03","type":1,"url":"https://vip.aiaine.com/api/?key=8FN8gNAySnvJiMllxZ&url=","ext":{"flag":["Itnb","wuduzy"]}},
{"name":"网络搜集04","type":1,"url":"http://api.vip123kan.vip/?url=","ext":{"flag":["youku","优酷","mgtv","芒果","qq","腾讯","qiyi","爱奇艺","qq","xigua","奇艺"]}},
{"name":"网络搜集05","type":1,"url":"https://a.dxzj88.com/jxrrm/jiami.php?url=","ext":{"flag":["qq","腾讯","qiyi","爱奇艺","奇艺","youku","优酷","sohu","芒果","mgtv","xigua","wuduzy","bilibili","pptv","leduo","Clk4","哔哩","renrenmi","ltnb","rx"]}},
{"name":"网络搜集06","type":1,"url":"https://sz.dxzj88.com/jxrjrm/jiaomi.php?url=","ext":{"flag":["qq","腾讯","qiyi","爱奇艺","奇艺","youku","优酷","sohu","芒果","mgtv","xigua","wuduzy","bilibili","pptv","leduo","Clk4","哔哩","renrenmi","ltnb","rx"]}},
{"name":"网络搜集07","type":1,"url":"https://vip.aiaine.com/api/?key=8FN8gNAySnvJiMllxZ&url=","ext":{"flag":["ltnb"]}},
{"name":"网络搜集08","type":1,"url":"https://svip.rongxingvr.top/api/?key=niBgMGXVdCQhsmeEBK&url=","ext":{"flag":["youku","qq","mgtv","bilibili","wasu","xigua","renrenmi","优酷","芒果"]}},
{"name":"网络搜集10","type":1,"url":"https://json.5lp.net/json.php?url=","ext":{"flag":["qq","腾讯","qiyi","爱奇艺","奇艺","youku","优酷","mgtv","芒果","renrenmi","Itnb"]}},
{"name":"CL4K01","type":0,"url":"https://ys.ling00.cn/CL4K/?url=","ext":{"flag":["CL4K","qq","腾讯"]}},
{"name":"CL4K02","type":0,"url":"https://app.okmedcos.com/4k/?url=","ext":{"flag":["CL4K","qq","腾讯","pptv","PPTV"]}},
{"name":"线路m9","type":1,"url":"https://api.m3u8.tv:5678/home/api?type=ys&uid=1931000&key=gktuvyzABEORSYZ135&url="},
{"name":"龙虾","type":1,"url":"http://106.55.234.91:4433/?url=","ext":{"flag":["qq","qiyi","mgtv","youku","letv","sohu","xigua","1905"],"header":{"User-Agent":"Dalvik/2.1.0"}}},
{"name":"Web解析","type":0,"url":"https://chaxun.truechat365.com/?url=","ext":{"flag":["youku","优酷","mgtv","芒果","qq","腾讯","qiyi","爱奇艺","iqiyi","奇艺"]}},
{"name":"leduo","type":1,"url":"https://api.ldjx.cc/wp-api/getvodurl.php?token=1001&vid=","ext":{"flag":["leduo"]}},
{"name":"renrenmi2","type":1,"url":"https://a.dxzj88.com/jxrrm/jiami.php?url=","ext":{"flag":["renrenmi"]}},
{"name":"renrenmi3","type":1,"url":"https://sz.dxzj88.com/jxrjrm/jiaomi.php?url=","ext":{"flag":["renrenmi"]}},
{"name":"Pro2","type":1,"url":"https://vip.rongxingvr.top/api/?type=ys&key=JJEZkZIhzkA4cUtBfR&url=","ext":{"flag":["ltnb","rx","qiyi","爱奇艺","qq","奇艺","sohu","letv","youku","优酷","mgtv","芒果"]}},
{"name":"2","type":1,"url":"https://jx.mczdyw.com/xg.php?url=","ext":{"flag":["mgtv","芒果"]}},
{"name":"3","type":1,"url":"https://www.aiaine.com/api/?key=kVqmG5dAQ5dZTcECw8&url=","ext":{"flag":["youku","优酷","mgtv","芒果","qq","腾讯","qiyi","爱奇艺","qq","奇艺"]}},
{"name":"4","type":1,"url":"https://svip.rongxingvr.top/api/?key=niBgMGXVdCQhsmeEBK&url=","ext":{"flag":["youku","优酷","mgtv","芒果","qq","腾讯","qiyi","爱奇艺","qq","奇艺"]}},
{"name":"8","type":1,"url":"https://app.iminna.com/jx/?url=","ext":{"flag":["youku","优酷","mgtv","芒果","qq","腾讯","qiyi","爱奇艺","qq","奇艺"]}},
{"name":"飓风影院2","type":1,"url":"https://vvip.funsline.cn/api/?key=3xWfEoDf4V9p9Y20CR&url=","ext":{"flag":["ziqie","youku","优酷","qiyi","爱奇艺","奇艺","mgtv","芒果","qq","腾讯"]}},
{"name":"我爱电影网","type":1,"url":"https://jhpc.manduhu.com/j1217.php?url=","ext":{"flag":["qiyi","爱奇艺","奇艺","mgtv","芒果","youku","优酷","pptv","PPTV"]}},
{"name":"江湖解析","type":1,"url":"http://103.40.240.46/jh/?url=","ext":{"flag":["renrenmi","qq","腾讯","youku","优酷","mgtv","芒果","xigua","西瓜"]}},
{"name":"王牌","type":1,"url":"https://za.kuanjv.com/?url=","ext":{"flag":["qq","腾讯","qiyi","爱奇艺","奇艺","youku","优酷","mgtv","芒果","搜狐","sohu","letv","乐视","bilibili","哔哩哔哩","哔哩","xigua","西瓜"]}},
{"name":"盘古解析","type":1,"url":"https://json.pangujiexi.com:12345/json.php?url=","ext":{"flag":["qq","腾讯","qiyi","爱奇艺","奇艺","youku","优酷","mgtv","芒果"]}},
{"name":"欢雨","type":1,"url":"http://www.youhuifuligou.com/json/?id=7&url=","ext":{"flag":["qq","腾讯","qiyi","爱奇艺","奇艺","youku","优酷","letv","乐视","xigua","西瓜"]}},
{"name":"hfyrw","type":1,"url":"https://json.hfyrw.com/mao.go?url=","ext":{"flag":["ltnb","renrenmi"]}},
{"name":"aiaine02","type":1,"url":"https://vip.aiaine.com/api/?key=8FN8gNAySnvJiMllxZ&url=","ext":{"flag":["ltnb","renrenmi","xfyun","miaoparty","miaoparty2","miaoparty3","longteng","xueren"]}},
{"name":"五一解析","type":1,"url":"https://json.5lp.net/json.php?url=","ext":{"flag":["ltnb","renrenmi","rx","rongxing"]}},
{"name":"RongXingVR","type":1,"url":"https://vip.rongxingvr.top/api/?key=JJEZkZIhzkA4cUtBfR&url=","ext":{"flag":["renrenmi","rx","rongxing","mgtv","芒果","bilibili","哔哩哔哩","哔哩"]}},
{"name":"jx36","type":1,"url":"https://api.m3u8.tv:5678/home/api?type=ys&uid=9105801&key=huwxFGILMOQSTUZ679&url=","ext":{"flag":["qq","腾讯","qiyi","爱奇艺","奇艺","youku","优酷","mgtv","芒果"]}},
{"name":"J13","type":1,"url":"https://languangyingshiziyuan.1080zy.top/longtengzy.php/?url=","ext":{"flag":["ltnb"]}},
{"name":"Wuduzy","type":1,"url":"https://aa.xkys.tv/json.php?url=","ext":{"flag":["wuduzy"]}},
{"name":"LTRX","type":1,"url":"https://svip.spchat.top/api/?type=ys&key=bKemW41JnxmQb4l67h&url=","ext":{"flag":["rx"]}},
{"name":"喵派对资源3","type":1,"url":"https://vip.aiaine.com/api/?key=fOWaGgFU45zlIjvbHI&url=","ext":{"flag":["ltnb","renrenmi"]}},
{"name":"喵派对资源2","type":1,"url":"https://svip.iremind.me/api/?key=A5Db8HF8c8FSIOR6R1&url=","ext":{"flag":["renrenmi","qq","腾讯","qiyi","爱奇艺","奇艺","youku","优酷","mgtv","芒果","bilibili","哔哩哔哩","哔哩","sohu"]}},
{"name":"leduotv","type":1,"url":"https://api.leduotv.com/wp-api/getvodurl.php?vid=","ext":{"flag":["leduo"]}},
# type0 手动解析
{"name":"OJBK","type":0,"url":"https://jmwl.qd234.cn/v/?v=","ext":{"flag":["ltnb","renrenmi","rx","xfyun","muxm3u8","xigua","xueren","qq","腾讯","qiyi","爱奇艺","奇艺","youku","优酷","mgtv","芒果","bilibili","哔哩哔哩","哔哩","pptv","PPTV","sohu","letv"]}},
{"name":"M117","type":0,"url":"http://1.117.152.239:39000/?url="},
{"name":"zui","type":0,"url":"https://jx.zui.cm/?url=","ext":{"flag":["ltnb"]}},
{"name":"parwix1","type":0,"url":"https://jx.parwix.com:4433/player/?url=","ext":{"flag":["qq","腾讯","qiyi","爱奇艺","奇艺","youku","优酷","mgtv","芒果","letv","乐视","pptv","PPTV","sohu","bilibili","哔哩哔哩","哔哩"]}},
{"name":"parwix2","type":0,"url":"https://jx.parwix.com:4433/player/analysis.php?v=","ext":{"flag":["qq","腾讯","qiyi","爱奇艺","奇艺","youku","优酷","mgtv","芒果","letv","乐视","pptv","PPTV","sohu","bilibili","哔哩哔哩","哔哩"]}},
{"name":"xuerenweb","type":0,"url":"https://s.2tu.uk/?url=","ext":{"flag":["xueren"]}},
{"name":"xuerenweb2","type":0,"url":"https://xrm3u8.qd234.cn/?url=","ext":{"flag":["xueren"]}},
{"name":"美剧虫","type":0,"url":"https://jx.daiguaji.com/?url=","ext":{"flag":["zijian"]}},
{"name":"miao","type":0,"url":"https://jx.58g8.com/1/?url=","ext":{"flag":["miaoparty"]}},
{"name":"web1","type":0,"url":"https://www.nxflv.com/?url=","ext":{"flag":["youku","优酷","mgtv","芒果","qq","腾讯","qiyi","爱奇艺","qq","奇艺","sohu","letv"]}},
{"name":"万能解析","type":0,"url":"https://vip.legendwhb.cn/m3u8.php?url=","ext":{"flag":["ltnb","renrenmi","qq","腾讯","qiyi","爱奇艺","奇艺","youku","优酷","mgtv","芒果","bilibili","哔哩哔哩","哔哩"]}},
{"name":"ltnb04","type":0,"url":"https://vip.bljiex.com/?v=","ext":{"flag":["ltnb"]}},
{"name":"ltnb02","type":0,"url":"https://jx.zui.cm/?url=","ext":{"flag":["ltnb"]}},
{"name":"CL4K01","type":0,"url":"https://ys.ling00.cn/CL4K/?url=","ext":{"flag":["CL4K","qq","腾讯"]}},
{"name":"CL4K02","type":0,"url":"https://app.okmedcos.com/4k/?url=","ext":{"flag":["CL4K","qq","腾讯","pptv","PPTV"]}}
],
"flags":["youku","qq","iqiyi","qiyi","letv","sohu","tudou","pptv","mgtv","wasu","bilibili","renrenmi"],
"ijk":[
{"group":"软解码","options":[
{"category":4,"name":"opensles","value":"0"},
{"category":4,"name":"overlay-format","value":"842225234"},
{"category":4,"name":"framedrop","value":"1"},
{"category":4,"name":"soundtouch","value":"1"},
{"category":4,"name":"start-on-prepared","value":"1"},
{"category":1,"name":"http-detect-range-support","value":"0"},
{"category":1,"name":"fflags","value":"fastseek"},
{"category":2,"name":"skip_loop_filter","value":"48"},
{"category":4,"name":"reconnect","value":"1"},
{"category":4,"name":"enable-accurate-seek","value":"0"},
{"category":4,"name":"mediacodec","value":"0"},
{"category":4,"name":"mediacodec-auto-rotate","value":"0"},
{"category":4,"name":"mediacodec-handle-resolution-change","value":"0"},
{"category":4,"name":"mediacodec-hevc","value":"0"},
{"category":1,"name":"dns_cache_timeout","value":"600000000"}
]},
{"group":"硬解码","options":[
{"category":4,"name":"opensles","value":"0"},
{"category":4,"name":"overlay-format","value":"842225234"},
{"category":4,"name":"framedrop","value":"1"},
{"category":4,"name":"soundtouch","value":"1"},
{"category":4,"name":"start-on-prepared","value":"1"},
{"category":1,"name":"http-detect-range-support","value":"0"},
{"category":1,"name":"fflags","value":"fastseek"},
{"category":2,"name":"skip_loop_filter","value":"48"},
{"category":4,"name":"reconnect","value":"1"},
{"category":4,"name":"enable-accurate-seek","value":"0"},
{"category":4,"name":"mediacodec","value":"1"},
{"category":4,"name":"mediacodec-auto-rotate","value":"1"},
{"category":4,"name":"mediacodec-handle-resolution-change","value":"1"},
{"category":4,"name":"mediacodec-hevc","value":"1"},
{"category":1,"name":"dns_cache_timeout","value":"600000000"}
]}
],
"ads":["mimg.0c1q0l.cn","www.googletagmanager.com","www.google-analytics.com","mc.usihnbcq.cn","mg.g1mm3d.cn","mscs.svaeuzh.cn","cnzz.hhttm.top","tp.vinuxhome.com","cnzz.mmstat.com","www.baihuillq.com","s23.cnzz.com","z3.cnzz.com","c.cnzz.com","stj.v1vo.top","z12.cnzz.com","img.mosflower.cn","tips.gamevvip.com","ehwe.yhdtns.com","xdn.cqqc3.com","www.jixunkyy.cn","sp.chemacid.cn","hm.baidu.com","s9.cnzz.com","z6.cnzz.com","um.cavuc.com","mav.mavuz.com","wofwk.aoidf3.com","z5.cnzz.com","xc.hubeijieshikj.cn","tj.tianwenhu.com","xg.gars57.cn","k.jinxiuzhilv.com","cdn.bootcss.com","ppl.xunzhuo123.com","xomk.jiangjunmh.top","img.xunzhuo123.com","z1.cnzz.com","s13.cnzz.com","xg.huataisangao.cn","z7.cnzz.com","xg.huataisangao.cn","z2.cnzz.com","s96.cnzz.com","q11.cnzz.com","thy.dacedsfa.cn","xg.whsbpw.cn","s19.cnzz.com","z8.cnzz.com","s4.cnzz.com","f5w.as12df.top","ae01.alicdn.com","www.92424.cn","k.wudejia.com","vivovip.mmszxc.top","qiu.xixiqiu.com","cdnjs.hnfenxun.com","cms.qdwght.com"]
}
