{
"wallpaper":"https://api.ixiaowai.cn/gqapi/gqapi.php",    
"sites":[
{"key":"csp_Kuaikan"       ,"name":"🐞快看影视","type":3,"api":"csp_Kuaikan","searchable":1,"quickSearch":1,"filterable":1},
{"key":"csp_LiteApple"     ,"name":"🐞小苹果","type":3,"api":"csp_LiteApple","searchable":1,"quickSearch":1,"filterable":1},
{"key":"csp_AppTT"         ,"name":"🐞图图影视","type":3,"api":"csp_AppTT","playerType":1,"searchable":1,"quickSearch":1,"filterable":1},

{"key":"360_spider"        ,"name":"🐞360影视📵","api":"csp_SP360","type":3,"filterable":1,"quickSearch":1,"searchable":1},
{"key":"csp_77"            ,"name":"🐞酷云七七","type":3,"api":"csp_Kunyu77","searchable":1,"quickSearch":1,"filterable":1"},
{"key":"csp_QQ"            ,"name":"🐧腾讯QQ","type":3,"api":"csp_QQ","searchable":1,"quickSearch":1,"filterable":1},
{"key":"csp_IQIYI"         ,"name":"🥝爱奇艺","type":3,"api":"csp_IQIYI","searchable":1,"quickSearch":1,"filterable":1},
{"key":"csp_MGTV"          ,"name":"🍋芒果Tv","type":3,"api":"csp_MGTV","searchable":1,"quickSearch":1,"filterable":1},
{"key":"youku"             ,"name":"👑优酷","type":0,"api":"https://www.zycaiji.net:7788/api.php/provide/vod/from/youku/at/xml/","searchable":0,"quickSearch":0,"filterable":0,"categories":["综艺","动漫","动作片","喜剧片","爱情片","科幻片","恐怖片","剧情片","战争片","国产剧","港台剧","日韩剧","欧美剧","惊悚片","犯罪片","冒险片","悬疑片","动画片","武侠片","奇幻片","少儿","其他片"]},
{"key":"PpTV"              ,"name":"📺PPTV","type":0,"api":"https://www.zycaiji.net:7788/api.php/provide/vod/from/pptv/at/xml/","searchable":0,"quickSearch":0,"filterable":0,"categories":["综艺","动漫","动作片","喜剧片","爱情片","科幻片","恐怖片","剧情片","战争片","国产剧","港台剧","日韩剧","欧美剧","惊悚片","犯罪片","冒险片","悬疑片","动画片","武侠片","少儿","其他片"]},
{"key":"csp_Lezhu"         ,"name":"🐞乐猪影视","type":3,"api":"csp_Lezhu","searchable":1,"quickSearch":1,"filterable":1},
{"key":"csp_Yj1211"        ,"name":"🐞在线直播","type":3,"api":"csp_Yj1211","searchable":1,"quickSearch":1,"filterable":1},
{"key": "csp_xBPQ_电视直播",
	"name": "电视直播",
	"type": 3,
	"api": "csp_xBPQ",
	"searchable": 1,
	"quickSearch": 1,
	"filterable": 0,
	"ext": "{
\"分类\":\"电视直播$ys.html#\",
\"主页url\":\"http://www.lu1.cc/c/tv/sjtv/\",
\"分类url\":\"http://www.lu1.cc/c/tv/sjtv/{cteId}\",
\"图片\":\"http://\",
\"播放图片\":\"http://\",
\"不分线路\":\"1\"
}"},
{"key": "csp_Bd"           ,"name": "📯哔嘀影视","type": 3,"api": "csp_Bdys01","searchable":1,"quickSearch":1,"filterable":1},
{"key":"csp_哔哩全集","name":"🐞哔哩全集","type":3,"api":"csp_Bili","searchable":1,"quickSearch":0,"filterable":1,"ext":"http://9xi4o.tk/sub/Bili/哔哩全集.json"},
{"key":"csp_音乐现场","name":"🐞音乐现场","type":3,"api":"csp_Bili","searchable":0,"quickSearch":0,"filterable":1,"ext":"http://9xi4o.tk/sub/Bili/音乐现场.json"},
{"key":"csp_软件教程","name":"🐞软件教程","type":3,"api":"csp_Bili","searchable":0,"quickSearch":0,"filterable":1,"ext":"http://9xi4o.tk/sub/Bili/软件教程.json"},
{"key":"csp_美食天地","name":"🐞美食天地","type":3,"api":"csp_Bili","searchable":0,"quickSearch":0,"filterable":1,"ext":"http://9xi4o.tk/sub/Bili/美食天地.json"},
{"key":"csp_棋牌娱乐","name":"🐞棋牌娱乐","type":3,"api":"csp_Bili","searchable":0,"quickSearch":0,"filterable":1,"ext":"http://9xi4o.tk/sub/Bili/棋牌娱乐.json"},
{"key":"csp_戏曲合集","name":"🐞戏曲合集","type":3,"api":"csp_Bili","searchable":0,"quickSearch":0,"filterable":1,"ext":"http://9xi4o.tk/sub/Bili/戏曲合集.json"},
{"key":"csp_学习园地","name":"🐞学习园地","type":3,"api":"csp_Bili","searchable":0,"quickSearch":0,"filterable":1,"ext":"http://9xi4o.tk/sub/Bili/学习园地.json"},
{"key":"csp_女团热舞","name":"🐞女团热舞","type":3,"api":"csp_Bili","searchable":0,"quickSearch":0,"filterable":1,"ext":"http://9xi4o.tk/sub/Bili/女团热舞.json"},
{"key":"csp_体育赛事","name":"🐞体育赛事","type":3,"api":"csp_Bili","searchable":0,"quickSearch":0,"filterable":1,"ext":"http://9xi4o.tk/sub/Bili/体育赛事.json"},
{"key":"csp_儿童乐园","name":"🐞儿童乐园","type":3,"api":"csp_Bili","searchable":0,"quickSearch":0,"filterable":1,"ext":"http://9xi4o.tk/sub/Bili/儿童乐园.json"},
{"key":"csp_xpath_huya","name":"🐯虎牙(XPF)","type":3,"api":"csp_XPathMacFilter","searchable":1,"quickSearch":1,"filterable":1,"ext":"http://9xi4o.tk/sub/xpath/虎牙.json"},
{"key":"csp_xpath_huyam","name":"🐻虎牙M","type":3,"api":"csp_XPath","searchable":1,"quickSearch":1,"filterable":0,"ext":"http://9xi4o.tk/sub/xpath/huya.json"},
{"key":"csp_xpath_huyag","name":"🦊虎牙G","type":3,"api":"csp_XPathMacFilter","searchable":1,"quickSearch":1,"filterable":1,"ext":"http://9xi4o.tk/sub/xpath/huya2.json"},
{"key":"csp_biubiu_斗鱼","name":"🐟斗鱼","type":3,"api":"csp_XBiubiu","searchable":1,"quickSearch":1,"filterable":0,"ext":"http://9xi4o.tk/sub/biubiu/斗鱼.json"},
{"key":"csp_xpath_酷奇mv","name":"🎤酷奇MV","type":3,"api":"csp_XPath","searchable":0,"quickSearch":0,"filterable":0,"ext":"http://9xi4o.tk/sub/xpath/酷奇MV.json"},
{"key":"csp_xpath_kuqimv","name":"🦋酷奇MV","type":3,"api":"csp_XPath","searchable":0,"quickSearch":0,"filterable":0,"ext":"http://9xi4o.tk/sub/xpath/kuqimv.json"},
{"key":"csp_Alist"         ,"name":"🗂Alist合集","type":3,"api":"csp_Alist","searchable":1,"quickSearch":0,"filterable":0,"ext":"http://9xi4o.tk/sub/Alist.json"},
{"key":"T4聚合"            ,"name":"🌏T4聚合","type":4,"api":"https://t4.secan.icu/vod?sites=all&ali_token=http://9xi4o.tk/sub/token.txt&timeout=5","searchable":1,"quickSearch":1,"filterable":1},   
{"key":"csp_bendi"         ,"name":"📂本地视频","type":3,"api":"csp_LocalFile","searchable":0,"quickSearch":0,"filterable":0},  
{"key":"push_agent"        ,"name":"🛴推送","type":3,"api":"csp_PushAgent","searchable":0,"quickSearch":0,"filterable":0}],

"parses":[
{"name":"解析聚合","type":3,"url":"Demo"},
{"name":"Json并发","type":2,"url":"Parallel"},
{"name":"Json轮询","type":2,"url":"Sequence"},
{"name":"钢铁侠","url":"https://json.freejx.in/?url=","type":1,"ext":{"flag":["qiyi","imgo","爱奇艺","奇艺","qq","腾讯","youku","优酷","pptv","PPTV","letv","乐视","leshi","bilibili","哔哩哔哩","哔哩","mgtv","芒果","sohu","xigua","fun","风行"],"header":{"User-Agent":"Mozilla/5.0"}}},
{"name":"绿叶","url":"https://hc.izny.cn/json.php?url=","type":1,"ext":{"flag":["qiyi","imgo","爱奇艺","奇艺","qq","腾讯","youku","优酷","pptv","PPTV","letv","乐视","leshi","bilibili","哔哩哔哩","哔哩","mgtv","芒果","sohu","xigua","fun","风行"],"header":{"User-Agent":"Mozilla/5.0"}}},
{"name":"无名1","url":"http://api.ckflv.cn/?url=","type":1,"ext":{"flag":["qiyi","imgo","爱奇艺","奇艺","qq","腾讯","youku","优酷","pptv","PPTV","letv","乐视","leshi","bilibili","哔哩哔哩","哔哩","mgtv","芒果","sohu","xigua","fun","风行"],"header":{"User-Agent":"Mozilla/5.0"}}},
{"name":"llq","url":"https://hc.izny.cn/json.php?url=","type":1,"ext":{"flag":["qiyi","imgo","爱奇艺","奇艺","qq","腾讯","youku","优酷","pptv","PPTV","letv","乐视","leshi","bilibili","哔哩哔哩","哔哩","mgtv","芒果","sohu","xigua","fun","风行"],"header":{"User-Agent":"Mozilla/5.0"}}},
{"name":"江湖","url":"http://211.99.99.236:4567/jhjson/ceshi.php?url=","type":1,"ext":{"flag":["qiyi","imgo","爱奇艺","奇艺","qq","腾讯","youku","优酷","pptv","PPTV","letv","乐视","leshi","bilibili","哔哩哔哩","哔哩","mgtv","芒果","sohu","xigua","fun","风行"],"header":{"User-Agent":"Mozilla/5.0"}}},
{"name":"左岸","url":"https://jx.bozrc.com:4433/player/?url=","type":0,"ext":{"flag":["qiyi","imgo","爱奇艺","奇艺","qq","腾讯","youku","优酷","pptv","PPTV","letv","乐视","leshi","bilibili","哔哩哔哩","哔哩","mgtv","芒果","sohu","xigua","fun","风行"],"header":{"User-Agent":"Mozilla/5.0"}}},
{"name":"GGTV","url":"https://play.fuqizhishi.com/juhe/API.php?appkey=caijijuhe220902&url=","type":1,"ext":{"flag":["qiyi","imgo","爱奇艺","奇艺","qq","腾讯","youku","优酷","pptv","PPTV","letv","乐视","leshi","bilibili","哔哩哔哩","哔哩","mgtv","芒果","sohu","xigua","fun","风行"],"header":{"User-Agent":"Mozilla/5.0"}}},
{"name":"ggtv","url":"https://play.fuqizhishi.com/jx/API.php?appkey=xiaobai888&url=","type":1,"ext":{"flag":["qiyi","imgo","爱奇艺","奇艺","qq","腾讯","youku","优酷","pptv","PPTV","letv","乐视","leshi","bilibili","哔哩哔哩","哔哩","mgtv","芒果","sohu","xigua","fun","风行"],"header":{"User-Agent":"Mozilla/5.0"}}},
{"name":"ok解析","url":"https://okjx.cc/?url=","type":0,"ext":{"flag":["qiyi","imgo","爱奇艺","奇艺","qq","腾讯","youku","优酷","pptv","PPTV","letv","乐视","leshi","bilibili","哔哩哔哩","哔哩","mgtv","芒果","sohu","xigua","fun","风行"],"header":{"User-Agent":"Mozilla/5.0"}}},
{"name":"m3u8tv","url":"https://jx.m3u8.tv/jiexi/?url=","type":0,"ext":{"flag":["qiyi","imgo","爱奇艺","奇艺","qq","腾讯","youku","优酷","pptv","PPTV","letv","乐视","leshi","bilibili","哔哩哔哩","哔哩","mgtv","芒果","sohu","xigua","fun","风行"],"header":{"User-Agent":"Mozilla/5.0"}}},
{"name":"Fosi","url":"https://play.fositv.com/?url=","type":0,"ext":{"flag":["qiyi","imgo","爱奇艺","奇艺","qq","腾讯","youku","优酷","pptv","PPTV","letv","乐视","leshi","bilibili","哔哩哔哩","哔哩","mgtv","芒果","sohu","xigua","fun","风行"],"header":{"User-Agent":"Mozilla/5.0"}}},
{"name":"诺讯","url":"https://www.nxflv.com/?url=","type":0,"ext":{"flag":["qiyi","imgo","爱奇艺","奇艺","qq","腾讯","youku","优酷","pptv","PPTV","letv","乐视","leshi","bilibili","哔哩哔哩","哔哩","mgtv","芒果","sohu","xigua","fun","风行"],"header":{"User-Agent":"Mozilla/5.0"}}},
{"name":"傻聊","url":"https://svip.spchat.top/api/?key=O9HGeIVUqU3REsnmQP&url=","type":1,"ext":{"flag":["qiyi","imgo","爱奇艺","奇艺","qq","腾讯","youku","优酷","pptv","PPTV","letv","乐视","leshi","bilibili","哔哩哔哩","哔哩","mgtv","芒果","sohu","xigua","fun","风行"],"header":{"User-Agent":"Mozilla/5.0"}}},
{"name":"208","url":"https://v.2080kk.com/home/api?type=ys&uid=1308653&key=behnpstwxBCHJMQ029&url=","type":1,"ext":{"flag":["qiyi","imgo","爱奇艺","奇艺","qq","腾讯","youku","优酷","pptv","PPTV","letv","乐视","leshi","bilibili","哔哩哔哩","哔哩","mgtv","芒果","sohu","xigua","fun","风行"],"header":{"User-Agent":"Mozilla/5.0"}}},
{"name":"8090","url":"https://www.8090.la/8090/?url=","type":0,"ext":{"flag":["qiyi","imgo","爱奇艺","奇艺","qq","腾讯","youku","优酷","pptv","PPTV","letv","乐视","leshi","bilibili","哔哩哔哩","哔哩","mgtv","芒果","sohu","xigua","fun","风行"],"header":{"User-Agent":"Mozilla/5.0"}}},
{"name":"365","url":"https://chaxun.Truechat365.com/?url=","type":0,"ext":{"flag":["qiyi","imgo","爱奇艺","奇艺","qq","腾讯","youku","优酷","pptv","PPTV","letv","乐视","leshi","bilibili","哔哩哔哩","哔哩","mgtv","芒果","sohu","xigua","fun","风行"],"header":{"User-Agent":"Mozilla/5.0"}}},
{"name":"爱酷","url":"https://jx.zhanlangbu.com/API.php?appkey=53df3aa2fdb66bcbc4d05730b6fbfc71&url=","type":1,"ext":{"flag":["qiyi","imgo","爱奇艺","奇艺","qq","腾讯","youku","优酷","pptv","PPTV","letv","乐视","leshi","bilibili","哔哩哔哩","哔哩","mgtv","芒果","sohu","xigua","fun","风行"],"header":{"User-Agent":"Mozilla/5.0"}}},
{"name":"萝莉","url":"http://chaloli.cn/home/api?type=ys&uid=1&key=dklsuzIKNPRVW14568&url=","type":1,"ext":{"flag":["qiyi","imgo","爱奇艺","奇艺","qq","腾讯","youku","优酷","pptv","PPTV","letv","乐视","leshi","bilibili","哔哩哔哩","哔哩","mgtv","芒果","sohu","xigua","fun","风行"],"header":{"User-Agent":"Mozilla/5.0"}}},
{"name":"无名1","url":"https://h5.freejson.xyz/player/?url=","type":0,"ext":{"flag":["qiyi","imgo","爱奇艺","奇艺","qq","腾讯","youku","优酷","pptv","PPTV","letv","乐视","leshi","bilibili","哔哩哔哩","哔哩","mgtv","芒果","sohu","xigua","fun","风行"],"header":{"User-Agent":"Mozilla/5.0"}}},
{"name":"无名2","url":"https://freejx.rx88.top:1234/?url=","type":0,"ext":{"flag":["qiyi","imgo","爱奇艺","奇艺","qq","腾讯","youku","优酷","pptv","PPTV","letv","乐视","leshi","bilibili","哔哩哔哩","哔哩","mgtv","芒果","sohu","xigua","fun","风行"],"header":{"User-Agent":"Mozilla/5.0"}}},
{"name":"无名3","url":"https://play.fositv.com/?url=","type":0,"ext":{"flag":["qiyi","imgo","爱奇艺","奇艺","qq","腾讯","youku","优酷","pptv","PPTV","letv","乐视","leshi","bilibili","哔哩哔哩","哔哩","mgtv","芒果","sohu","xigua","fun","风行"],"header":{"User-Agent":"Mozilla/5.0"}}},
{"name":"真聊","url":"https://chaxun.Truechat365.com/?url=","type":0,"ext":{"flag":["qiyi","imgo","爱奇艺","奇艺","qq","腾讯","youku","优酷","pptv","PPTV","letv","乐视","leshi","bilibili","哔哩哔哩","哔哩","mgtv","芒果","sohu","xigua","fun","风行"],"header":{"User-Agent":"Mozilla/5.0"}}},
{"name":"猪蹄","url":"https://jx.iztyy.com/svip/?url=","type":0,"ext":{"flag":["qiyi","imgo","爱奇艺","奇艺","qq","腾讯","youku","优酷","pptv","PPTV","letv","乐视","leshi","bilibili","哔哩哔哩","哔哩","mgtv","芒果","sohu","xigua","fun","风行"],"header":{"User-Agent":"Mozilla/5.0"}}},
{"name":"m2090","url":"https://m2090.com/?url=","type":0,"ext":{"flag":["qiyi","imgo","爱奇艺","奇艺","qq","腾讯","youku","优酷","pptv","PPTV","letv","乐视","leshi","bilibili","哔哩哔哩","哔哩","mgtv","芒果","sohu","xigua","fun","风行"],"header":{"User-Agent":"Mozilla/5.0"}}},
{"name":"BT5V","url":"https://rx.bt5v.com/json/jsonindex.php/?url=","type":1,"ext":{"flag":["qiyi","imgo","爱奇艺","奇艺","qq","腾讯","youku","优酷","pptv","PPTV","letv","乐视","leshi","bilibili","哔哩哔哩","哔哩","mgtv","芒果","sohu","xigua","fun","风行"],"header":{"User-Agent":"Mozilla/5.0"}}},
{"name":"虾米","url":"https://dm.xmflv.com:4433/?url=","type":0,"ext":{"flag":["qiyi","imgo","爱奇艺","奇艺","qq","腾讯","youku","优酷","pptv","PPTV","letv","乐视","leshi","bilibili","哔哩哔哩","哔哩","mgtv","芒果","sohu","xigua","fun","风行"],"header":{"User-Agent":"Mozilla/5.0"}}}],

"lives": [
{"group": "redirect","channels": [{"name": "redirect","urls": [
"proxy://do=live&type=txt&ext=aHR0cDovLzl4aTRvLnRrL3N1Yi9kaXktd3V3dS5tM3U4"
]}]}],
"spider":"https://cn.kstore.space/download/3313/mao/ca.jar",
"flags":["youku","qq","iqiyi","qiyi","letv","sohu","tudou","pptv","mgtv","wasu","bilibili","renrenmi"],
"ijk":[
{"group":"软解码","options":[
{"category":4,"name":"opensles","value":"0"},
{"category":4,"name":"overlay-format","value":"842225234"},
{"category":4,"name":"framedrop","value":"1"},
{"category":4,"name":"soundtouch","value":"1"},
{"category":4,"name":"start-on-prepared","value":"1"},
{"category":1,"name":"http-detect-range-support","value":"0"},
{"category":1,"name":"fflags","value":"fastseek"},
{"category":2,"name":"skip_loop_filter","value":"48"},
{"category":4,"name":"reconnect","value":"1"},
{"category":4,"name":"enable-accurate-seek","value":"0"},
{"category":4,"name":"mediacodec","value":"0"},
{"category":4,"name":"mediacodec-auto-rotate","value":"0"},
{"category":4,"name":"mediacodec-handle-resolution-change","value":"0"},
{"category":4,"name":"mediacodec-hevc","value":"0"},
{"category":1,"name":"dns_cache_timeout","value":"600000000"}]},
{"group":"硬解码","options":[
{"category":4,"name":"opensles","value":"0"},
{"category":4,"name":"overlay-format","value":"842225234"},
{"category":4,"name":"framedrop","value":"1"},
{"category":4,"name":"soundtouch","value":"1"},
{"category":4,"name":"start-on-prepared","value":"1"},
{"category":1,"name":"http-detect-range-support","value":"0"},
{"category":1,"name":"fflags","value":"fastseek"},
{"category":2,"name":"skip_loop_filter","value":"48"},
{"category":4,"name":"reconnect","value":"1"},
{"category":4,"name":"enable-accurate-seek","value":"0"},
{"category":4,"name":"mediacodec","value":"1"},
{"category":4,"name":"mediacodec-auto-rotate","value":"1"},
{"category":4,"name":"mediacodec-handle-resolution-change","value":"1"},
{"category":4,"name":"mediacodec-hevc","value":"1"},
{"category":1,"name":"dns_cache_timeout","value":"600000000"}]}],
"ads":["mimg.0c1q0l.cn","www.googletagmanager.com","www.google-analytics.com","mc.usihnbcq.cn",
"mg.g1mm3d.cn","mscs.svaeuzh.cn","cnzz.hhttm.top","tp.vinuxhome.com","cnzz.mmstat.com",
"www.baihuillq.com","s23.cnzz.com","z3.cnzz.com","c.cnzz.com","stj.v1vo.top","z12.cnzz.com",
"img.mosflower.cn","tips.gamevvip.com","ehwe.yhdtns.com","xdn.cqqc3.com","www.jixunkyy.cn",
"sp.chemacid.cn","hm.baidu.com","s9.cnzz.com","z6.cnzz.com","um.cavuc.com","mav.mavuz.com",
"wofwk.aoidf3.com","z5.cnzz.com","xc.hubeijieshikj.cn","tj.tianwenhu.com","xg.gars57.cn","k.jinxiuzhilv.com",
"cdn.bootcss.com","ppl.xunzhuo123.com","xomk.jiangjunmh.top","img.xunzhuo123.com",
"z1.cnzz.com","s13.cnzz.com","xg.huataisangao.cn","z7.cnzz.com","xg.huataisangao.cn",
"z2.cnzz.com","s96.cnzz.com","q11.cnzz.com","thy.dacedsfa.cn","xg.whsbpw.cn","s19.cnzz.com",
"z8.cnzz.com","s4.cnzz.com","f5w.as12df.top","ae01.alicdn.com","www.92424.cn",
"k.wudejia.com","vivovip.mmszxc.top","qiu.xixiqiu.com","cdnjs.hnfenxun.com","cms.qdwght.com"]
}

