{"spider":"https://jihulab.com/yw88075/tvbox/-/raw/main/dr/f.jar",
 "sites":[
{"key":"好趣网","name":"电视 | 好趣网[js]","type":3,"api":"https://jihulab.com/yw88075/tvbox/-/raw/main/dr/lib/drpy2.min.js","ext":"https://jihulab.com/yw88075/tvbox/-/raw/main/dr/js/好趣网.js"},
{"key":"drpy_js_豆瓣","name":"搜索 | 豆瓣[js]","type":3,"api":"https://jihulab.com/yw88075/tvbox/-/raw/main/dr/lib/drpy2.min.js","ext":"https://jihulab.com/yw88075/tvbox/-/raw/main/dr/js/drpy.js"},
{"key":"本地","name":"本地","type":3,"api":"csp_Local","searchable":0,"changeable":0},
{"key":"獨播","name":"独播","type":3,"api":"csp_XPathMacFilter","searchable":1,"changeable":1,"ext":"https://jihulab.com/yw88075/tvbox/-/raw/main/dr/js/duboku.json"},
{"key":"量子","name":"量子","type":0,"api":"https://cj.lziapi.com/api.php/provide/vod/at/xml/","searchable":1,"changeable":1,"categories":["国产动漫","日韩动漫","国产剧","韩国剧","日本剧","电影片","连续剧","综艺片","动漫片","动作片","喜剧片","爱情片","科幻片","恐怖片","剧情片","战争片","台湾剧","香港剧","欧美剧","记录片","海外剧","泰国剧","大陆综艺","港台综艺","日韩综艺","欧美综艺","欧美动漫","港台动漫","海外动漫","体育","足球","篮球","网球","斯诺克"]},
{"key":"非凡","name":"非凡","type":0,"api":"http://cj.ffzyapi.com/api.php/provide/vod/at/xml/","searchable":1,"changeable":1,"categories":["国产动漫","日韩动漫","国产剧","韩国剧","日本剧","电影片","连续剧","综艺片","动漫片","动作片","喜剧片","爱情片","科幻片","恐怖片","剧情片","战争片","香港剧","欧美剧","记录片","台湾剧","海外剧","泰国剧","大陆综艺","港台综艺","日韩综艺","欧美综艺","欧美动漫","港台动漫","海外动漫"]},
{"key":"櫻花","name":"樱花","type":3,"api":"csp_Ying","searchable":1,"changeable":1},
{"key":"巴士","name":"巴士","type":3,"api":"csp_Dm84","searchable":1,"changeable":1},
{"key":"drpy_js_我的哔哩","name":"我的哔哩[js]","type":3,"api":"https://jihulab.com/yw88075/tvbox/-/raw/main/dr/lib/drpy2.min.js","ext":"https://jihulab.com/yw88075/tvbox/-/raw/main/dr/js/我的哔哩.js"},
{"key":"AList","name":"网盘 | Alist[jar]","type":3,"api":"csp_AList","ext":"https://jihulab.com/yw88075/tvbox/-/raw/main/dr/js/alistjar.json"},
{"key":"drpy_js_Alist","name":"网盘 | Alist[js]","type":3,"api":"https://jihulab.com/yw88075/tvbox/-/raw/main/dr/lib/alist.min.js","ext":"https://jihulab.com/yw88075/tvbox/-/raw/main/dr/js/alist.json"},
{"key":"drpy_js_360影视","name":"官源 | 360[js]","type":3,"api":"https://jihulab.com/yw88075/tvbox/-/raw/main/dr/lib/drpy2.min.js","ext":"https://jihulab.com/yw88075/tvbox/-/raw/main/dr/js/360影视.js"},
{"key":"drpy_js_奇珍异兽","name":"官源 | 爱奇艺[js]","type":3,"api":"https://jihulab.com/yw88075/tvbox/-/raw/main/dr/lib/drpy2.min.js","ext":"https://jihulab.com/yw88075/tvbox/-/raw/main/dr/js/奇珍异兽.js"},
{"key":"drpy_js_优酷","name":"官源 | 优酷[js]","type":3,"api":"https://jihulab.com/yw88075/tvbox/-/raw/main/dr/lib/drpy2.min.js","ext":"https://jihulab.com/yw88075/tvbox/-/raw/main/dr/js/优酷.js"},
{"key":"drpy_js_腾云驾雾","name":"官源 | 腾讯[js]","type":3,"api":"https://jihulab.com/yw88075/tvbox/-/raw/main/dr/lib/drpy2.min.js","ext":"https://jihulab.com/yw88075/tvbox/-/raw/main/dr/js/腾云驾雾.js"},
{"key":"drpy_js_百忙无果","name":"官源 | 芒果[js]","type":3,"api":"https://jihulab.com/yw88075/tvbox/-/raw/main/dr/lib/drpy2.min.js","ext":"https://jihulab.com/yw88075/tvbox/-/raw/main/dr/js/百忙无果.js"},
{"key":"drpy_js_菜狗","name":"官源 | 搜狗[js]","type":3,"api":"https://jihulab.com/yw88075/tvbox/-/raw/main/dr/lib/drpy2.min.js","ext":"https://jihulab.com/yw88075/tvbox/-/raw/main/dr/js/菜狗.js"},
{"key":"drpy_js_人人","name":"影视 | 人人[js]","type":3,"api":"https://jihulab.com/yw88075/tvbox/-/raw/main/dr/lib/drpy2.min.js","ext":"https://jihulab.com/yw88075/tvbox/-/raw/main/dr/js/人人.js"},
{"key":"drpy_js_低端","name":"影视 | 低端[js]","type":3,"api":"https://jihulab.com/yw88075/tvbox/-/raw/main/dr/lib/drpy2.min.js","ext":"https://jihulab.com/yw88075/tvbox/-/raw/main/dr/js/ddys.js"},
{"key":"drpy_js_农民","name":"影视 | 农民[js]","type":3,"api":"https://jihulab.com/yw88075/tvbox/-/raw/main/dr/lib/drpy2.min.js","ext":"https://jihulab.com/yw88075/tvbox/-/raw/main/dr/js/农民影视.js"},
{"key":"drpy_js_大豆","name":"影视 | 大豆[js]","type":3,"api":"https://jihulab.com/yw88075/tvbox/-/raw/main/dr/lib/drpy2.min.js","ext":"https://jihulab.com/yw88075/tvbox/-/raw/main/dr/js/大豆.js"},
{"key":"drpy_js_九酷","name":"影视 | 九酷[js]","type":3,"api":"https://jihulab.com/yw88075/tvbox/-/raw/main/dr/lib/drpy2.min.js","ext":"https://jihulab.com/yw88075/tvbox/-/raw/main/dr/js/九酷.js"},
{"key":"drpy_js_l0l","name":"影视 | l0l[js]","type":3,"api":"https://jihulab.com/yw88075/tvbox/-/raw/main/dr/lib/drpy2.min.js","ext":"https://jihulab.com/yw88075/tvbox/-/raw/main/dr/js/l0l.js"},
{"key":"drpy_js_多米[V2]","name":"影视 | 多米[V2][js]","type":3,"api":"https://jihulab.com/yw88075/tvbox/-/raw/main/dr/lib/drpy2.min.js","ext":"https://jihulab.com/yw88075/tvbox/-/raw/main/dr/js/多米[V2].js"},
{"key":"drpy_js_如意[V2]","name":"影视 | 如意[V2][js]","type":3,"api":"https://jihulab.com/yw88075/tvbox/-/raw/main/dr/lib/drpy2.min.js","ext":"https://jihulab.com/yw88075/tvbox/-/raw/main/dr/js/如意[V2].js"},
{"key":"drpy_js_爱迪[V2]","name":"影视 | 爱迪[V2][js]","type":3,"api":"https://jihulab.com/yw88075/tvbox/-/raw/main/dr/lib/drpy2.min.js","ext":"https://jihulab.com/yw88075/tvbox/-/raw/main/dr/js/爱迪[V2].js"},
{"key":"drpy_js_飞云[V2]","name":"影视 | 飞云[V2][js]","type":3,"api":"https://jihulab.com/yw88075/tvbox/-/raw/main/dr/lib/drpy2.min.js","ext":"https://jihulab.com/yw88075/tvbox/-/raw/main/dr/js/飞云[V2].js"},
{"key":"drpy_js_鸭鸭[V2]","name":"影视 | 鸭鸭[V2][js]","type":3,"api":"https://jihulab.com/yw88075/tvbox/-/raw/main/dr/lib/drpy2.min.js","ext":"https://jihulab.com/yw88075/tvbox/-/raw/main/dr/js/鸭鸭[V2].js"},
{"key":"drpy_js_酷影[V2]","name":"影视 | 酷影[V2][js]","type":3,"api":"https://jihulab.com/yw88075/tvbox/-/raw/main/dr/lib/drpy2.min.js","ext":"https://jihulab.com/yw88075/tvbox/-/raw/main/dr/js/酷影[V2].js"},
{"key":"drpy_js_啊班[V2]","name":"影视 | 啊班[V2][js]","type":3,"api":"https://jihulab.com/yw88075/tvbox/-/raw/main/dr/lib/drpy2.min.js","ext":"https://jihulab.com/yw88075/tvbox/-/raw/main/dr/js/啊班[V2].js"},
{"key":"drpy_js_咕噜[V2]","name":"影视 | 咕噜[V2][js]","type":3,"api":"https://jihulab.com/yw88075/tvbox/-/raw/main/dr/lib/drpy2.min.js","ext":"https://jihulab.com/yw88075/tvbox/-/raw/main/dr/js/咕噜[V2].js"},
{"key":"drpy_js_迷你库[V2]","name":"影视 | 迷你库[V2][js]","type":3,"api":"https://jihulab.com/yw88075/tvbox/-/raw/main/dr/lib/drpy2.min.js","ext":"https://jihulab.com/yw88075/tvbox/-/raw/main/dr/js/迷你库[V2].js"},
{"key":"drpy_js_HG影院[V2]","name":"影视 | HG影院[V2][js]","type":3,"api":"https://jihulab.com/yw88075/tvbox/-/raw/main/dr/lib/drpy2.min.js","ext":"https://jihulab.com/yw88075/tvbox/-/raw/main/dr/js/HG影院[V2].js"},
{"key":"drpy_js_网飞.TV","name":"影视 | 网飞.TV[js]","type":3,"api":"https://jihulab.com/yw88075/tvbox/-/raw/main/dr/lib/drpy2.min.js","ext":"https://jihulab.com/yw88075/tvbox/-/raw/main/dr/js/网飞.TV.js"},
{"key":"drpy_js_乐猪TV","name":"影视 | 乐猪TV[js]","type":3,"api":"https://jihulab.com/yw88075/tvbox/-/raw/main/dr/lib/drpy2.min.js","ext":"https://jihulab.com/yw88075/tvbox/-/raw/main/dr/js/乐猪TV.js"},
{"key":"drpy_js_六度TV","name":"影视 | 六度TV[js]","type":3,"api":"https://jihulab.com/yw88075/tvbox/-/raw/main/dr/lib/drpy2.min.js","ext":"https://jihulab.com/yw88075/tvbox/-/raw/main/dr/js/六度TV.js"},
{"key":"drpy_js_花猫TV","name":"影视 | 花猫TV[js]","type":3,"api":"https://jihulab.com/yw88075/tvbox/-/raw/main/dr/lib/drpy2.min.js","ext":"https://jihulab.com/yw88075/tvbox/-/raw/main/dr/js/花猫TV.js"},
{"key":"drpy_js_TV云播","name":"影视 | TV云播[js]","type":3,"api":"https://jihulab.com/yw88075/tvbox/-/raw/main/dr/lib/drpy2.min.js","ext":"https://jihulab.com/yw88075/tvbox/-/raw/main/dr/js/TV云播.js"},
{"key":"drpy_js_真不卡","name":"影视 | 真不卡[js]","type":3,"api":"https://jihulab.com/yw88075/tvbox/-/raw/main/dr/lib/drpy2.min.js","ext":"https://jihulab.com/yw88075/tvbox/-/raw/main/dr/js/真不卡.js"},
{"key":"drpy_js_新片场","name":"影视 | 新片场[js]","type":3,"api":"https://jihulab.com/yw88075/tvbox/-/raw/main/dr/lib/drpy2.min.js","ext":"https://jihulab.com/yw88075/tvbox/-/raw/main/dr/js/新片场.js"},
{"key":"drpy_js_皮皮鸭","name":"影视 | 皮皮鸭[js]","type":3,"api":"https://jihulab.com/yw88075/tvbox/-/raw/main/dr/lib/drpy2.min.js","ext":"https://jihulab.com/yw88075/tvbox/-/raw/main/dr/js/皮皮鸭.js"},
{"key":"drpy_js_慢大浪","name":"影视 | 慢大浪[js]","type":3,"api":"https://jihulab.com/yw88075/tvbox/-/raw/main/dr/lib/drpy2.min.js","ext":"https://jihulab.com/yw88075/tvbox/-/raw/main/dr/js/慢大浪.js"},
{"key":"drpy_js_看看屋","name":"影视 | 看看屋[js]","type":3,"api":"https://jihulab.com/yw88075/tvbox/-/raw/main/dr/lib/drpy2.min.js","ext":"https://jihulab.com/yw88075/tvbox/-/raw/main/dr/js/看看屋.js"},
{"key":"drpy_js_哔哩兔","name":"影视 | 哔哩兔[js]","type":3,"api":"https://jihulab.com/yw88075/tvbox/-/raw/main/dr/lib/drpy2.min.js","ext":"https://jihulab.com/yw88075/tvbox/-/raw/main/dr/js/哔哩兔.js"},
{"key":"drpy_js_追剧兔","name":"影视 | 追剧兔[js]","type":3,"api":"https://jihulab.com/yw88075/tvbox/-/raw/main/dr/lib/drpy2.min.js","ext":"https://jihulab.com/yw88075/tvbox/-/raw/main/dr/js/追剧兔.js"},
{"key":"drpy_js_影渣渣","name":"影视 | 影渣渣[js]","type":3,"api":"https://jihulab.com/yw88075/tvbox/-/raw/main/dr/lib/drpy2.min.js","ext":"https://jihulab.com/yw88075/tvbox/-/raw/main/dr/js/影渣渣.js"},
{"key":"drpy_js_柒之社","name":"影视 | 柒之社[js]","type":3,"api":"https://jihulab.com/yw88075/tvbox/-/raw/main/dr/lib/drpy2.min.js","ext":"https://jihulab.com/yw88075/tvbox/-/raw/main/dr/js/柒之社.js"},
{"key":"drpy_js_免费看","name":"影视 | 免费看[js]","type":3,"api":"https://jihulab.com/yw88075/tvbox/-/raw/main/dr/lib/drpy2.min.js","ext":"https://jihulab.com/yw88075/tvbox/-/raw/main/dr/js/免费看.js"},
{"key":"drpy_js_小猫咪","name":"影视 | 小猫咪[js]","type":3,"api":"https://jihulab.com/yw88075/tvbox/-/raw/main/dr/lib/drpy2.min.js","ext":"https://jihulab.com/yw88075/tvbox/-/raw/main/dr/js/小猫咪.js"},
{"key":"drpy_js_看韩剧","name":"影视 | 看韩剧[js]","type":3,"api":"https://jihulab.com/yw88075/tvbox/-/raw/main/dr/lib/drpy2.min.js","ext":"https://jihulab.com/yw88075/tvbox/-/raw/main/dr/js/看韩剧.js"},
{"key":"drpy_js_追剧迷","name":"影视 | 追剧迷[js]","type":3,"api":"https://jihulab.com/yw88075/tvbox/-/raw/main/dr/lib/drpy2.min.js","ext":"https://jihulab.com/yw88075/tvbox/-/raw/main/dr/js/追剧迷.js"},
{"key":"drpy_js_美视网","name":"影视 | 美视网[js]","type":3,"api":"https://jihulab.com/yw88075/tvbox/-/raw/main/dr/lib/drpy2.min.js","ext":"https://jihulab.com/yw88075/tvbox/-/raw/main/dr/js/美视网.js"},
{"key":"drpy_js_91free","name":"影视 | 91free[js]","type":3,"api":"https://jihulab.com/yw88075/tvbox/-/raw/main/dr/lib/drpy2.min.js","ext":"https://jihulab.com/yw88075/tvbox/-/raw/main/dr/js/91free.js"},
{"key":"drpy_js_LIBVIO","name":"影视 | LIBVIO[js]","type":3,"api":"https://jihulab.com/yw88075/tvbox/-/raw/main/dr/lib/drpy2.min.js","ext":"https://jihulab.com/yw88075/tvbox/-/raw/main/dr/js/LIBVIO.js"},
{"key":"drpy_js_HDmoli","name":"影视 | HDmoli[js]","type":3,"api":"https://jihulab.com/yw88075/tvbox/-/raw/main/dr/lib/drpy2.min.js","ext":"https://jihulab.com/yw88075/tvbox/-/raw/main/dr/js/HDmoli.js"},
{"key":"drpy_js_Voflix","name":"影视 | Voflix[js]","type":3,"api":"https://jihulab.com/yw88075/tvbox/-/raw/main/dr/lib/drpy2.min.js","ext":"https://jihulab.com/yw88075/tvbox/-/raw/main/dr/js/Voflix.js"},
{"key":"drpy_js_YOKE影视","name":"影视 | YOKE影视[js]","type":3,"api":"https://jihulab.com/yw88075/tvbox/-/raw/main/dr/lib/drpy2.min.js","ext":"https://jihulab.com/yw88075/tvbox/-/raw/main/dr/js/YOKE影视.js"},
{"key":"drpy_js_UM电影","name":"影视 | UM电影[js]","type":3,"api":"https://jihulab.com/yw88075/tvbox/-/raw/main/dr/lib/drpy2.min.js","ext":"https://jihulab.com/yw88075/tvbox/-/raw/main/dr/js/UM电影.js"},
{"key":"drpy_js_两个BT","name":"影视 | 两个BT[js]","type":3,"api":"https://jihulab.com/yw88075/tvbox/-/raw/main/dr/lib/drpy2.min.js","ext":"https://jihulab.com/yw88075/tvbox/-/raw/main/dr/js/两个BT.js"},
{"key":"drpy_js_西瓜影院","name":"影视 | 西瓜影院[js]","type":3,"api":"https://jihulab.com/yw88075/tvbox/-/raw/main/dr/lib/drpy2.min.js","ext":"https://jihulab.com/yw88075/tvbox/-/raw/main/dr/js/西瓜影院.js"},
{"key":"drpy_js_奈飞中文","name":"影视 | 奈飞中文[js]","type":3,"api":"https://jihulab.com/yw88075/tvbox/-/raw/main/dr/lib/drpy2.min.js","ext":"https://jihulab.com/yw88075/tvbox/-/raw/main/dr/js/奈飞中文.js"},
{"key":"drpy_js_热播之家","name":"影视 | 热播之家[js]","type":3,"api":"https://jihulab.com/yw88075/tvbox/-/raw/main/dr/lib/drpy2.min.js","ext":"https://jihulab.com/yw88075/tvbox/-/raw/main/dr/js/热播之家.js"},
{"key":"drpy_js_云镜影视","name":"影视 | 云镜影视[js]","type":3,"api":"https://jihulab.com/yw88075/tvbox/-/raw/main/dr/lib/drpy2.min.js","ext":"https://jihulab.com/yw88075/tvbox/-/raw/main/dr/js/云镜影视.js"},
{"key":"drpy_js_纽约影院","name":"影视 | 纽约影院[js]","type":3,"api":"https://jihulab.com/yw88075/tvbox/-/raw/main/dr/lib/drpy2.min.js","ext":"https://jihulab.com/yw88075/tvbox/-/raw/main/dr/js/纽约影院.js"},
{"key":"drpy_js_开眼视频","name":"影视 | 开眼视频[js]","type":3,"api":"https://jihulab.com/yw88075/tvbox/-/raw/main/dr/lib/drpy2.min.js","ext":"https://jihulab.com/yw88075/tvbox/-/raw/main/dr/js/开眼视频.js"},
{"key":"drpy_js_豆巴影视","name":"影视 | 豆巴影视[js]","type":3,"api":"https://jihulab.com/yw88075/tvbox/-/raw/main/dr/lib/drpy2.min.js","ext":"https://jihulab.com/yw88075/tvbox/-/raw/main/dr/js/豆巴影视.js"},
{"key":"drpy_js_米爱影视","name":"影视 | 米爱影视[js]","type":3,"api":"https://jihulab.com/yw88075/tvbox/-/raw/main/dr/lib/drpy2.min.js","ext":"https://jihulab.com/yw88075/tvbox/-/raw/main/dr/js/米爱影视.js"},
{"key":"drpy_js_星空影视","name":"影视 | 星空影视[js]","type":3,"api":"https://jihulab.com/yw88075/tvbox/-/raw/main/dr/lib/drpy2.min.js","ext":"https://jihulab.com/yw88075/tvbox/-/raw/main/dr/js/星空影视.js"},
{"key":"drpy_js_秋霞影视","name":"影视 | 秋霞影视[js]","type":3,"api":"https://jihulab.com/yw88075/tvbox/-/raw/main/dr/lib/drpy2.min.js","ext":"https://jihulab.com/yw88075/tvbox/-/raw/main/dr/js/秋霞影视.js"},
{"key":"drpy_js_无名小站","name":"影视 | 无名小站[js]","type":3,"api":"https://jihulab.com/yw88075/tvbox/-/raw/main/dr/lib/drpy2.min.js","ext":"https://jihulab.com/yw88075/tvbox/-/raw/main/dr/js/无名小站.js"},
{"key":"drpy_js_小狗影院","name":"影视 | 小狗影院[js]","type":3,"api":"https://jihulab.com/yw88075/tvbox/-/raw/main/dr/lib/drpy2.min.js","ext":"https://jihulab.com/yw88075/tvbox/-/raw/main/dr/js/小狗影院.js"},
{"key":"drpy_js_酷客影院","name":"影视 | 酷客影院[js]","type":3,"api":"https://jihulab.com/yw88075/tvbox/-/raw/main/dr/lib/drpy2.min.js","ext":"https://jihulab.com/yw88075/tvbox/-/raw/main/dr/js/酷客影院.js"},
{"key":"drpy_js_奇优影院","name":"影视 | 奇优影院[js]","type":3,"api":"https://jihulab.com/yw88075/tvbox/-/raw/main/dr/lib/drpy2.min.js","ext":"https://jihulab.com/yw88075/tvbox/-/raw/main/dr/js/奇优影院.js"},
{"key":"drpy_js_厂长资源","name":"影视 | 厂长资源[js]","type":3,"api":"https://jihulab.com/yw88075/tvbox/-/raw/main/dr/lib/drpy2.min.js","ext":"https://jihulab.com/yw88075/tvbox/-/raw/main/dr/js/厂长资源.js"},
{"key":"drpy_js_在线之家","name":"影视 | 在线之家[js]","type":3,"api":"https://jihulab.com/yw88075/tvbox/-/raw/main/dr/lib/drpy2.min.js","ext":"https://jihulab.com/yw88075/tvbox/-/raw/main/dr/js/在线之家.js"},
{"key":"drpy_js_饭团电影","name":"影视 | 饭团电影[js]","type":3,"api":"https://jihulab.com/yw88075/tvbox/-/raw/main/dr/lib/drpy2.min.js","ext":"https://jihulab.com/yw88075/tvbox/-/raw/main/dr/js/饭团影视.js"},
{"key":"drpy_js_酷云七七","name":"影视 | 酷云七七[js]","type":3,"api":"https://jihulab.com/yw88075/tvbox/-/raw/main/dr/lib/drpy2.min.js","ext":"https://jihulab.com/yw88075/tvbox/-/raw/main/dr/js/酷云77.js"},
{"key":"drpy_js_骚火电影","name":"影视 | 骚火电影[js]","type":3,"api":"https://jihulab.com/yw88075/tvbox/-/raw/main/dr/lib/drpy2.min.js","ext":"https://jihulab.com/yw88075/tvbox/-/raw/main/dr/js/骚火电影.js"},
{"key":"drpy_js_闪影影院","name":"影视 | 闪影影院[js]","type":3,"api":"https://jihulab.com/yw88075/tvbox/-/raw/main/dr/lib/drpy2.min.js","ext":"https://jihulab.com/yw88075/tvbox/-/raw/main/dr/js/闪影影院.js"},
{"key":"drpy_js_电影先生","name":"影视 | 电影先生[js]","type":3,"api":"https://jihulab.com/yw88075/tvbox/-/raw/main/dr/lib/drpy2.min.js","ext":"https://jihulab.com/yw88075/tvbox/-/raw/main/dr/js/电影先生.js"},
{"key":"drpy_js_冷曦影视","name":"影视 | 冷曦影视[js]","type":3,"api":"https://jihulab.com/yw88075/tvbox/-/raw/main/dr/lib/drpy2.min.js","ext":"https://jihulab.com/yw88075/tvbox/-/raw/main/dr/js/冷曦影视.js"},
{"key":"drpy_js_秋霞影院","name":"影视 | 秋霞影院[js]","type":3,"api":"https://jihulab.com/yw88075/tvbox/-/raw/main/dr/lib/drpy2.min.js","ext":"https://jihulab.com/yw88075/tvbox/-/raw/main/dr/js/秋霞.js"},
{"key":"drpy_js_凌云影视","name":"影视 | 凌云影视[js]","type":3,"api":"https://jihulab.com/yw88075/tvbox/-/raw/main/dr/lib/drpy2.min.js","ext":"https://jihulab.com/yw88075/tvbox/-/raw/main/dr/js/凌云影视.js"},
{"key":"drpy_js_兄弟影视","name":"影视 | 兄弟影视[js]","type":3,"api":"https://jihulab.com/yw88075/tvbox/-/raw/main/dr/lib/drpy2.min.js","ext":"https://jihulab.com/yw88075/tvbox/-/raw/main/dr/js/兄弟影视.js"},
{"key":"drpy_js_零度影视","name":"影视 | 零度影视[js]","type":3,"api":"https://jihulab.com/yw88075/tvbox/-/raw/main/dr/lib/drpy2.min.js","ext":"https://jihulab.com/yw88075/tvbox/-/raw/main/dr/js/零度影视.js"},
{"key":"drpy_js_映迷影院","name":"影视 | 映迷影院[js]","type":3,"api":"https://jihulab.com/yw88075/tvbox/-/raw/main/dr/lib/drpy2.min.js","ext":"https://jihulab.com/yw88075/tvbox/-/raw/main/dr/js/映迷影院.js"},
{"key":"drpy_js_扛把子影院","name":"影视 | 扛把子影院[js]","type":3,"api":"https://jihulab.com/yw88075/tvbox/-/raw/main/dr/lib/drpy2.min.js","ext":"https://jihulab.com/yw88075/tvbox/-/raw/main/dr/js/扛把子影院.js"},
{"key":"drpy_js_新视觉影视","name":"影视 | 新视觉影视[js]","type":3,"api":"https://jihulab.com/yw88075/tvbox/-/raw/main/dr/lib/drpy2.min.js","ext":"https://jihulab.com/yw88075/tvbox/-/raw/main/dr/js/新视觉影视.js"},
{"key":"drpy_js_B站影视","name":"影视 | B站影视[js]","type":3,"api":"https://jihulab.com/yw88075/tvbox/-/raw/main/dr/lib/drpy2.min.js","ext":"https://jihulab.com/yw88075/tvbox/-/raw/main/dr/js/B站影视.js"},
{"key":"drpy_js_哔哩影视","name":"影视 | 哔哩影视[js]","type":3,"api":"https://jihulab.com/yw88075/tvbox/-/raw/main/dr/lib/drpy2.min.js","ext":"https://jihulab.com/yw88075/tvbox/-/raw/main/dr/js/哔哩影视.js"},
{"key":"drpy_js_JangoIndex","name":"音频 | JangoIndex[js]","type":3,"api":"https://jihulab.com/yw88075/tvbox/-/raw/main/dr/lib/drpy2.min.js","ext":"https://jihulab.com/yw88075/tvbox/-/raw/main/dr/js/JangoIndex.js","playerType":"2"},
{"key":"drpy_js_DJ音乐","name":"音频 | DJ音乐[js]","type":3,"api":"https://jihulab.com/yw88075/tvbox/-/raw/main/dr/lib/drpy2.min.js","ext":"https://jihulab.com/yw88075/tvbox/-/raw/main/dr/js/DJ音乐.js","playerType":"2"},
{"key":"drpy_js_啦啦DJ","name":"音频 | 啦啦DJ[js]","type":3,"api":"https://jihulab.com/yw88075/tvbox/-/raw/main/dr/lib/drpy2.min.js","ext":"https://jihulab.com/yw88075/tvbox/-/raw/main/dr/js/啦啦DJ.js","playerType":"2"},
{"key":"drpy_js_清风DJ","name":"音频 | 清风DJ[js]","type":3,"api":"https://jihulab.com/yw88075/tvbox/-/raw/main/dr/lib/drpy2.min.js","ext":"https://jihulab.com/yw88075/tvbox/-/raw/main/dr/js/清风DJ.js","playerType":"2"},
{"key":"drpy_js_种子音乐","name":"音频 | 种子音乐[js]","type":3,"api":"https://jihulab.com/yw88075/tvbox/-/raw/main/dr/lib/drpy2.min.js","ext":"https://jihulab.com/yw88075/tvbox/-/raw/main/dr/js/种子音乐.js"},
{"key":"drpy_js_蜻蜓FM","name":"广播 | 蜻蜓FM[js]","type":3,"api":"https://jihulab.com/yw88075/tvbox/-/raw/main/dr/lib/drpy2.min.js","ext":"https://jihulab.com/yw88075/tvbox/-/raw/main/dr/js/蜻蜓FM.js","playerType":"2"},
{"key":"drpy_js_广播迷FM","name":"广播 | 广播迷FM[js]","type":3,"api":"https://jihulab.com/yw88075/tvbox/-/raw/main/dr/lib/drpy2.min.js","ext":"https://jihulab.com/yw88075/tvbox/-/raw/main/dr/js/广播迷FM.js","playerType":"2"},
{"key":"drpy_js_相声随身听","name":"相声 | 相声随身听[js]","type":3,"api":"https://jihulab.com/yw88075/tvbox/-/raw/main/dr/lib/drpy2.min.js","ext":"https://jihulab.com/yw88075/tvbox/-/raw/main/dr/js/相声随身听.js","playerType":"2"},
{"key":"drpy_js_i275听书","name":"听书 | i275听书[js]","type":3,"api":"https://jihulab.com/yw88075/tvbox/-/raw/main/dr/lib/drpy2.min.js","ext":"https://jihulab.com/yw88075/tvbox/-/raw/main/dr/js/i275听书.js","playerType":"2"},
{"key":"drpy_js_喜马拉雅","name":"听书 | 喜马拉雅[js]","type":3,"api":"https://jihulab.com/yw88075/tvbox/-/raw/main/dr/lib/drpy2.min.js","ext":"https://jihulab.com/yw88075/tvbox/-/raw/main/dr/js/喜马拉雅.js","playerType":"2"},
{"key":"drpy_js_六月听书","name":"听书 | 六月听书[js]","type":3,"api":"https://jihulab.com/yw88075/tvbox/-/raw/main/dr/lib/drpy2.min.js","ext":"https://jihulab.com/yw88075/tvbox/-/raw/main/dr/js/六月听书.js","playerType":"2"},
{"key":"drpy_js_博看听书","name":"听书 | 博看听书[js]","type":3,"api":"https://jihulab.com/yw88075/tvbox/-/raw/main/dr/lib/drpy2.min.js","ext":"https://jihulab.com/yw88075/tvbox/-/raw/main/dr/js/博看听书.js","playerType":"2"},
{"key":"drpy_js_海洋听书","name":"听书 | 海洋听书[js]","type":3,"api":"https://jihulab.com/yw88075/tvbox/-/raw/main/dr/lib/drpy2.min.js","ext":"https://jihulab.com/yw88075/tvbox/-/raw/main/dr/js/海洋听书.js","playerType":"2"},
{"key":"drpy_js_听书网","name":"听书 | 听书网[js]","type":3,"api":"https://jihulab.com/yw88075/tvbox/-/raw/main/dr/lib/drpy2.min.js","ext":"https://jihulab.com/yw88075/tvbox/-/raw/main/dr/js/听书网.js","playerType":"2"},
{"key":"drpy_js_有声小说","name":"听书 | 有声小说[js]","type":3,"api":"https://jihulab.com/yw88075/tvbox/-/raw/main/dr/lib/drpy2.min.js","ext":"https://jihulab.com/yw88075/tvbox/-/raw/main/dr/js/有声小说吧.js","playerType":"2"},
{"key":"drpy_js_中华听书网","name":"听书 | 中华听书网[js]","type":3,"api":"https://jihulab.com/yw88075/tvbox/-/raw/main/dr/lib/drpy2.min.js","ext":"https://jihulab.com/yw88075/tvbox/-/raw/main/dr/js/中华听书网.js","playerType":"2"},
{"key":"drpy_js_爱上你听书网","name":"听书 | 爱上你听书网[js]","type":3,"api":"https://jihulab.com/yw88075/tvbox/-/raw/main/dr/lib/drpy2.min.js","ext":"https://jihulab.com/yw88075/tvbox/-/raw/main/dr/js/爱上你听书网.js","playerType":"2"},
{"key":"drpy_js_短视频","name":"聚合 | 短视频[js]","type":3,"api":"https://jihulab.com/yw88075/tvbox/-/raw/main/dr/lib/drpy2.min.js","ext":"https://jihulab.com/yw88075/tvbox/-/raw/main/dr/js/短视频.js"},
{"key":"drpy_js_酷6网","name":"聚合 | 酷6网[js]","type":3,"api":"https://jihulab.com/yw88075/tvbox/-/raw/main/dr/lib/drpy2.min.js","ext":"https://jihulab.com/yw88075/tvbox/-/raw/main/dr/js/酷6网.js"},
{"key":"drpy_js_网易公版影像","name":"聚合 | 网易公版影像[js]","type":3,"api":"https://jihulab.com/yw88075/tvbox/-/raw/main/dr/lib/drpy2.min.js","ext":"https://jihulab.com/yw88075/tvbox/-/raw/main/dr/js/网易公版影像.js"},
{"key":"drpy_js_A8音乐","name":"MV | A8音乐[js]","type":3,"api":"https://jihulab.com/yw88075/tvbox/-/raw/main/dr/lib/drpy2.min.js","ext":"https://jihulab.com/yw88075/tvbox/-/raw/main/dr/js/A8音乐.js"},
{"key":"drpy_js_MV263","name":"MV | 263[js]","type":3,"api":"https://jihulab.com/yw88075/tvbox/-/raw/main/dr/lib/drpy2.min.js","ext":"https://jihulab.com/yw88075/tvbox/-/raw/main/dr/js/MV263.js"},
{"key":"drpy_js_苹果DJ","name":"MV | 苹果DJ[js]","type":3,"api":"https://jihulab.com/yw88075/tvbox/-/raw/main/dr/lib/drpy2.min.js","ext":"https://jihulab.com/yw88075/tvbox/-/raw/main/dr/js/苹果DJ.js"},
{"key":"drpy_js_酷狗MV","name":"MV | 酷狗[js]","type":3,"api":"https://jihulab.com/yw88075/tvbox/-/raw/main/dr/lib/drpy2.min.js","ext":"https://jihulab.com/yw88075/tvbox/-/raw/main/dr/js/酷狗MV.js"},
{"key":"drpy_js_酷奇MV","name":"MV | 酷奇[js]","type":3,"api":"https://jihulab.com/yw88075/tvbox/-/raw/main/dr/lib/drpy2.min.js","ext":"https://jihulab.com/yw88075/tvbox/-/raw/main/dr/js/酷奇MV.js"},
{"key":"drpy_js_音悦网","name":"MV | 音悦网[js]","type":3,"api":"https://jihulab.com/yw88075/tvbox/-/raw/main/dr/lib/drpy2.min.js","ext":"https://jihulab.com/yw88075/tvbox/-/raw/main/dr/js/音悦网.js"},
{"key":"drpy_js_哔哩直播","name":"直播 | 哔哩[js]","type":3,"api":"https://jihulab.com/yw88075/tvbox/-/raw/main/dr/lib/drpy2.min.js","ext":"https://jihulab.com/yw88075/tvbox/-/raw/main/dr/js/哔哩直播.js"},
{"key":"drpy_js_斗鱼直播","name":"直播 | 斗鱼[js]","type":3,"api":"https://jihulab.com/yw88075/tvbox/-/raw/main/dr/lib/drpy2.min.js","ext":"https://jihulab.com/yw88075/tvbox/-/raw/main/dr/js/斗鱼直播.js"},
{"key":"drpy_js_虎牙直播","name":"直播 | 虎牙[js]","type":3,"api":"https://jihulab.com/yw88075/tvbox/-/raw/main/dr/lib/drpy2.min.js","ext":"https://jihulab.com/yw88075/tvbox/-/raw/main/dr/js/虎牙直播.js"},
{"key":"drpy_js_JustLive","name":"直播 | JustLive[js]","type":3,"api":"https://jihulab.com/yw88075/tvbox/-/raw/main/dr/lib/drpy2.min.js","ext":"https://jihulab.com/yw88075/tvbox/-/raw/main/dr/js/JustLive.js"},
{"key":"drpy_js_JRKAN直播","name":"体育 | JRKAN直播[js]","type":3,"api":"https://jihulab.com/yw88075/tvbox/-/raw/main/dr/lib/drpy.min.js","ext":"https://jihulab.com/yw88075/tvbox/-/raw/main/dr/js/JRKAN直播.js"},
{"key":"drpy_js_88看球","name":"体育 | 88看球[js]","type":3,"api":"https://jihulab.com/yw88075/tvbox/-/raw/main/dr/lib/drpy2.min.js","ext":"https://jihulab.com/yw88075/tvbox/-/raw/main/dr/js/88看球.js"},
{"key":"drpy_js_310直播","name":"体育 | 310直播[js]","type":3,"api":"https://jihulab.com/yw88075/tvbox/-/raw/main/dr/lib/drpy2.min.js","ext":"https://jihulab.com/yw88075/tvbox/-/raw/main/dr/js/310直播.js"},
{"key":"drpy_js_童趣","name":"少儿 | 童趣[js]","type":3,"api":"https://jihulab.com/yw88075/tvbox/-/raw/main/dr/lib/drpy2.min.js","ext":"https://jihulab.com/yw88075/tvbox/-/raw/main/dr/js/童趣.js"},
{"key":"drpy_js_有声绘本网","name":"少儿 | 有声绘本网[js]","type":3,"api":"https://jihulab.com/yw88075/tvbox/-/raw/main/dr/lib/drpy2.min.js","ext":"https://jihulab.com/yw88075/tvbox/-/raw/main/dr/js/有声绘本网.js"},
{"key":"drpy_js_58动漫","name":"动漫 | 58动漫[js]","type":3,"api":"https://jihulab.com/yw88075/tvbox/-/raw/main/dr/lib/drpy2.min.js","ext":"https://jihulab.com/yw88075/tvbox/-/raw/main/dr/js/58动漫.js"},
{"key":"drpy_js_爱弹幕","name":"动漫 | 爱弹幕[js]","type":3,"api":"https://jihulab.com/yw88075/tvbox/-/raw/main/dr/lib/drpy2.min.js","ext":"https://jihulab.com/yw88075/tvbox/-/raw/main/dr/js/爱弹幕.js"},
{"key":"drpy_js_兔小贝","name":"动漫 | 兔小贝[js]","type":3,"api":"https://jihulab.com/yw88075/tvbox/-/raw/main/dr/lib/drpy2.min.js","ext":"https://jihulab.com/yw88075/tvbox/-/raw/main/dr/js/兔小贝.js"},
{"key":"drpy_js_AnFuns","name":"动漫 | AnFuns[js]","type":3,"api":"https://jihulab.com/yw88075/tvbox/-/raw/main/dr/lib/drpy2.min.js","ext":"https://jihulab.com/yw88075/tvbox/-/raw/main/dr/js/AnFuns.js"},
{"key":"drpy_js_NyaFun","name":"动漫 | NyaFun[js]","type":3,"api":"https://jihulab.com/yw88075/tvbox/-/raw/main/dr/lib/drpy2.min.js","ext":"https://jihulab.com/yw88075/tvbox/-/raw/main/dr/js/NyaFun.js"},
{"key":"drpy_js_NT动漫","name":"动漫 | NT动漫[js]","type":3,"api":"https://jihulab.com/yw88075/tvbox/-/raw/main/dr/lib/drpy2.min.js","ext":"https://jihulab.com/yw88075/tvbox/-/raw/main/dr/js/NT动漫.js"},
{"key":"drpy_js_动漫岛","name":"动漫 | 动漫岛[js]","type":3,"api":"https://jihulab.com/yw88075/tvbox/-/raw/main/dr/lib/drpy2.min.js","ext":"https://jihulab.com/yw88075/tvbox/-/raw/main/dr/js/动漫岛.js"},
{"key":"drpy_js_路漫漫","name":"动漫 | 路漫漫[js]","type":3,"api":"https://jihulab.com/yw88075/tvbox/-/raw/main/dr/lib/drpy2.min.js","ext":"https://jihulab.com/yw88075/tvbox/-/raw/main/dr/js/路漫漫.js"},
{"key":"drpy_js_去看吧","name":"动漫 | 去看吧[js]","type":3,"api":"https://jihulab.com/yw88075/tvbox/-/raw/main/dr/lib/drpy2.min.js","ext":"https://jihulab.com/yw88075/tvbox/-/raw/main/dr/js/去看吧.js"},
{"key":"drpy_js_嘶哩嘶哩","name":"动漫 | 嘶哩嘶哩[js]","type":3,"api":"https://jihulab.com/yw88075/tvbox/-/raw/main/dr/lib/drpy2.min.js","ext":"https://jihulab.com/yw88075/tvbox/-/raw/main/dr/js/嘶哩嘶哩.js"},
{"key":"drpy_js_奇米动漫","name":"动漫 | 奇米动漫[js]","type":3,"api":"https://jihulab.com/yw88075/tvbox/-/raw/main/dr/lib/drpy2.min.js","ext":"https://jihulab.com/yw88075/tvbox/-/raw/main/dr/js/奇米动漫.js"},
{"key":"drpy_js_妮可动漫","name":"动漫 | 妮可动漫[js]","type":3,"api":"https://jihulab.com/yw88075/tvbox/-/raw/main/dr/lib/drpy2.min.js","ext":"https://jihulab.com/yw88075/tvbox/-/raw/main/dr/js/妮可动漫.js"},
{"key":"drpy_js_怡萱动漫","name":"动漫 | 怡萱动漫[js]","type":3,"api":"https://jihulab.com/yw88075/tvbox/-/raw/main/dr/lib/drpy2.min.js","ext":"https://jihulab.com/yw88075/tvbox/-/raw/main/dr/js/怡萱动漫.js"},
{"key":"drpy_js_异世界动漫","name":"动漫 | 异世界动漫[js]","type":3,"api":"https://jihulab.com/yw88075/tvbox/-/raw/main/dr/lib/drpy2.min.js","ext":"https://jihulab.com/yw88075/tvbox/-/raw/main/dr/js/异世界动漫.js"},
{"key":"drpy_js_AGE动漫","name":"动漫 | AGE动漫[js]","type":3,"api":"https://jihulab.com/yw88075/tvbox/-/raw/main/dr/lib/drpy2.min.js","ext":"https://jihulab.com/yw88075/tvbox/-/raw/main/dr/js/AGE动漫.js"},
{"key":"drpy_js_omofun动漫","name":"动漫 | omofun动漫[js]","type":3,"api":"https://jihulab.com/yw88075/tvbox/-/raw/main/dr/lib/drpy2.min.js","ext":"https://jihulab.com/yw88075/tvbox/-/raw/main/dr/js/omofun动漫.js"},
{"key":"drpy_js_007影视","name":"影视 | 007影视[js]","type":3,"api":"https://jihulab.com/yw88075/tvbox/-/raw/main/dr/lib/drpy2.min.js","ext":"https://jihulab.com/yw88075/tvbox/-/raw/main/dr/js/007影视.js"},
{"key":"drpy_js_1080P","name":"影视 | 1080P[js]","type":3,"api":"https://jihulab.com/yw88075/tvbox/-/raw/main/dr/lib/drpy2.min.js","ext":"https://jihulab.com/yw88075/tvbox/-/raw/main/dr/js/1080P.js"},
{"key":"drpy_js_139影视","name":"影视 | 139影视[js]","type":3,"api":"https://jihulab.com/yw88075/tvbox/-/raw/main/dr/lib/drpy2.min.js","ext":"https://jihulab.com/yw88075/tvbox/-/raw/main/dr/js/139影视.js"},
{"key":"drpy_js_333影视","name":"影视 | 333影视[js]","type":3,"api":"https://jihulab.com/yw88075/tvbox/-/raw/main/dr/lib/drpy2.min.js","ext":"https://jihulab.com/yw88075/tvbox/-/raw/main/dr/js/333影视.js"},
{"key":"drpy_js_345看片","name":"影视 | 345看片[js]","type":3,"api":"https://jihulab.com/yw88075/tvbox/-/raw/main/dr/lib/drpy2.min.js","ext":"https://jihulab.com/yw88075/tvbox/-/raw/main/dr/js/345看片.js"},
{"key":"drpy_js_555影视[V2]","name":"影视 | 555影视[V2][js]","type":3,"api":"https://jihulab.com/yw88075/tvbox/-/raw/main/dr/lib/drpy2.min.js","ext":"https://jihulab.com/yw88075/tvbox/-/raw/main/dr/js/555影视[V2].js"},
{"key":"drpy_js_69美剧","name":"影视 | 69美剧[js]","type":3,"api":"https://jihulab.com/yw88075/tvbox/-/raw/main/dr/lib/drpy2.min.js","ext":"https://jihulab.com/yw88075/tvbox/-/raw/main/dr/js/69美剧.js"},
{"key":"drpy_js_8号影院","name":"影视 | 8号影院[js]","type":3,"api":"https://jihulab.com/yw88075/tvbox/-/raw/main/dr/lib/drpy2.min.js","ext":"https://jihulab.com/yw88075/tvbox/-/raw/main/dr/js/8号影院.js"},
{"key":"drpy_js_9U电影","name":"影视 | 9U电影[js]","type":3,"api":"https://jihulab.com/yw88075/tvbox/-/raw/main/dr/lib/drpy2.min.js","ext":"https://jihulab.com/yw88075/tvbox/-/raw/main/dr/js/9U电影.js"},
{"key":"drpy_js_FreeOK","name":"影视 | FreeOK[js]","type":3,"api":"https://jihulab.com/yw88075/tvbox/-/raw/main/dr/lib/drpy2.min.js","ext":"https://jihulab.com/yw88075/tvbox/-/raw/main/dr/js/FreeOK.js"},
{"key":"drpy_js_KOK影视","name":"影视 | KOK影视[js]","type":3,"api":"https://jihulab.com/yw88075/tvbox/-/raw/main/dr/lib/drpy2.min.js","ext":"https://jihulab.com/yw88075/tvbox/-/raw/main/dr/js/KOK影视.js"},
{"key":"drpy_js_NY影院","name":"影视 | NY影院[js]","type":3,"api":"https://jihulab.com/yw88075/tvbox/-/raw/main/dr/lib/drpy2.min.js","ext":"https://jihulab.com/yw88075/tvbox/-/raw/main/dr/js/NY影院.js"},
{"key":"drpy_js_vidhub","name":"影视 | vidhub[js]","type":3,"api":"https://jihulab.com/yw88075/tvbox/-/raw/main/dr/lib/drpy2.min.js","ext":"https://jihulab.com/yw88075/tvbox/-/raw/main/dr/js/vidhub.js"},
{"key":"drpy_js_爱迪影视","name":"影视 | 爱迪影视[js]","type":3,"api":"https://jihulab.com/yw88075/tvbox/-/raw/main/dr/lib/drpy2.min.js","ext":"https://jihulab.com/yw88075/tvbox/-/raw/main/dr/js/爱迪影视.js"},
{"key":"drpy_js_爱看电影","name":"影视 | 爱看电影[js]","type":3,"api":"https://jihulab.com/yw88075/tvbox/-/raw/main/dr/lib/drpy2.min.js","ext":"https://jihulab.com/yw88075/tvbox/-/raw/main/dr/js/爱看电影.js"},
{"key":"drpy_js_八蛋影视","name":"影视 | 八蛋影视[js]","type":3,"api":"https://jihulab.com/yw88075/tvbox/-/raw/main/dr/lib/drpy2.min.js","ext":"https://jihulab.com/yw88075/tvbox/-/raw/main/dr/js/八蛋影视.js"},
{"key":"drpy_js_布雷蓝光","name":"影视 | 布雷蓝光[js]","type":3,"api":"https://jihulab.com/yw88075/tvbox/-/raw/main/dr/lib/drpy2.min.js","ext":"https://jihulab.com/yw88075/tvbox/-/raw/main/dr/js/布雷蓝光.js"},
{"key":"drpy_js_超前点播","name":"影视 | 超前点播[js]","type":3,"api":"https://jihulab.com/yw88075/tvbox/-/raw/main/dr/lib/drpy2.min.js","ext":"https://jihulab.com/yw88075/tvbox/-/raw/main/dr/js/超前点播.js"},
{"key":"drpy_js_尘落影视","name":"影视 | 尘落影视[js]","type":3,"api":"https://jihulab.com/yw88075/tvbox/-/raw/main/dr/lib/drpy2.min.js","ext":"https://jihulab.com/yw88075/tvbox/-/raw/main/dr/js/尘落影视.js"},
{"key":"drpy_js_楚门影院","name":"影视 | 楚门影院[js]","type":3,"api":"https://jihulab.com/yw88075/tvbox/-/raw/main/dr/lib/drpy2.min.js","ext":"https://jihulab.com/yw88075/tvbox/-/raw/main/dr/js/楚门影院.js"},
{"key":"drpy_js_大米星球","name":"影视 | 大米星球[js]","type":3,"api":"https://jihulab.com/yw88075/tvbox/-/raw/main/dr/lib/drpy2.min.js","ext":"https://jihulab.com/yw88075/tvbox/-/raw/main/dr/js/大米星球.js"},
{"key":"drpy_js_大师兄影视","name":"影视 | 大师兄影视[js]","type":3,"api":"https://jihulab.com/yw88075/tvbox/-/raw/main/dr/lib/drpy2.min.js","ext":"https://jihulab.com/yw88075/tvbox/-/raw/main/dr/js/大师兄影视.js"},
{"key":"drpy_js_碟调影视","name":"影视 | 碟调影视[js]","type":3,"api":"https://jihulab.com/yw88075/tvbox/-/raw/main/dr/lib/drpy2.min.js","ext":"https://jihulab.com/yw88075/tvbox/-/raw/main/dr/js/碟调影视.js"},
{"key":"drpy_js_多瑙影视","name":"影视 | 多瑙影视[js]","type":3,"api":"https://jihulab.com/yw88075/tvbox/-/raw/main/dr/lib/drpy2.min.js","ext":"https://jihulab.com/yw88075/tvbox/-/raw/main/dr/js/多瑙影视.js","playerType":"2"},
{"key":"drpy_js_番茄影视","name":"影视 | 番茄影视[js]","type":3,"api":"https://jihulab.com/yw88075/tvbox/-/raw/main/dr/lib/drpy2.min.js","ext":"https://jihulab.com/yw88075/tvbox/-/raw/main/dr/js/番茄影视.js"},
{"key":"drpy_js_浮生半日","name":"影视 | 浮生半日[js]","type":3,"api":"https://jihulab.com/yw88075/tvbox/-/raw/main/dr/lib/drpy2.min.js","ext":"https://jihulab.com/yw88075/tvbox/-/raw/main/dr/js/浮生半日.js"},
{"key":"drpy_js_捷华影视","name":"影视 | 捷华影视[js]","type":3,"api":"https://jihulab.com/yw88075/tvbox/-/raw/main/dr/lib/drpy2.min.js","ext":"https://jihulab.com/yw88075/tvbox/-/raw/main/dr/js/捷华影视.js"},
{"key":"drpy_js_金曼影视","name":"影视 | 金曼影视[js]","type":3,"api":"https://jihulab.com/yw88075/tvbox/-/raw/main/dr/lib/drpy2.min.js","ext":"https://jihulab.com/yw88075/tvbox/-/raw/main/dr/js/金曼影视.js"},
{"key":"drpy_js_看BZ影视","name":"影视 | 看BZ影视[js]","type":3,"api":"https://jihulab.com/yw88075/tvbox/-/raw/main/dr/lib/drpy2.min.js","ext":"https://jihulab.com/yw88075/tvbox/-/raw/main/dr/js/看BZ影视.js"},
{"key":"drpy_js_看看电影","name":"影视 | 看看电影[js]","type":3,"api":"https://jihulab.com/yw88075/tvbox/-/raw/main/dr/lib/drpy2.min.js","ext":"https://jihulab.com/yw88075/tvbox/-/raw/main/dr/js/看看电影.js"},
{"key":"drpy_js_看了么","name":"影视 | 看了么[js]","type":3,"api":"https://jihulab.com/yw88075/tvbox/-/raw/main/dr/lib/drpy2.min.js","ext":"https://jihulab.com/yw88075/tvbox/-/raw/main/dr/js/看了么.js"},
{"key":"drpy_js_快云影院","name":"影视 | 快云影院[js]","type":3,"api":"https://jihulab.com/yw88075/tvbox/-/raw/main/dr/lib/drpy2.min.js","ext":"https://jihulab.com/yw88075/tvbox/-/raw/main/dr/js/快云影院.js"},
{"key":"drpy_js_来看点播","name":"影视 | 来看点播[js]","type":3,"api":"https://jihulab.com/yw88075/tvbox/-/raw/main/dr/lib/drpy2.min.js","ext":"https://jihulab.com/yw88075/tvbox/-/raw/main/dr/js/来看点播.js"},
{"key":"drpy_js_蓝光影院","name":"影视 | 蓝光影院[js]","type":3,"api":"https://jihulab.com/yw88075/tvbox/-/raw/main/dr/lib/drpy2.min.js","ext":"https://jihulab.com/yw88075/tvbox/-/raw/main/dr/js/蓝光影院.js"},
{"key":"drpy_js_利丽娅电影","name":"影视 | 利丽娅电影[js]","type":3,"api":"https://jihulab.com/yw88075/tvbox/-/raw/main/dr/lib/drpy2.min.js","ext":"https://jihulab.com/yw88075/tvbox/-/raw/main/dr/js/利丽娅电影.js"},
{"key":"drpy_js_麻花影视","name":"影视 | 麻花影视[js]","type":3,"api":"https://jihulab.com/yw88075/tvbox/-/raw/main/dr/lib/drpy2.min.js","ext":"https://jihulab.com/yw88075/tvbox/-/raw/main/dr/js/麻花影视.js"},
{"key":"drpy_js_蚂蚁影视","name":"影视 | 蚂蚁影视[js]","type":3,"api":"https://jihulab.com/yw88075/tvbox/-/raw/main/dr/lib/drpy2.min.js","ext":"https://jihulab.com/yw88075/tvbox/-/raw/main/dr/js/蚂蚁影视.js"},
{"key":"drpy_js_麦豆网","name":"影视 | 麦豆网[js]","type":3,"api":"https://jihulab.com/yw88075/tvbox/-/raw/main/dr/lib/drpy2.min.js","ext":"https://jihulab.com/yw88075/tvbox/-/raw/main/dr/js/麦豆.js"},
{"key":"drpy_js_麦豆com","name":"影视 | 麦豆com[js]","type":3,"api":"https://jihulab.com/yw88075/tvbox/-/raw/main/dr/lib/drpy2.min.js","ext":"https://jihulab.com/yw88075/tvbox/-/raw/main/dr/js/麦豆com.js"},
{"key":"drpy_js_萌蛋蛋[V2]","name":"影视 | 萌蛋蛋[V2][js]","type":3,"api":"https://jihulab.com/yw88075/tvbox/-/raw/main/dr/lib/drpy2.min.js","ext":"https://jihulab.com/yw88075/tvbox/-/raw/main/dr/js/萌蛋蛋[V2].js"},
{"key":"drpy_js_米宝影院","name":"影视 | 米宝影院[js]","type":3,"api":"https://jihulab.com/yw88075/tvbox/-/raw/main/dr/lib/drpy2.min.js","ext":"https://jihulab.com/yw88075/tvbox/-/raw/main/dr/js/米宝影院.js"},
{"key":"drpy_js_莫扎兔儿","name":"影视 | 莫扎兔儿[js]","type":3,"api":"https://jihulab.com/yw88075/tvbox/-/raw/main/dr/lib/drpy2.min.js","ext":"https://jihulab.com/yw88075/tvbox/-/raw/main/dr/js/莫扎兔.js"},
{"key":"drpy_js_南瓜影院","name":"影视 | 南瓜影院[js]","type":3,"api":"https://jihulab.com/yw88075/tvbox/-/raw/main/dr/lib/drpy2.min.js","ext":"https://jihulab.com/yw88075/tvbox/-/raw/main/dr/js/南瓜影院.js"},
{"key":"drpy_js_南柯电影","name":"影视 | 南柯电影[js]","type":3,"api":"https://jihulab.com/yw88075/tvbox/-/raw/main/dr/lib/drpy2.min.js","ext":"https://jihulab.com/yw88075/tvbox/-/raw/main/dr/js/南柯电影网.js"},
{"key":"drpy_js_胖虎影视","name":"影视 | 胖虎影视[js]","type":3,"api":"https://jihulab.com/yw88075/tvbox/-/raw/main/dr/lib/drpy2.min.js","ext":"https://jihulab.com/yw88075/tvbox/-/raw/main/dr/js/胖虎影视.js"},
{"key":"drpy_js_霹雳影视","name":"影视 | 霹雳影视[js]","type":3,"api":"https://jihulab.com/yw88075/tvbox/-/raw/main/dr/lib/drpy2.min.js","ext":"https://jihulab.com/yw88075/tvbox/-/raw/main/dr/js/霹雳影视.js"},
{"key":"drpy_js_七时影院","name":"影视 | 七时影院[js]","type":3,"api":"https://jihulab.com/yw88075/tvbox/-/raw/main/dr/lib/drpy2.min.js","ext":"https://jihulab.com/yw88075/tvbox/-/raw/main/dr/js/七小时影院.js"},
{"key":"drpy_js_起飞影院","name":"影视 | 起飞影院[js]","type":3,"api":"https://jihulab.com/yw88075/tvbox/-/raw/main/dr/lib/drpy2.min.js","ext":"https://jihulab.com/yw88075/tvbox/-/raw/main/dr/js/起飞影院.js"},
{"key":"drpy_js_人人影视","name":"影视 | 人人影视[js]","type":3,"api":"https://jihulab.com/yw88075/tvbox/-/raw/main/dr/lib/drpy2.min.js","ext":"https://jihulab.com/yw88075/tvbox/-/raw/main/dr/js/人人影视.js"},
{"key":"drpy_js_视觉影院","name":"影视 | 视觉影院[js]","type":3,"api":"https://jihulab.com/yw88075/tvbox/-/raw/main/dr/lib/drpy2.min.js","ext":"https://jihulab.com/yw88075/tvbox/-/raw/main/dr/js/视觉影院.js"},
{"key":"drpy_js_视中影视","name":"影视 | 视中影视[js]","type":3,"api":"https://jihulab.com/yw88075/tvbox/-/raw/main/dr/lib/drpy2.min.js","ext":"https://jihulab.com/yw88075/tvbox/-/raw/main/dr/js/视中心影视.js"},
{"key":"drpy_js_首播影院","name":"影视 | 首播影院[js]","type":3,"api":"https://jihulab.com/yw88075/tvbox/-/raw/main/dr/lib/drpy2.min.js","ext":"https://jihulab.com/yw88075/tvbox/-/raw/main/dr/js/首播影院.js"},
{"key":"drpy_js_双十电影","name":"影视 | 双十电影[js]","type":3,"api":"https://jihulab.com/yw88075/tvbox/-/raw/main/dr/lib/drpy2.min.js","ext":"https://jihulab.com/yw88075/tvbox/-/raw/main/dr/js/双十电影.js"},
{"key":"drpy_js_四个圈儿","name":"影视 | 四个圈儿[js]","type":3,"api":"https://jihulab.com/yw88075/tvbox/-/raw/main/dr/lib/drpy2.min.js","ext":"https://jihulab.com/yw88075/tvbox/-/raw/main/dr/js/四个圈影视.js"},
{"key":"drpy_js_天空影视","name":"影视 | 天空影视[js]","type":3,"api":"https://jihulab.com/yw88075/tvbox/-/raw/main/dr/lib/drpy2.min.js","ext":"https://jihulab.com/yw88075/tvbox/-/raw/main/dr/js/天空影视.js"},
{"key":"drpy_js_我爱电影","name":"影视 | 我爱电影[js]","type":3,"api":"https://jihulab.com/yw88075/tvbox/-/raw/main/dr/lib/drpy2.min.js","ext":"https://jihulab.com/yw88075/tvbox/-/raw/main/dr/js/我爱电影网.js"},
{"key":"drpy_js_我爱跟剧","name":"影视 | 我爱跟剧[js]","type":3,"api":"https://jihulab.com/yw88075/tvbox/-/raw/main/dr/lib/drpy2.min.js","ext":"https://jihulab.com/yw88075/tvbox/-/raw/main/dr/js/我爱跟剧.js"},
{"key":"drpy_js_溪谷影视","name":"影视 | 溪谷影视[js]","type":3,"api":"https://jihulab.com/yw88075/tvbox/-/raw/main/dr/lib/drpy2.min.js","ext":"https://jihulab.com/yw88075/tvbox/-/raw/main/dr/js/溪谷影视.js"},
{"key":"drpy_js_西瓜影视","name":"影视 | 西瓜影视[js]","type":3,"api":"https://jihulab.com/yw88075/tvbox/-/raw/main/dr/lib/drpy2.min.js","ext":"https://jihulab.com/yw88075/tvbox/-/raw/main/dr/js/西瓜影视.js"},
{"key":"drpy_js_小白菜儿","name":"影视 | 小白菜儿[js]","type":3,"api":"https://jihulab.com/yw88075/tvbox/-/raw/main/dr/lib/drpy2.min.js","ext":"https://jihulab.com/yw88075/tvbox/-/raw/main/dr/js/小白菜电影.js"},
{"key":"drpy_js_星辰影院","name":"影视 | 星辰影院[js]","type":3,"api":"https://jihulab.com/yw88075/tvbox/-/raw/main/dr/lib/drpy2.min.js","ext":"https://jihulab.com/yw88075/tvbox/-/raw/main/dr/js/星辰.js"},
{"key":"drpy_js_伊人追剧","name":"影视 | 伊人追剧[js]","type":3,"api":"https://jihulab.com/yw88075/tvbox/-/raw/main/dr/lib/drpy2.min.js","ext":"https://jihulab.com/yw88075/tvbox/-/raw/main/dr/js/伊人追剧.js"},
{"key":"drpy_js_追剧啦儿","name":"影视 | 追剧啦儿[js]","type":3,"api":"https://jihulab.com/yw88075/tvbox/-/raw/main/dr/lib/drpy2.min.js","ext":"https://jihulab.com/yw88075/tvbox/-/raw/main/dr/js/追剧啦.js"},
{"key":"drpy_js_子子影视","name":"影视 | 子子影视[js]","type":3,"api":"https://jihulab.com/yw88075/tvbox/-/raw/main/dr/lib/drpy2.min.js","ext":"https://jihulab.com/yw88075/tvbox/-/raw/main/dr/js/子子影视.js"},
{"key":"雲搜","name":"雲搜","type":3,"api":"csp_UpYun","searchable":1,"changeable":0},
{"key":"盤搜","name":"盤搜","type":3,"api":"csp_PanSou","searchable":1,"changeable":0},
{"key":"盤搜索","name":"盤搜索","type":3,"api":"csp_PanSearch","searchable":1,"changeable":0},
{"key":"找資源","name":"找資源","type":3,"api":"csp_Zhaozy","searchable":1,"changeable":0,"ext":"影視天下第一$$$test2$$$test2"},
{"key":"push_agent","name":"推送","type":3,"api":"csp_Push","searchable":1,"changeable":0},
{"key":"Live","name":"影视直播","type":3,"api":"csp_Live","ext":"2000"}],
"lives":[{"name":"太阳","type":0,"url":"http://111.67.196.181/zhibo.txt"}],
"doh":[
{"name":"Google","url":"https://dns.google/dns-query","ips":["8.8.4.4","8.8.8.8"]},
{"name":"Cloudflare","url":"https://cloudflare-dns.com/dns-query","ips":["1.1.1.1","1.0.0.1","2606:4700:4700::1111","2606:4700:4700::1001"]},
{"name":"AdGuard","url":"https://dns.adguard.com/dns-query","ips":["94.140.14.140","94.140.14.141"]},
{"name":"DNSWatch","url":"https://resolver2.dns.watch/dns-query","ips":["84.200.69.80","84.200.70.40"]},
{"name":"Quad9","url":"https://dns.quad9.net/dns-quer","ips":["9.9.9.9","149.112.112.112"]}],
"rules":[
{"name": "量子廣告","hosts": ["vip.lz","hd.lz"],"regex": ["#EXT-X-DISCONTINUITY\\r*\\n*#EXTINF:6.433333,[\\s\\S]*?#EXT-X-DISCONTINUITY"]},
{"name": "非凡廣告","hosts": ["vip.ffzy","hd.ffzy"],"regex": ["#EXT-X-DISCONTINUITY\\r*\\n*#EXTINF:6.666667,[\\s\\S]*?#EXT-X-DISCONTINUITY"]},
{"name": "火山嗅探","hosts": ["huoshan.com"],"regex": ["item_id="]},
{"name": "抖音嗅探","hosts": ["douyin.com"],"regex": ["is_play_url="]},
{"host":"www.djuu.com","rule":["mp4.djuu.com","m4a"]},
{"host":"www.sharenice.net","rule":["huoshan.com","/item/video/"],"filter":[]},
{"host":"www.sharenice.net","rule":["sovv.qianpailive.com","vid="],"filter":[]},
{"host":"www.sharenice.net","rule":["douyin.com","/play/"]},
{"host":"m.ysxs8.vip","rule":["ysting.ysxs8.vip:81","xmcdn.com"],"filter":[]},
{"host":"hdmoli.com","rule":[".m3u8"]},{"host":"https://api.live.bilibili.com","rule":["bilivideo.com","/index.m3u8"],"filter":["data.bilibili.com/log/web","i0.hdslb.com/bfs/live/"]},
{"host":"www.agemys.cc","rule":["cdn-tos","obj/tos-cn"]},
{"host":"www.fun4k.com","rule":["https://hd.ijycnd.com/play","index.m3u8"]},
{"host":"zjmiao.com","rule":["play.videomiao.vip/API.php","time=","key=","path="]}],
"parses":[
{"name":"777","type":0,"url":"https://jx.777jiexi.com/player/?url="},
{"name":"杰森","type":0,"url":"https://jx.jsonplayer.com/player/?url="}, 
{"name":"战狼","type":0,"url":"https://jx.zhanlangbu.com/?url="},
{"name":"ok","type":0,"url":"https://okjx.cc/?url="},
{"name":"bozrc","type":0,"url":"https://jx.bozrc.com:4433/player/?url=","ext":{"flag":["qq","腾讯","qiyi","爱奇艺","奇艺","youku","优酷","mgtv","芒果","letv","leshi","LS","pptv","PPTV","sohu","bilibili","哔哩哔哩","哔哩"],"header":{"User-Agent":""}}},
{"name":"不累","type":0,"url":"https://blbfq.f3322.net/player/analysis.php?v=","ext":{"flag":["qiyi","qq","letv","sohu","youku","mgtv","bilibili","wasu","xigua","1905"]}},
{"name":"cod","type":0,"url":"https://ksksl.codjx.com/?url="},
{"name":"byg解析","type":0,"url":"https://byg.ziqj5.shop/?url="},
{"name":"xmflv","type":0,"url":"https://jx.xmflv.com/?url="},
{"name":"365","type":0,"url":"https://chaxun.truechat365.com/?url=","ext":{"flag":["qq","腾讯","qiyi","iqiyi","爱奇艺","奇艺","youku","优酷","mgtv","芒果","letv","乐视","pptv","PPTV","sohu","bilibili","哔哩哔哩","哔哩"]}},
{"name":"26db","type":0,"url":"http://vip.26db.cn/g/?url="},
{"name":"看看","type":0,"url":"https://jx.m3u8.pw/?url="},
{"name":"FreeOK","type":0,"url":"https://play.86516.tk/OKPlayer/?url="},
{"name":"free","type":0,"url":"https://h5.freejson.xyz/player/?url="}],
"flags":["youku","qq","iqiyi","qiyi","letv","sohu","tudou","pptv","mgtv","wasu"],
"wallpaper": "http://饭太硬.top/深色壁纸/api.php"
//"wallpaper":"http://www.kf666888.cn/api/tvbox/img"
}